run_01_01	5.00e+01	5.00e+01	9.63e-05	2.70e+01	1.74e-23	0.00e+00	0.00e+00	0.00e+00	0.00e+00	0.00e+00	0.00e+00	0.00e+00	0.00e+00	0.00e+00	0.00e+00	0.00e+00	0.00e+00	4.99e+01	0.00e+00	0.00e+00	0.00e+00	1.52e-01	4.99e+01	8.02e-04
run_01_02	5.00e+01	1.00e+02	1.97e-04	2.70e+01	7.53e-24	1.51e+00	0.00e+00	0.00e+00	0.00e+00	0.00e+00	0.00e+00	0.00e+00	0.00e+00	0.00e+00	0.00e+00	0.00e+00	0.00e+00	1.62e+01	1.51e+00	0.00e+00	0.00e+00	6.46e+01	1.62e+01	1.64e-03
run_01_03	5.00e+01	1.50e+02	3.72e-04	2.70e+01	3.82e-24	6.73e+00	0.00e+00	0.00e+00	0.00e+00	0.00e+00	0.00e+00	0.00e+00	0.00e+00	0.00e+00	0.00e+00	0.00e+00	0.00e+00	1.28e+01	6.73e+00	0.00e+00	0.00e+00	6.09e+01	1.28e+01	3.10e-03
run_01_04	5.00e+01	2.00e+02	6.15e-04	2.70e+01	2.26e-24	8.58e+00	0.00e+00	0.00e+00	0.00e+00	0.00e+00	0.00e+00	0.00e+00	0.00e+00	0.00e+00	0.00e+00	0.00e+00	0.00e+00	1.18e+01	8.58e+00	0.00e+00	0.00e+00	5.92e+01	1.18e+01	5.12e-03
run_01_05	5.00e+01	2.50e+02	9.25e-04	2.60e+01	1.47e-24	9.37e+00	0.00e+00	0.00e+00	0.00e+00	0.00e+00	0.00e+00	0.00e+00	0.00e+00	0.00e+00	0.00e+00	0.00e+00	0.00e+00	1.14e+01	9.37e+00	0.00e+00	0.00e+00	5.85e+01	1.14e+01	7.71e-03
run_01_06	5.00e+01	3.00e+02	1.30e-03	2.60e+01	1.03e-24	9.79e+00	0.00e+00	0.00e+00	0.00e+00	0.00e+00	0.00e+00	0.00e+00	0.00e+00	0.00e+00	0.00e+00	0.00e+00	0.00e+00	1.12e+01	9.79e+00	0.00e+00	0.00e+00	5.81e+01	1.12e+01	1.08e-02
run_01_07	5.00e+01	3.50e+02	1.74e-03	2.60e+01	7.64e-25	1.00e+01	0.00e+00	0.00e+00	0.00e+00	0.00e+00	0.00e+00	0.00e+00	0.00e+00	0.00e+00	0.00e+00	0.00e+00	0.00e+00	1.10e+01	1.00e+01	0.00e+00	0.00e+00	5.79e+01	1.10e+01	1.45e-02
run_01_08	5.00e+01	4.00e+02	2.24e-03	2.60e+01	5.88e-25	1.02e+01	0.00e+00	0.00e+00	0.00e+00	0.00e+00	0.00e+00	0.00e+00	0.00e+00	0.00e+00	0.00e+00	0.00e+00	0.00e+00	1.10e+01	1.02e+01	0.00e+00	0.00e+00	5.77e+01	1.10e+01	1.87e-02
run_01_09	5.00e+01	4.50e+02	2.81e-03	2.60e+01	4.66e-25	1.03e+01	0.00e+00	0.00e+00	0.00e+00	0.00e+00	0.00e+00	0.00e+00	0.00e+00	0.00e+00	0.00e+00	0.00e+00	0.00e+00	1.09e+01	1.03e+01	0.00e+00	0.00e+00	5.76e+01	1.09e+01	2.34e-02
run_01_10	5.00e+01	5.00e+02	3.44e-03	2.60e+01	3.78e-25	1.04e+01	0.00e+00	0.00e+00	0.00e+00	0.00e+00	0.00e+00	0.00e+00	0.00e+00	0.00e+00	0.00e+00	0.00e+00	0.00e+00	1.09e+01	1.04e+01	0.00e+00	0.00e+00	5.75e+01	1.09e+01	2.86e-02
run_01_11	5.00e+01	5.50e+02	4.12e-03	2.60e+01	3.13e-25	1.04e+01	0.00e+00	0.00e+00	0.00e+00	0.00e+00	0.00e+00	0.00e+00	0.00e+00	0.00e+00	0.00e+00	0.00e+00	0.00e+00	1.08e+01	1.04e+01	0.00e+00	0.00e+00	5.75e+01	1.08e+01	3.44e-02
run_01_12	5.00e+01	6.00e+02	4.87e-03	2.60e+01	2.63e-25	1.05e+01	0.00e+00	0.00e+00	0.00e+00	0.00e+00	0.00e+00	0.00e+00	0.00e+00	0.00e+00	0.00e+00	0.00e+00	0.00e+00	1.08e+01	1.05e+01	0.00e+00	0.00e+00	5.74e+01	1.08e+01	4.06e-02
run_01_13	5.00e+01	6.50e+02	5.67e-03	2.50e+01	2.24e-25	1.05e+01	0.00e+00	0.00e+00	0.00e+00	0.00e+00	0.00e+00	0.00e+00	0.00e+00	0.00e+00	0.00e+00	0.00e+00	0.00e+00	1.08e+01	1.05e+01	0.00e+00	0.00e+00	5.74e+01	1.08e+01	4.73e-02
run_01_14	5.00e+01	7.00e+02	6.54e-03	2.50e+01	1.93e-25	1.05e+01	0.00e+00	0.00e+00	0.00e+00	0.00e+00	0.00e+00	0.00e+00	0.00e+00	0.00e+00	0.00e+00	0.00e+00	0.00e+00	1.08e+01	1.05e+01	0.00e+00	0.00e+00	5.74e+01	1.08e+01	5.45e-02
run_01_15	5.00e+01	7.50e+02	7.46e-03	2.50e+01	1.68e-25	1.06e+01	0.00e+00	0.00e+00	0.00e+00	0.00e+00	0.00e+00	0.00e+00	0.00e+00	0.00e+00	0.00e+00	0.00e+00	0.00e+00	1.08e+01	1.06e+01	0.00e+00	0.00e+00	5.74e+01	1.08e+01	6.22e-02
run_01_16	5.00e+01	8.00e+02	8.44e-03	2.50e+01	1.48e-25	1.06e+01	0.00e+00	0.00e+00	0.00e+00	0.00e+00	0.00e+00	0.00e+00	0.00e+00	0.00e+00	0.00e+00	0.00e+00	0.00e+00	1.08e+01	1.06e+01	0.00e+00	0.00e+00	5.74e+01	1.08e+01	7.03e-02
run_01_17	5.00e+01	8.50e+02	9.47e-03	2.50e+01	1.31e-25	1.06e+01	0.00e+00	0.00e+00	0.00e+00	0.00e+00	0.00e+00	0.00e+00	0.00e+00	0.00e+00	0.00e+00	0.00e+00	0.00e+00	1.07e+01	1.06e+01	0.00e+00	0.00e+00	5.73e+01	1.07e+01	7.89e-02
run_01_18	5.00e+01	9.00e+02	1.06e-02	2.50e+01	1.17e-25	1.06e+01	0.00e+00	0.00e+00	0.00e+00	0.00e+00	0.00e+00	0.00e+00	0.00e+00	0.00e+00	0.00e+00	0.00e+00	0.00e+00	1.07e+01	1.06e+01	0.00e+00	0.00e+00	5.73e+01	1.07e+01	8.80e-02
run_01_19	5.00e+01	9.50e+02	1.17e-02	2.50e+01	1.05e-25	1.06e+01	0.00e+00	0.00e+00	0.00e+00	0.00e+00	0.00e+00	0.00e+00	0.00e+00	0.00e+00	0.00e+00	0.00e+00	0.00e+00	1.07e+01	1.06e+01	0.00e+00	0.00e+00	5.73e+01	1.07e+01	9.76e-02
run_01_20	5.00e+01	1.00e+03	1.29e-02	2.50e+01	9.49e-26	1.06e+01	0.00e+00	0.00e+00	0.00e+00	0.00e+00	0.00e+00	0.00e+00	0.00e+00	0.00e+00	0.00e+00	0.00e+00	0.00e+00	1.07e+01	1.06e+01	0.00e+00	0.00e+00	5.73e+01	1.07e+01	1.08e-01
run_01_21	5.00e+01	1.05e+03	1.42e-02	2.50e+01	8.61e-26	1.06e+01	0.00e+00	0.00e+00	0.00e+00	0.00e+00	0.00e+00	0.00e+00	0.00e+00	0.00e+00	0.00e+00	0.00e+00	0.00e+00	1.07e+01	1.06e+01	0.00e+00	0.00e+00	5.73e+01	1.07e+01	1.18e-01
run_01_22	5.00e+01	1.10e+03	1.55e-02	2.50e+01	7.85e-26	1.06e+01	0.00e+00	0.00e+00	0.00e+00	0.00e+00	0.00e+00	0.00e+00	0.00e+00	0.00e+00	0.00e+00	0.00e+00	0.00e+00	1.07e+01	1.06e+01	0.00e+00	0.00e+00	5.73e+01	1.07e+01	1.29e-01
run_01_23	5.00e+01	1.15e+03	1.68e-02	2.50e+01	7.18e-26	1.06e+01	0.00e+00	0.00e+00	0.00e+00	0.00e+00	0.00e+00	0.00e+00	0.00e+00	0.00e+00	0.00e+00	0.00e+00	0.00e+00	1.07e+01	1.06e+01	0.00e+00	0.00e+00	5.73e+01	1.07e+01	1.40e-01
run_01_24	5.00e+01	1.20e+03	1.83e-02	2.50e+01	6.59e-26	1.06e+01	0.00e+00	0.00e+00	0.00e+00	0.00e+00	0.00e+00	0.00e+00	0.00e+00	0.00e+00	0.00e+00	0.00e+00	0.00e+00	1.07e+01	1.06e+01	0.00e+00	0.00e+00	5.73e+01	1.07e+01	1.52e-01
run_01_25	5.00e+01	1.25e+03	1.97e-02	2.50e+01	6.08e-26	1.06e+01	0.00e+00	0.00e+00	0.00e+00	0.00e+00	0.00e+00	0.00e+00	0.00e+00	0.00e+00	0.00e+00	0.00e+00	0.00e+00	1.07e+01	1.06e+01	0.00e+00	0.00e+00	5.73e+01	1.07e+01	1.64e-01
run_01_26	1.00e+02	5.00e+01	2.24e-06	3.10e+01	6.69e-22	0.00e+00	0.00e+00	0.00e+00	0.00e+00	0.00e+00	0.00e+00	0.00e+00	0.00e+00	0.00e+00	0.00e+00	0.00e+00	0.00e+00	5.00e+01	0.00e+00	0.00e+00	0.00e+00	0.00e+00	5.00e+01	1.87e-05
run_01_27	1.00e+02	1.00e+02	3.31e-04	2.70e+01	4.78e-24	4.28e+00	0.00e+00	0.00e+00	0.00e+00	0.00e+00	0.00e+00	0.00e+00	0.00e+00	0.00e+00	0.00e+00	0.00e+00	0.00e+00	4.57e+01	4.28e+00	0.00e+00	0.00e+00	1.39e-01	4.57e+01	2.75e-03
run_01_28	1.00e+02	1.50e+02	3.99e-04	2.70e+01	3.61e-24	8.82e+00	0.00e+00	0.00e+00	0.00e+00	0.00e+00	0.00e+00	0.00e+00	0.00e+00	0.00e+00	0.00e+00	0.00e+00	0.00e+00	1.68e+01	8.82e+00	0.00e+00	0.00e+00	4.88e+01	1.68e+01	3.33e-03
run_01_29	1.00e+02	2.00e+02	6.29e-04	2.70e+01	2.22e-24	9.75e+00	0.00e+00	0.00e+00	0.00e+00	0.00e+00	0.00e+00	0.00e+00	0.00e+00	0.00e+00	0.00e+00	0.00e+00	0.00e+00	1.34e+01	9.75e+00	0.00e+00	0.00e+00	5.37e+01	1.34e+01	5.25e-03
run_01_30	1.00e+02	2.50e+02	9.36e-04	2.60e+01	1.46e-24	1.01e+01	0.00e+00	0.00e+00	0.00e+00	0.00e+00	0.00e+00	0.00e+00	0.00e+00	0.00e+00	0.00e+00	0.00e+00	0.00e+00	1.23e+01	1.01e+01	0.00e+00	0.00e+00	5.52e+01	1.23e+01	7.80e-03
run_01_31	1.00e+02	3.00e+02	1.31e-03	2.60e+01	1.03e-24	1.03e+01	0.00e+00	0.00e+00	0.00e+00	0.00e+00	0.00e+00	0.00e+00	0.00e+00	0.00e+00	0.00e+00	0.00e+00	0.00e+00	1.17e+01	1.03e+01	0.00e+00	0.00e+00	5.59e+01	1.17e+01	1.09e-02
run_01_32	1.00e+02	3.50e+02	1.75e-03	2.60e+01	7.62e-25	1.04e+01	0.00e+00	0.00e+00	0.00e+00	0.00e+00	0.00e+00	0.00e+00	0.00e+00	0.00e+00	0.00e+00	0.00e+00	0.00e+00	1.14e+01	1.04e+01	0.00e+00	0.00e+00	5.63e+01	1.14e+01	1.46e-02
run_01_33	1.00e+02	4.00e+02	2.25e-03	2.60e+01	5.87e-25	1.05e+01	0.00e+00	0.00e+00	0.00e+00	0.00e+00	0.00e+00	0.00e+00	0.00e+00	0.00e+00	0.00e+00	0.00e+00	0.00e+00	1.13e+01	1.05e+01	0.00e+00	0.00e+00	5.65e+01	1.13e+01	1.88e-02
run_01_34	1.00e+02	4.50e+02	2.82e-03	2.60e+01	4.65e-25	1.05e+01	0.00e+00	0.00e+00	0.00e+00	0.00e+00	0.00e+00	0.00e+00	0.00e+00	0.00e+00	0.00e+00	0.00e+00	0.00e+00	1.11e+01	1.05e+01	0.00e+00	0.00e+00	5.67e+01	1.11e+01	2.35e-02
run_01_35	1.00e+02	5.00e+02	3.44e-03	2.60e+01	3.78e-25	1.06e+01	0.00e+00	0.00e+00	0.00e+00	0.00e+00	0.00e+00	0.00e+00	0.00e+00	0.00e+00	0.00e+00	0.00e+00	0.00e+00	1.10e+01	1.06e+01	0.00e+00	0.00e+00	5.68e+01	1.10e+01	2.87e-02
run_01_36	1.00e+02	5.50e+02	4.13e-03	2.60e+01	3.13e-25	1.06e+01	0.00e+00	0.00e+00	0.00e+00	0.00e+00	0.00e+00	0.00e+00	0.00e+00	0.00e+00	0.00e+00	0.00e+00	0.00e+00	1.10e+01	1.06e+01	0.00e+00	0.00e+00	5.69e+01	1.10e+01	3.44e-02
run_01_37	1.00e+02	6.00e+02	4.87e-03	2.60e+01	2.63e-25	1.06e+01	0.00e+00	0.00e+00	0.00e+00	0.00e+00	0.00e+00	0.00e+00	0.00e+00	0.00e+00	0.00e+00	0.00e+00	0.00e+00	1.09e+01	1.06e+01	0.00e+00	0.00e+00	5.69e+01	1.09e+01	4.06e-02
run_01_38	1.00e+02	6.50e+02	5.68e-03	2.50e+01	2.24e-25	1.06e+01	0.00e+00	0.00e+00	0.00e+00	0.00e+00	0.00e+00	0.00e+00	0.00e+00	0.00e+00	0.00e+00	0.00e+00	0.00e+00	1.09e+01	1.06e+01	0.00e+00	0.00e+00	5.70e+01	1.09e+01	4.73e-02
run_01_39	1.00e+02	7.00e+02	6.54e-03	2.50e+01	1.93e-25	1.06e+01	0.00e+00	0.00e+00	0.00e+00	0.00e+00	0.00e+00	0.00e+00	0.00e+00	0.00e+00	0.00e+00	0.00e+00	0.00e+00	1.09e+01	1.06e+01	0.00e+00	0.00e+00	5.70e+01	1.09e+01	5.45e-02
run_01_40	1.00e+02	7.50e+02	7.46e-03	2.50e+01	1.68e-25	1.06e+01	0.00e+00	0.00e+00	0.00e+00	0.00e+00	0.00e+00	0.00e+00	0.00e+00	0.00e+00	0.00e+00	0.00e+00	0.00e+00	1.08e+01	1.06e+01	0.00e+00	0.00e+00	5.70e+01	1.08e+01	6.22e-02
run_01_41	1.00e+02	8.00e+02	8.44e-03	2.50e+01	1.48e-25	1.06e+01	0.00e+00	0.00e+00	0.00e+00	0.00e+00	0.00e+00	0.00e+00	0.00e+00	0.00e+00	0.00e+00	0.00e+00	0.00e+00	1.08e+01	1.06e+01	0.00e+00	0.00e+00	5.71e+01	1.08e+01	7.03e-02
run_01_42	1.00e+02	8.50e+02	9.48e-03	2.50e+01	1.31e-25	1.06e+01	0.00e+00	0.00e+00	0.00e+00	0.00e+00	0.00e+00	0.00e+00	0.00e+00	0.00e+00	0.00e+00	0.00e+00	0.00e+00	1.08e+01	1.06e+01	0.00e+00	0.00e+00	5.71e+01	1.08e+01	7.90e-02
run_01_43	1.00e+02	9.00e+02	1.06e-02	2.50e+01	1.17e-25	1.07e+01	0.00e+00	0.00e+00	0.00e+00	0.00e+00	0.00e+00	0.00e+00	0.00e+00	0.00e+00	0.00e+00	0.00e+00	0.00e+00	1.08e+01	1.07e+01	0.00e+00	0.00e+00	5.71e+01	1.08e+01	8.81e-02
run_01_44	1.00e+02	9.50e+02	1.17e-02	2.50e+01	1.05e-25	1.07e+01	0.00e+00	0.00e+00	0.00e+00	0.00e+00	0.00e+00	0.00e+00	0.00e+00	0.00e+00	0.00e+00	0.00e+00	0.00e+00	1.08e+01	1.07e+01	0.00e+00	0.00e+00	5.71e+01	1.08e+01	9.76e-02
run_01_45	1.00e+02	1.00e+03	1.29e-02	2.50e+01	9.49e-26	1.07e+01	0.00e+00	0.00e+00	0.00e+00	0.00e+00	0.00e+00	0.00e+00	0.00e+00	0.00e+00	0.00e+00	0.00e+00	0.00e+00	1.08e+01	1.07e+01	0.00e+00	0.00e+00	5.71e+01	1.08e+01	1.08e-01
run_01_46	1.00e+02	1.05e+03	1.42e-02	2.50e+01	8.61e-26	1.07e+01	0.00e+00	0.00e+00	0.00e+00	0.00e+00	0.00e+00	0.00e+00	0.00e+00	0.00e+00	0.00e+00	0.00e+00	0.00e+00	1.08e+01	1.07e+01	0.00e+00	0.00e+00	5.71e+01	1.08e+01	1.18e-01
run_01_47	1.00e+02	1.10e+03	1.55e-02	2.50e+01	7.84e-26	1.07e+01	0.00e+00	0.00e+00	0.00e+00	0.00e+00	0.00e+00	0.00e+00	0.00e+00	0.00e+00	0.00e+00	0.00e+00	0.00e+00	1.08e+01	1.07e+01	0.00e+00	0.00e+00	5.71e+01	1.08e+01	1.29e-01
run_01_48	1.00e+02	1.15e+03	1.68e-02	2.50e+01	7.18e-26	1.07e+01	0.00e+00	0.00e+00	0.00e+00	0.00e+00	0.00e+00	0.00e+00	0.00e+00	0.00e+00	0.00e+00	0.00e+00	0.00e+00	1.08e+01	1.07e+01	0.00e+00	0.00e+00	5.72e+01	1.08e+01	1.40e-01
run_01_49	1.00e+02	1.20e+03	1.83e-02	2.50e+01	6.59e-26	1.07e+01	0.00e+00	0.00e+00	0.00e+00	0.00e+00	0.00e+00	0.00e+00	0.00e+00	0.00e+00	0.00e+00	0.00e+00	0.00e+00	1.08e+01	1.07e+01	0.00e+00	0.00e+00	5.72e+01	1.08e+01	1.52e-01
run_01_50	1.00e+02	1.25e+03	1.97e-02	2.50e+01	6.08e-26	1.07e+01	0.00e+00	0.00e+00	0.00e+00	0.00e+00	0.00e+00	0.00e+00	0.00e+00	0.00e+00	0.00e+00	0.00e+00	0.00e+00	1.07e+01	1.07e+01	0.00e+00	0.00e+00	5.72e+01	1.07e+01	1.65e-01
run_01_51	1.50e+02	5.00e+01	2.62e-04	2.60e+01	6.01e-24	0.00e+00	0.00e+00	0.00e+00	0.00e+00	0.00e+00	0.00e+00	0.00e+00	0.00e+00	0.00e+00	0.00e+00	0.00e+00	0.00e+00	5.00e+01	0.00e+00	0.00e+00	0.00e+00	0.00e+00	5.00e+01	2.18e-03
run_01_52	1.50e+02	1.00e+02	1.37e-04	2.70e+01	9.83e-24	4.28e+00	0.00e+00	0.00e+00	0.00e+00	0.00e+00	0.00e+00	0.00e+00	0.00e+00	0.00e+00	0.00e+00	0.00e+00	0.00e+00	4.57e+01	4.28e+00	0.00e+00	0.00e+00	0.00e+00	4.57e+01	1.14e-03
run_01_53	1.50e+02	1.50e+02	5.40e-04	2.60e+01	2.75e-24	1.72e+01	0.00e+00	0.00e+00	0.00e+00	0.00e+00	0.00e+00	0.00e+00	0.00e+00	0.00e+00	0.00e+00	0.00e+00	0.00e+00	3.27e+01	1.72e+01	0.00e+00	0.00e+00	1.11e-01	3.27e+01	4.50e-03
run_01_54	1.50e+02	2.00e+02	6.79e-04	2.70e+01	2.08e-24	1.28e+01	0.00e+00	0.00e+00	0.00e+00	0.00e+00	0.00e+00	0.00e+00	0.00e+00	0.00e+00	0.00e+00	0.00e+00	0.00e+00	1.76e+01	1.28e+01	0.00e+00	0.00e+00	3.92e+01	1.76e+01	5.66e-03
run_01_55	1.50e+02	2.50e+02	9.64e-04	2.60e+01	1.43e-24	1.17e+01	0.00e+00	0.00e+00	0.00e+00	0.00e+00	0.00e+00	0.00e+00	0.00e+00	0.00e+00	0.00e+00	0.00e+00	0.00e+00	1.42e+01	1.17e+01	0.00e+00	0.00e+00	4.81e+01	1.42e+01	8.04e-03
run_01_56	1.50e+02	3.00e+02	1.33e-03	2.60e+01	1.02e-24	1.13e+01	0.00e+00	0.00e+00	0.00e+00	0.00e+00	0.00e+00	0.00e+00	0.00e+00	0.00e+00	0.00e+00	0.00e+00	0.00e+00	1.29e+01	1.13e+01	0.00e+00	0.00e+00	5.16e+01	1.29e+01	1.11e-02
run_01_57	1.50e+02	3.50e+02	1.76e-03	2.60e+01	7.57e-25	1.11e+01	0.00e+00	0.00e+00	0.00e+00	0.00e+00	0.00e+00	0.00e+00	0.00e+00	0.00e+00	0.00e+00	0.00e+00	0.00e+00	1.22e+01	1.11e+01	0.00e+00	0.00e+00	5.33e+01	1.22e+01	1.47e-02
run_01_58	1.50e+02	4.00e+02	2.26e-03	2.60e+01	5.84e-25	1.10e+01	0.00e+00	0.00e+00	0.00e+00	0.00e+00	0.00e+00	0.00e+00	0.00e+00	0.00e+00	0.00e+00	0.00e+00	0.00e+00	1.18e+01	1.10e+01	0.00e+00	0.00e+00	5.43e+01	1.18e+01	1.89e-02
run_01_59	1.50e+02	4.50e+02	2.83e-03	2.60e+01	4.64e-25	1.09e+01	0.00e+00	0.00e+00	0.00e+00	0.00e+00	0.00e+00	0.00e+00	0.00e+00	0.00e+00	0.00e+00	0.00e+00	0.00e+00	1.16e+01	1.09e+01	0.00e+00	0.00e+00	5.50e+01	1.16e+01	2.36e-02
run_01_60	1.50e+02	5.00e+02	3.45e-03	2.60e+01	3.77e-25	1.09e+01	0.00e+00	0.00e+00	0.00e+00	0.00e+00	0.00e+00	0.00e+00	0.00e+00	0.00e+00	0.00e+00	0.00e+00	0.00e+00	1.14e+01	1.09e+01	0.00e+00	0.00e+00	5.55e+01	1.14e+01	2.88e-02
run_01_61	1.50e+02	5.50e+02	4.14e-03	2.60e+01	3.12e-25	1.08e+01	0.00e+00	0.00e+00	0.00e+00	0.00e+00	0.00e+00	0.00e+00	0.00e+00	0.00e+00	0.00e+00	0.00e+00	0.00e+00	1.13e+01	1.08e+01	0.00e+00	0.00e+00	5.58e+01	1.13e+01	3.45e-02
run_01_62	1.50e+02	6.00e+02	4.88e-03	2.60e+01	2.63e-25	1.08e+01	0.00e+00	0.00e+00	0.00e+00	0.00e+00	0.00e+00	0.00e+00	0.00e+00	0.00e+00	0.00e+00	0.00e+00	0.00e+00	1.12e+01	1.08e+01	0.00e+00	0.00e+00	5.60e+01	1.12e+01	4.07e-02
run_01_63	1.50e+02	6.50e+02	5.69e-03	2.50e+01	2.24e-25	1.08e+01	0.00e+00	0.00e+00	0.00e+00	0.00e+00	0.00e+00	0.00e+00	0.00e+00	0.00e+00	0.00e+00	0.00e+00	0.00e+00	1.11e+01	1.08e+01	0.00e+00	0.00e+00	5.62e+01	1.11e+01	4.74e-02
run_01_64	1.50e+02	7.00e+02	6.55e-03	2.50e+01	1.93e-25	1.08e+01	0.00e+00	0.00e+00	0.00e+00	0.00e+00	0.00e+00	0.00e+00	0.00e+00	0.00e+00	0.00e+00	0.00e+00	0.00e+00	1.10e+01	1.08e+01	0.00e+00	0.00e+00	5.64e+01	1.10e+01	5.46e-02
run_01_65	1.50e+02	7.50e+02	7.47e-03	2.50e+01	1.68e-25	1.08e+01	0.00e+00	0.00e+00	0.00e+00	0.00e+00	0.00e+00	0.00e+00	0.00e+00	0.00e+00	0.00e+00	0.00e+00	0.00e+00	1.10e+01	1.08e+01	0.00e+00	0.00e+00	5.65e+01	1.10e+01	6.23e-02
run_01_66	1.50e+02	8.00e+02	8.45e-03	2.50e+01	1.48e-25	1.08e+01	0.00e+00	0.00e+00	0.00e+00	0.00e+00	0.00e+00	0.00e+00	0.00e+00	0.00e+00	0.00e+00	0.00e+00	0.00e+00	1.10e+01	1.08e+01	0.00e+00	0.00e+00	5.66e+01	1.10e+01	7.04e-02
run_01_67	1.50e+02	8.50e+02	9.48e-03	2.50e+01	1.31e-25	1.08e+01	0.00e+00	0.00e+00	0.00e+00	0.00e+00	0.00e+00	0.00e+00	0.00e+00	0.00e+00	0.00e+00	0.00e+00	0.00e+00	1.09e+01	1.08e+01	0.00e+00	0.00e+00	5.67e+01	1.09e+01	7.90e-02
run_01_68	1.50e+02	9.00e+02	1.06e-02	2.50e+01	1.17e-25	1.07e+01	0.00e+00	0.00e+00	0.00e+00	0.00e+00	0.00e+00	0.00e+00	0.00e+00	0.00e+00	0.00e+00	0.00e+00	0.00e+00	1.09e+01	1.07e+01	0.00e+00	0.00e+00	5.67e+01	1.09e+01	8.81e-02
run_01_69	1.50e+02	9.50e+02	1.17e-02	2.50e+01	1.05e-25	1.07e+01	0.00e+00	0.00e+00	0.00e+00	0.00e+00	0.00e+00	0.00e+00	0.00e+00	0.00e+00	0.00e+00	0.00e+00	0.00e+00	1.09e+01	1.07e+01	0.00e+00	0.00e+00	5.68e+01	1.09e+01	9.77e-02
run_01_70	1.50e+02	1.00e+03	1.29e-02	2.50e+01	9.48e-26	1.07e+01	0.00e+00	0.00e+00	0.00e+00	0.00e+00	0.00e+00	0.00e+00	0.00e+00	0.00e+00	0.00e+00	0.00e+00	0.00e+00	1.09e+01	1.07e+01	0.00e+00	0.00e+00	5.68e+01	1.09e+01	1.08e-01
run_01_71	1.50e+02	1.05e+03	1.42e-02	2.50e+01	8.60e-26	1.07e+01	0.00e+00	0.00e+00	0.00e+00	0.00e+00	0.00e+00	0.00e+00	0.00e+00	0.00e+00	0.00e+00	0.00e+00	0.00e+00	1.08e+01	1.07e+01	0.00e+00	0.00e+00	5.69e+01	1.08e+01	1.18e-01
run_01_72	1.50e+02	1.10e+03	1.55e-02	2.50e+01	7.84e-26	1.07e+01	0.00e+00	0.00e+00	0.00e+00	0.00e+00	0.00e+00	0.00e+00	0.00e+00	0.00e+00	0.00e+00	0.00e+00	0.00e+00	1.08e+01	1.07e+01	0.00e+00	0.00e+00	5.69e+01	1.08e+01	1.29e-01
run_01_73	1.50e+02	1.15e+03	1.69e-02	2.50e+01	7.18e-26	1.07e+01	0.00e+00	0.00e+00	0.00e+00	0.00e+00	0.00e+00	0.00e+00	0.00e+00	0.00e+00	0.00e+00	0.00e+00	0.00e+00	1.08e+01	1.07e+01	0.00e+00	0.00e+00	5.69e+01	1.08e+01	1.40e-01
run_01_74	1.50e+02	1.20e+03	1.83e-02	2.50e+01	6.59e-26	1.07e+01	0.00e+00	0.00e+00	0.00e+00	0.00e+00	0.00e+00	0.00e+00	0.00e+00	0.00e+00	0.00e+00	0.00e+00	0.00e+00	1.08e+01	1.07e+01	0.00e+00	0.00e+00	5.69e+01	1.08e+01	1.52e-01
run_01_75	1.50e+02	1.25e+03	1.97e-02	2.50e+01	6.08e-26	1.07e+01	0.00e+00	0.00e+00	0.00e+00	0.00e+00	0.00e+00	0.00e+00	0.00e+00	0.00e+00	0.00e+00	0.00e+00	0.00e+00	1.08e+01	1.07e+01	0.00e+00	0.00e+00	5.70e+01	1.08e+01	1.65e-01
run_01_76	2.00e+02	5.00e+01	1.43e-03	2.40e+01	9.90e-25	0.00e+00	0.00e+00	0.00e+00	0.00e+00	0.00e+00	0.00e+00	0.00e+00	0.00e+00	0.00e+00	0.00e+00	0.00e+00	0.00e+00	5.00e+01	0.00e+00	0.00e+00	0.00e+00	0.00e+00	5.00e+01	1.19e-02
run_01_77	2.00e+02	1.00e+02	2.27e-06	3.20e+01	5.61e-22	4.27e+00	0.00e+00	0.00e+00	0.00e+00	0.00e+00	0.00e+00	0.00e+00	0.00e+00	0.00e+00	0.00e+00	0.00e+00	0.00e+00	4.57e+01	4.27e+00	0.00e+00	0.00e+00	0.00e+00	4.57e+01	1.89e-05
run_01_78	2.00e+02	1.50e+02	3.36e-04	2.70e+01	3.93e-24	1.72e+01	0.00e+00	0.00e+00	0.00e+00	0.00e+00	0.00e+00	0.00e+00	0.00e+00	0.00e+00	0.00e+00	0.00e+00	0.00e+00	3.28e+01	1.72e+01	0.00e+00	0.00e+00	0.00e+00	3.28e+01	2.80e-03
run_01_79	2.00e+02	2.00e+02	8.44e-04	2.60e+01	1.71e-24	2.10e+01	0.00e+00	0.00e+00	0.00e+00	0.00e+00	0.00e+00	0.00e+00	0.00e+00	0.00e+00	0.00e+00	0.00e+00	0.00e+00	2.89e+01	2.10e+01	0.00e+00	0.00e+00	9.82e-02	2.89e+01	7.03e-03
run_01_80	2.00e+02	2.50e+02	1.04e-03	2.60e+01	1.34e-24	1.52e+01	0.00e+00	0.00e+00	0.00e+00	0.00e+00	0.00e+00	0.00e+00	0.00e+00	0.00e+00	0.00e+00	0.00e+00	0.00e+00	1.84e+01	1.52e+01	0.00e+00	0.00e+00	3.28e+01	1.84e+01	8.69e-03
run_01_81	2.00e+02	3.00e+02	1.38e-03	2.60e+01	9.90e-25	1.32e+01	0.00e+00	0.00e+00	0.00e+00	0.00e+00	0.00e+00	0.00e+00	0.00e+00	0.00e+00	0.00e+00	0.00e+00	0.00e+00	1.50e+01	1.32e+01	0.00e+00	0.00e+00	4.36e+01	1.50e+01	1.15e-02
run_01_82	2.00e+02	3.50e+02	1.80e-03	2.60e+01	7.47e-25	1.23e+01	0.00e+00	0.00e+00	0.00e+00	0.00e+00	0.00e+00	0.00e+00	0.00e+00	0.00e+00	0.00e+00	0.00e+00	0.00e+00	1.35e+01	1.23e+01	0.00e+00	0.00e+00	4.83e+01	1.35e+01	1.50e-02
run_01_83	2.00e+02	4.00e+02	2.29e-03	2.60e+01	5.79e-25	1.18e+01	0.00e+00	0.00e+00	0.00e+00	0.00e+00	0.00e+00	0.00e+00	0.00e+00	0.00e+00	0.00e+00	0.00e+00	0.00e+00	1.27e+01	1.18e+01	0.00e+00	0.00e+00	5.09e+01	1.27e+01	1.91e-02
run_01_84	2.00e+02	4.50e+02	2.85e-03	2.60e+01	4.61e-25	1.16e+01	0.00e+00	0.00e+00	0.00e+00	0.00e+00	0.00e+00	0.00e+00	0.00e+00	0.00e+00	0.00e+00	0.00e+00	0.00e+00	1.22e+01	1.16e+01	0.00e+00	0.00e+00	5.24e+01	1.22e+01	2.38e-02
run_01_85	2.00e+02	5.00e+02	3.47e-03	2.60e+01	3.75e-25	1.14e+01	0.00e+00	0.00e+00	0.00e+00	0.00e+00	0.00e+00	0.00e+00	0.00e+00	0.00e+00	0.00e+00	0.00e+00	0.00e+00	1.19e+01	1.14e+01	0.00e+00	0.00e+00	5.34e+01	1.19e+01	2.89e-02
run_01_86	2.00e+02	5.50e+02	4.16e-03	2.60e+01	3.11e-25	1.12e+01	0.00e+00	0.00e+00	0.00e+00	0.00e+00	0.00e+00	0.00e+00	0.00e+00	0.00e+00	0.00e+00	0.00e+00	0.00e+00	1.17e+01	1.12e+01	0.00e+00	0.00e+00	5.42e+01	1.17e+01	3.46e-02
run_01_87	2.00e+02	6.00e+02	4.90e-03	2.60e+01	2.62e-25	1.11e+01	0.00e+00	0.00e+00	0.00e+00	0.00e+00	0.00e+00	0.00e+00	0.00e+00	0.00e+00	0.00e+00	0.00e+00	0.00e+00	1.15e+01	1.11e+01	0.00e+00	0.00e+00	5.47e+01	1.15e+01	4.08e-02
run_01_88	2.00e+02	6.50e+02	5.70e-03	2.50e+01	2.23e-25	1.11e+01	0.00e+00	0.00e+00	0.00e+00	0.00e+00	0.00e+00	0.00e+00	0.00e+00	0.00e+00	0.00e+00	0.00e+00	0.00e+00	1.14e+01	1.11e+01	0.00e+00	0.00e+00	5.51e+01	1.14e+01	4.75e-02
run_01_89	2.00e+02	7.00e+02	6.57e-03	2.50e+01	1.93e-25	1.10e+01	0.00e+00	0.00e+00	0.00e+00	0.00e+00	0.00e+00	0.00e+00	0.00e+00	0.00e+00	0.00e+00	0.00e+00	0.00e+00	1.13e+01	1.10e+01	0.00e+00	0.00e+00	5.54e+01	1.13e+01	5.47e-02
run_01_90	2.00e+02	7.50e+02	7.49e-03	2.50e+01	1.68e-25	1.10e+01	0.00e+00	0.00e+00	0.00e+00	0.00e+00	0.00e+00	0.00e+00	0.00e+00	0.00e+00	0.00e+00	0.00e+00	0.00e+00	1.12e+01	1.10e+01	0.00e+00	0.00e+00	5.57e+01	1.12e+01	6.24e-02
run_01_91	2.00e+02	8.00e+02	8.46e-03	2.50e+01	1.48e-25	1.09e+01	0.00e+00	0.00e+00	0.00e+00	0.00e+00	0.00e+00	0.00e+00	0.00e+00	0.00e+00	0.00e+00	0.00e+00	0.00e+00	1.11e+01	1.09e+01	0.00e+00	0.00e+00	5.59e+01	1.11e+01	7.05e-02
run_01_92	2.00e+02	8.50e+02	9.50e-03	2.50e+01	1.31e-25	1.09e+01	0.00e+00	0.00e+00	0.00e+00	0.00e+00	0.00e+00	0.00e+00	0.00e+00	0.00e+00	0.00e+00	0.00e+00	0.00e+00	1.11e+01	1.09e+01	0.00e+00	0.00e+00	5.60e+01	1.11e+01	7.91e-02
run_01_93	2.00e+02	9.00e+02	1.06e-02	2.50e+01	1.17e-25	1.09e+01	0.00e+00	0.00e+00	0.00e+00	0.00e+00	0.00e+00	0.00e+00	0.00e+00	0.00e+00	0.00e+00	0.00e+00	0.00e+00	1.10e+01	1.09e+01	0.00e+00	0.00e+00	5.62e+01	1.10e+01	8.82e-02
run_01_94	2.00e+02	9.50e+02	1.17e-02	2.50e+01	1.05e-25	1.09e+01	0.00e+00	0.00e+00	0.00e+00	0.00e+00	0.00e+00	0.00e+00	0.00e+00	0.00e+00	0.00e+00	0.00e+00	0.00e+00	1.10e+01	1.09e+01	0.00e+00	0.00e+00	5.63e+01	1.10e+01	9.78e-02
run_01_95	2.00e+02	1.00e+03	1.29e-02	2.50e+01	9.48e-26	1.08e+01	0.00e+00	0.00e+00	0.00e+00	0.00e+00	0.00e+00	0.00e+00	0.00e+00	0.00e+00	0.00e+00	0.00e+00	0.00e+00	1.10e+01	1.08e+01	0.00e+00	0.00e+00	5.64e+01	1.10e+01	1.08e-01
run_01_96	2.00e+02	1.05e+03	1.42e-02	2.50e+01	8.60e-26	1.08e+01	0.00e+00	0.00e+00	0.00e+00	0.00e+00	0.00e+00	0.00e+00	0.00e+00	0.00e+00	0.00e+00	0.00e+00	0.00e+00	1.09e+01	1.08e+01	0.00e+00	0.00e+00	5.65e+01	1.09e+01	1.18e-01
run_01_97	2.00e+02	1.10e+03	1.55e-02	2.50e+01	7.84e-26	1.08e+01	0.00e+00	0.00e+00	0.00e+00	0.00e+00	0.00e+00	0.00e+00	0.00e+00	0.00e+00	0.00e+00	0.00e+00	0.00e+00	1.09e+01	1.08e+01	0.00e+00	0.00e+00	5.65e+01	1.09e+01	1.29e-01
run_01_98	2.00e+02	1.15e+03	1.69e-02	2.50e+01	7.17e-26	1.08e+01	0.00e+00	0.00e+00	0.00e+00	0.00e+00	0.00e+00	0.00e+00	0.00e+00	0.00e+00	0.00e+00	0.00e+00	0.00e+00	1.09e+01	1.08e+01	0.00e+00	0.00e+00	5.66e+01	1.09e+01	1.41e-01
run_01_99	2.00e+02	1.20e+03	1.83e-02	2.50e+01	6.59e-26	1.08e+01	0.00e+00	0.00e+00	0.00e+00	0.00e+00	0.00e+00	0.00e+00	0.00e+00	0.00e+00	0.00e+00	0.00e+00	0.00e+00	1.09e+01	1.08e+01	0.00e+00	0.00e+00	5.66e+01	1.09e+01	1.52e-01
run_01_100	2.00e+02	1.25e+03	1.98e-02	2.50e+01	6.07e-26	1.08e+01	0.00e+00	0.00e+00	0.00e+00	0.00e+00	0.00e+00	0.00e+00	0.00e+00	0.00e+00	0.00e+00	0.00e+00	0.00e+00	1.09e+01	1.08e+01	0.00e+00	0.00e+00	5.67e+01	1.09e+01	1.65e-01
run_01_101	2.50e+02	5.00e+01	4.22e-03	2.30e+01	3.18e-25	0.00e+00	0.00e+00	0.00e+00	0.00e+00	0.00e+00	0.00e+00	0.00e+00	0.00e+00	0.00e+00	0.00e+00	0.00e+00	0.00e+00	5.00e+01	0.00e+00	0.00e+00	0.00e+00	0.00e+00	5.00e+01	3.52e-02
run_01_102	2.50e+02	1.00e+02	1.80e-04	2.70e+01	9.96e-24	4.28e+00	0.00e+00	0.00e+00	0.00e+00	0.00e+00	0.00e+00	0.00e+00	0.00e+00	0.00e+00	0.00e+00	0.00e+00	0.00e+00	4.57e+01	4.28e+00	0.00e+00	0.00e+00	0.00e+00	4.57e+01	1.50e-03
run_01_103	2.50e+02	1.50e+02	1.13e-04	2.80e+01	1.15e-23	1.72e+01	0.00e+00	0.00e+00	0.00e+00	0.00e+00	0.00e+00	0.00e+00	0.00e+00	0.00e+00	0.00e+00	0.00e+00	0.00e+00	3.28e+01	1.72e+01	0.00e+00	0.00e+00	0.00e+00	3.28e+01	9.40e-04
run_01_104	2.50e+02	2.00e+02	6.16e-04	2.70e+01	2.10e-24	2.10e+01	0.00e+00	0.00e+00	0.00e+00	0.00e+00	0.00e+00	0.00e+00	0.00e+00	0.00e+00	0.00e+00	0.00e+00	0.00e+00	2.90e+01	2.10e+01	0.00e+00	0.00e+00	0.00e+00	2.90e+01	5.14e-03
run_01_105	2.50e+02	2.50e+02	1.24e-03	2.60e+01	1.14e-24	2.26e+01	0.00e+00	0.00e+00	0.00e+00	0.00e+00	0.00e+00	0.00e+00	0.00e+00	0.00e+00	0.00e+00	0.00e+00	0.00e+00	2.74e+01	2.26e+01	0.00e+00	0.00e+00	9.29e-02	2.74e+01	1.03e-02
run_01_106	2.50e+02	3.00e+02	1.49e-03	2.60e+01	9.30e-25	1.68e+01	0.00e+00	0.00e+00	0.00e+00	0.00e+00	0.00e+00	0.00e+00	0.00e+00	0.00e+00	0.00e+00	0.00e+00	0.00e+00	1.91e+01	1.68e+01	0.00e+00	0.00e+00	2.81e+01	1.91e+01	1.24e-02
run_01_107	2.50e+02	3.50e+02	1.87e-03	2.60e+01	7.24e-25	1.43e+01	0.00e+00	0.00e+00	0.00e+00	0.00e+00	0.00e+00	0.00e+00	0.00e+00	0.00e+00	0.00e+00	0.00e+00	0.00e+00	1.57e+01	1.43e+01	0.00e+00	0.00e+00	3.99e+01	1.57e+01	1.56e-02
run_01_108	2.50e+02	4.00e+02	2.34e-03	2.60e+01	5.69e-25	1.32e+01	0.00e+00	0.00e+00	0.00e+00	0.00e+00	0.00e+00	0.00e+00	0.00e+00	0.00e+00	0.00e+00	0.00e+00	0.00e+00	1.41e+01	1.32e+01	0.00e+00	0.00e+00	4.54e+01	1.41e+01	1.95e-02
run_01_109	2.50e+02	4.50e+02	2.89e-03	2.60e+01	4.56e-25	1.25e+01	0.00e+00	0.00e+00	0.00e+00	0.00e+00	0.00e+00	0.00e+00	0.00e+00	0.00e+00	0.00e+00	0.00e+00	0.00e+00	1.32e+01	1.25e+01	0.00e+00	0.00e+00	4.86e+01	1.32e+01	2.41e-02
run_01_110	2.50e+02	5.00e+02	3.51e-03	2.60e+01	3.73e-25	1.21e+01	0.00e+00	0.00e+00	0.00e+00	0.00e+00	0.00e+00	0.00e+00	0.00e+00	0.00e+00	0.00e+00	0.00e+00	0.00e+00	1.26e+01	1.21e+01	0.00e+00	0.00e+00	5.05e+01	1.26e+01	2.92e-02
run_01_111	2.50e+02	5.50e+02	4.19e-03	2.60e+01	3.10e-25	1.18e+01	0.00e+00	0.00e+00	0.00e+00	0.00e+00	0.00e+00	0.00e+00	0.00e+00	0.00e+00	0.00e+00	0.00e+00	0.00e+00	1.23e+01	1.18e+01	0.00e+00	0.00e+00	5.19e+01	1.23e+01	3.49e-02
run_01_112	2.50e+02	6.00e+02	4.93e-03	2.60e+01	2.61e-25	1.16e+01	0.00e+00	0.00e+00	0.00e+00	0.00e+00	0.00e+00	0.00e+00	0.00e+00	0.00e+00	0.00e+00	0.00e+00	0.00e+00	1.20e+01	1.16e+01	0.00e+00	0.00e+00	5.29e+01	1.20e+01	4.11e-02
run_01_113	2.50e+02	6.50e+02	5.73e-03	2.50e+01	2.23e-25	1.14e+01	0.00e+00	0.00e+00	0.00e+00	0.00e+00	0.00e+00	0.00e+00	0.00e+00	0.00e+00	0.00e+00	0.00e+00	0.00e+00	1.18e+01	1.14e+01	0.00e+00	0.00e+00	5.36e+01	1.18e+01	4.77e-02
run_01_114	2.50e+02	7.00e+02	6.59e-03	2.50e+01	1.92e-25	1.13e+01	0.00e+00	0.00e+00	0.00e+00	0.00e+00	0.00e+00	0.00e+00	0.00e+00	0.00e+00	0.00e+00	0.00e+00	0.00e+00	1.16e+01	1.13e+01	0.00e+00	0.00e+00	5.41e+01	1.16e+01	5.49e-02
run_01_115	2.50e+02	7.50e+02	7.51e-03	2.50e+01	1.68e-25	1.12e+01	0.00e+00	0.00e+00	0.00e+00	0.00e+00	0.00e+00	0.00e+00	0.00e+00	0.00e+00	0.00e+00	0.00e+00	0.00e+00	1.15e+01	1.12e+01	0.00e+00	0.00e+00	5.46e+01	1.15e+01	6.26e-02
run_01_116	2.50e+02	8.00e+02	8.48e-03	2.50e+01	1.48e-25	1.12e+01	0.00e+00	0.00e+00	0.00e+00	0.00e+00	0.00e+00	0.00e+00	0.00e+00	0.00e+00	0.00e+00	0.00e+00	0.00e+00	1.14e+01	1.12e+01	0.00e+00	0.00e+00	5.49e+01	1.14e+01	7.07e-02
run_01_117	2.50e+02	8.50e+02	9.52e-03	2.50e+01	1.31e-25	1.11e+01	0.00e+00	0.00e+00	0.00e+00	0.00e+00	0.00e+00	0.00e+00	0.00e+00	0.00e+00	0.00e+00	0.00e+00	0.00e+00	1.13e+01	1.11e+01	0.00e+00	0.00e+00	5.52e+01	1.13e+01	7.93e-02
run_01_118	2.50e+02	9.00e+02	1.06e-02	2.50e+01	1.17e-25	1.11e+01	0.00e+00	0.00e+00	0.00e+00	0.00e+00	0.00e+00	0.00e+00	0.00e+00	0.00e+00	0.00e+00	0.00e+00	0.00e+00	1.12e+01	1.11e+01	0.00e+00	0.00e+00	5.54e+01	1.12e+01	8.84e-02
run_01_119	2.50e+02	9.50e+02	1.18e-02	2.50e+01	1.05e-25	1.10e+01	0.00e+00	0.00e+00	0.00e+00	0.00e+00	0.00e+00	0.00e+00	0.00e+00	0.00e+00	0.00e+00	0.00e+00	0.00e+00	1.12e+01	1.10e+01	0.00e+00	0.00e+00	5.56e+01	1.12e+01	9.79e-02
run_01_120	2.50e+02	1.00e+03	1.30e-02	2.50e+01	9.47e-26	1.10e+01	0.00e+00	0.00e+00	0.00e+00	0.00e+00	0.00e+00	0.00e+00	0.00e+00	0.00e+00	0.00e+00	0.00e+00	0.00e+00	1.11e+01	1.10e+01	0.00e+00	0.00e+00	5.58e+01	1.11e+01	1.08e-01
run_01_121	2.50e+02	1.05e+03	1.42e-02	2.50e+01	8.60e-26	1.10e+01	0.00e+00	0.00e+00	0.00e+00	0.00e+00	0.00e+00	0.00e+00	0.00e+00	0.00e+00	0.00e+00	0.00e+00	0.00e+00	1.11e+01	1.10e+01	0.00e+00	0.00e+00	5.59e+01	1.11e+01	1.18e-01
run_01_122	2.50e+02	1.10e+03	1.55e-02	2.50e+01	7.83e-26	1.09e+01	0.00e+00	0.00e+00	0.00e+00	0.00e+00	0.00e+00	0.00e+00	0.00e+00	0.00e+00	0.00e+00	0.00e+00	0.00e+00	1.10e+01	1.09e+01	0.00e+00	0.00e+00	5.60e+01	1.10e+01	1.29e-01
run_01_123	2.50e+02	1.15e+03	1.69e-02	2.50e+01	7.17e-26	1.09e+01	0.00e+00	0.00e+00	0.00e+00	0.00e+00	0.00e+00	0.00e+00	0.00e+00	0.00e+00	0.00e+00	0.00e+00	0.00e+00	1.10e+01	1.09e+01	0.00e+00	0.00e+00	5.62e+01	1.10e+01	1.41e-01
run_01_124	2.50e+02	1.20e+03	1.83e-02	2.50e+01	6.59e-26	1.09e+01	0.00e+00	0.00e+00	0.00e+00	0.00e+00	0.00e+00	0.00e+00	0.00e+00	0.00e+00	0.00e+00	0.00e+00	0.00e+00	1.10e+01	1.09e+01	0.00e+00	0.00e+00	5.62e+01	1.10e+01	1.53e-01
run_01_125	2.50e+02	1.25e+03	1.98e-02	2.50e+01	6.07e-26	1.09e+01	0.00e+00	0.00e+00	0.00e+00	0.00e+00	0.00e+00	0.00e+00	0.00e+00	0.00e+00	0.00e+00	0.00e+00	0.00e+00	1.10e+01	1.09e+01	0.00e+00	0.00e+00	5.63e+01	1.10e+01	1.65e-01
run_01_126	3.00e+02	5.00e+01	9.49e-03	2.20e+01	1.36e-25	0.00e+00	0.00e+00	0.00e+00	0.00e+00	0.00e+00	0.00e+00	0.00e+00	0.00e+00	0.00e+00	0.00e+00	0.00e+00	0.00e+00	5.00e+01	0.00e+00	0.00e+00	0.00e+00	0.00e+00	5.00e+01	7.91e-02
run_01_127	3.00e+02	1.00e+02	8.80e-04	2.60e+01	1.72e-24	4.28e+00	0.00e+00	0.00e+00	0.00e+00	0.00e+00	0.00e+00	0.00e+00	0.00e+00	0.00e+00	0.00e+00	0.00e+00	0.00e+00	4.57e+01	4.28e+00	0.00e+00	0.00e+00	0.00e+00	4.57e+01	7.33e-03
run_01_128	3.00e+02	1.50e+02	1.83e-06	3.20e+01	6.08e-22	1.72e+01	0.00e+00	0.00e+00	0.00e+00	0.00e+00	0.00e+00	0.00e+00	0.00e+00	0.00e+00	0.00e+00	0.00e+00	0.00e+00	3.28e+01	1.72e+01	0.00e+00	0.00e+00	0.00e+00	3.28e+01	1.53e-05
run_01_129	3.00e+02	2.00e+02	3.35e-04	2.70e+01	3.83e-24	2.10e+01	0.00e+00	0.00e+00	0.00e+00	0.00e+00	0.00e+00	0.00e+00	0.00e+00	0.00e+00	0.00e+00	0.00e+00	0.00e+00	2.90e+01	2.10e+01	0.00e+00	0.00e+00	0.00e+00	2.90e+01	2.79e-03
run_01_130	3.00e+02	2.50e+02	9.87e-04	2.60e+01	1.29e-24	2.26e+01	0.00e+00	0.00e+00	0.00e+00	0.00e+00	0.00e+00	0.00e+00	0.00e+00	0.00e+00	0.00e+00	0.00e+00	0.00e+00	2.74e+01	2.26e+01	0.00e+00	0.00e+00	0.00e+00	2.74e+01	8.23e-03
run_01_131	3.00e+02	3.00e+02	1.72e-03	2.60e+01	8.10e-25	2.33e+01	0.00e+00	0.00e+00	0.00e+00	0.00e+00	0.00e+00	0.00e+00	0.00e+00	0.00e+00	0.00e+00	0.00e+00	0.00e+00	2.66e+01	2.33e+01	0.00e+00	0.00e+00	9.03e-02	2.66e+01	1.43e-02
run_01_132	3.00e+02	3.50e+02	2.02e-03	2.60e+01	6.81e-25	1.80e+01	0.00e+00	0.00e+00	0.00e+00	0.00e+00	0.00e+00	0.00e+00	0.00e+00	0.00e+00	0.00e+00	0.00e+00	0.00e+00	1.98e+01	1.80e+01	0.00e+00	0.00e+00	2.45e+01	1.98e+01	1.68e-02
run_01_133	3.00e+02	4.00e+02	2.44e-03	2.60e+01	5.51e-25	1.53e+01	0.00e+00	0.00e+00	0.00e+00	0.00e+00	0.00e+00	0.00e+00	0.00e+00	0.00e+00	0.00e+00	0.00e+00	0.00e+00	1.64e+01	1.53e+01	0.00e+00	0.00e+00	3.66e+01	1.64e+01	2.03e-02
run_01_134	3.00e+02	4.50e+02	2.96e-03	2.60e+01	4.48e-25	1.39e+01	0.00e+00	0.00e+00	0.00e+00	0.00e+00	0.00e+00	0.00e+00	0.00e+00	0.00e+00	0.00e+00	0.00e+00	0.00e+00	1.47e+01	1.39e+01	0.00e+00	0.00e+00	4.28e+01	1.47e+01	2.47e-02
run_01_135	3.00e+02	5.00e+02	3.56e-03	2.60e+01	3.68e-25	1.31e+01	0.00e+00	0.00e+00	0.00e+00	0.00e+00	0.00e+00	0.00e+00	0.00e+00	0.00e+00	0.00e+00	0.00e+00	0.00e+00	1.37e+01	1.31e+01	0.00e+00	0.00e+00	4.64e+01	1.37e+01	2.97e-02
run_01_136	3.00e+02	5.50e+02	4.23e-03	2.60e+01	3.07e-25	1.26e+01	0.00e+00	0.00e+00	0.00e+00	0.00e+00	0.00e+00	0.00e+00	0.00e+00	0.00e+00	0.00e+00	0.00e+00	0.00e+00	1.31e+01	1.26e+01	0.00e+00	0.00e+00	4.87e+01	1.31e+01	3.53e-02
run_01_137	3.00e+02	6.00e+02	4.97e-03	2.60e+01	2.60e-25	1.22e+01	0.00e+00	0.00e+00	0.00e+00	0.00e+00	0.00e+00	0.00e+00	0.00e+00	0.00e+00	0.00e+00	0.00e+00	0.00e+00	1.26e+01	1.22e+01	0.00e+00	0.00e+00	5.04e+01	1.26e+01	4.14e-02
run_01_138	3.00e+02	6.50e+02	5.77e-03	2.50e+01	2.22e-25	1.19e+01	0.00e+00	0.00e+00	0.00e+00	0.00e+00	0.00e+00	0.00e+00	0.00e+00	0.00e+00	0.00e+00	0.00e+00	0.00e+00	1.23e+01	1.19e+01	0.00e+00	0.00e+00	5.16e+01	1.23e+01	4.80e-02
run_01_139	3.00e+02	7.00e+02	6.62e-03	2.50e+01	1.92e-25	1.18e+01	0.00e+00	0.00e+00	0.00e+00	0.00e+00	0.00e+00	0.00e+00	0.00e+00	0.00e+00	0.00e+00	0.00e+00	0.00e+00	1.20e+01	1.18e+01	0.00e+00	0.00e+00	5.25e+01	1.20e+01	5.52e-02
run_01_140	3.00e+02	7.50e+02	7.54e-03	2.50e+01	1.67e-25	1.16e+01	0.00e+00	0.00e+00	0.00e+00	0.00e+00	0.00e+00	0.00e+00	0.00e+00	0.00e+00	0.00e+00	0.00e+00	0.00e+00	1.18e+01	1.16e+01	0.00e+00	0.00e+00	5.31e+01	1.18e+01	6.28e-02
run_01_141	3.00e+02	8.00e+02	8.51e-03	2.50e+01	1.47e-25	1.15e+01	0.00e+00	0.00e+00	0.00e+00	0.00e+00	0.00e+00	0.00e+00	0.00e+00	0.00e+00	0.00e+00	0.00e+00	0.00e+00	1.17e+01	1.15e+01	0.00e+00	0.00e+00	5.37e+01	1.17e+01	7.09e-02
run_01_142	3.00e+02	8.50e+02	9.54e-03	2.50e+01	1.31e-25	1.14e+01	0.00e+00	0.00e+00	0.00e+00	0.00e+00	0.00e+00	0.00e+00	0.00e+00	0.00e+00	0.00e+00	0.00e+00	0.00e+00	1.16e+01	1.14e+01	0.00e+00	0.00e+00	5.41e+01	1.16e+01	7.95e-02
run_01_143	3.00e+02	9.00e+02	1.06e-02	2.50e+01	1.17e-25	1.13e+01	0.00e+00	0.00e+00	0.00e+00	0.00e+00	0.00e+00	0.00e+00	0.00e+00	0.00e+00	0.00e+00	0.00e+00	0.00e+00	1.15e+01	1.13e+01	0.00e+00	0.00e+00	5.45e+01	1.15e+01	8.86e-02
run_01_144	3.00e+02	9.50e+02	1.18e-02	2.50e+01	1.05e-25	1.12e+01	0.00e+00	0.00e+00	0.00e+00	0.00e+00	0.00e+00	0.00e+00	0.00e+00	0.00e+00	0.00e+00	0.00e+00	0.00e+00	1.14e+01	1.12e+01	0.00e+00	0.00e+00	5.48e+01	1.14e+01	9.81e-02
run_01_145	3.00e+02	1.00e+03	1.30e-02	2.50e+01	9.46e-26	1.12e+01	0.00e+00	0.00e+00	0.00e+00	0.00e+00	0.00e+00	0.00e+00	0.00e+00	0.00e+00	0.00e+00	0.00e+00	0.00e+00	1.13e+01	1.12e+01	0.00e+00	0.00e+00	5.50e+01	1.13e+01	1.08e-01
run_01_146	3.00e+02	1.05e+03	1.42e-02	2.50e+01	8.59e-26	1.11e+01	0.00e+00	0.00e+00	0.00e+00	0.00e+00	0.00e+00	0.00e+00	0.00e+00	0.00e+00	0.00e+00	0.00e+00	0.00e+00	1.12e+01	1.11e+01	0.00e+00	0.00e+00	5.53e+01	1.12e+01	1.19e-01
run_01_147	3.00e+02	1.10e+03	1.55e-02	2.50e+01	7.83e-26	1.11e+01	0.00e+00	0.00e+00	0.00e+00	0.00e+00	0.00e+00	0.00e+00	0.00e+00	0.00e+00	0.00e+00	0.00e+00	0.00e+00	1.12e+01	1.11e+01	0.00e+00	0.00e+00	5.54e+01	1.12e+01	1.29e-01
run_01_148	3.00e+02	1.15e+03	1.69e-02	2.50e+01	7.17e-26	1.11e+01	0.00e+00	0.00e+00	0.00e+00	0.00e+00	0.00e+00	0.00e+00	0.00e+00	0.00e+00	0.00e+00	0.00e+00	0.00e+00	1.11e+01	1.11e+01	0.00e+00	0.00e+00	5.56e+01	1.11e+01	1.41e-01
run_01_149	3.00e+02	1.20e+03	1.83e-02	2.50e+01	6.58e-26	1.10e+01	0.00e+00	0.00e+00	0.00e+00	0.00e+00	0.00e+00	0.00e+00	0.00e+00	0.00e+00	0.00e+00	0.00e+00	0.00e+00	1.11e+01	1.10e+01	0.00e+00	0.00e+00	5.57e+01	1.11e+01	1.53e-01
run_01_150	3.00e+02	1.25e+03	1.98e-02	2.50e+01	6.07e-26	1.10e+01	0.00e+00	0.00e+00	0.00e+00	0.00e+00	0.00e+00	0.00e+00	0.00e+00	0.00e+00	0.00e+00	0.00e+00	0.00e+00	1.11e+01	1.10e+01	0.00e+00	0.00e+00	5.59e+01	1.11e+01	1.65e-01
run_01_151	3.50e+02	5.00e+01	1.83e-02	2.20e+01	6.82e-26	0.00e+00	0.00e+00	0.00e+00	0.00e+00	0.00e+00	0.00e+00	0.00e+00	0.00e+00	0.00e+00	0.00e+00	0.00e+00	0.00e+00	5.00e+01	0.00e+00	0.00e+00	0.00e+00	0.00e+00	5.00e+01	1.52e-01
run_01_152	3.50e+02	1.00e+02	2.34e-03	2.50e+01	6.06e-25	4.29e+00	0.00e+00	0.00e+00	0.00e+00	0.00e+00	0.00e+00	0.00e+00	0.00e+00	0.00e+00	0.00e+00	0.00e+00	0.00e+00	4.57e+01	4.29e+00	0.00e+00	0.00e+00	0.00e+00	4.57e+01	1.95e-02
run_01_153	3.50e+02	1.50e+02	1.12e-04	2.80e+01	1.93e-23	1.72e+01	0.00e+00	0.00e+00	0.00e+00	0.00e+00	0.00e+00	0.00e+00	0.00e+00	0.00e+00	0.00e+00	0.00e+00	0.00e+00	3.28e+01	1.72e+01	0.00e+00	0.00e+00	0.00e+00	3.28e+01	9.35e-04
run_01_154	3.50e+02	2.00e+02	1.08e-04	2.80e+01	1.15e-23	2.10e+01	0.00e+00	0.00e+00	0.00e+00	0.00e+00	0.00e+00	0.00e+00	0.00e+00	0.00e+00	0.00e+00	0.00e+00	0.00e+00	2.90e+01	2.10e+01	0.00e+00	0.00e+00	0.00e+00	2.90e+01	9.04e-04
run_01_155	3.50e+02	2.50e+02	6.48e-04	2.70e+01	1.96e-24	2.26e+01	0.00e+00	0.00e+00	0.00e+00	0.00e+00	0.00e+00	0.00e+00	0.00e+00	0.00e+00	0.00e+00	0.00e+00	0.00e+00	2.74e+01	2.26e+01	0.00e+00	0.00e+00	0.00e+00	2.74e+01	5.40e-03
run_01_156	3.50e+02	3.00e+02	1.45e-03	2.60e+01	8.68e-25	2.34e+01	0.00e+00	0.00e+00	0.00e+00	0.00e+00	0.00e+00	0.00e+00	0.00e+00	0.00e+00	0.00e+00	0.00e+00	0.00e+00	2.66e+01	2.34e+01	0.00e+00	0.00e+00	0.00e+00	2.66e+01	1.21e-02
run_01_157	3.50e+02	3.50e+02	2.28e-03	2.60e+01	6.04e-25	2.38e+01	0.00e+00	0.00e+00	0.00e+00	0.00e+00	0.00e+00	0.00e+00	0.00e+00	0.00e+00	0.00e+00	0.00e+00	0.00e+00	2.62e+01	2.38e+01	0.00e+00	0.00e+00	8.87e-02	2.62e+01	1.90e-02
run_01_158	3.50e+02	4.00e+02	2.63e-03	2.60e+01	5.19e-25	1.89e+01	0.00e+00	0.00e+00	0.00e+00	0.00e+00	0.00e+00	0.00e+00	0.00e+00	0.00e+00	0.00e+00	0.00e+00	0.00e+00	2.03e+01	1.89e+01	0.00e+00	0.00e+00	2.16e+01	2.03e+01	2.19e-02
run_01_159	3.50e+02	4.50e+02	3.09e-03	2.60e+01	4.33e-25	1.61e+01	0.00e+00	0.00e+00	0.00e+00	0.00e+00	0.00e+00	0.00e+00	0.00e+00	0.00e+00	0.00e+00	0.00e+00	0.00e+00	1.70e+01	1.61e+01	0.00e+00	0.00e+00	3.38e+01	1.70e+01	2.58e-02
run_01_160	3.50e+02	5.00e+02	3.66e-03	2.60e+01	3.60e-25	1.46e+01	0.00e+00	0.00e+00	0.00e+00	0.00e+00	0.00e+00	0.00e+00	0.00e+00	0.00e+00	0.00e+00	0.00e+00	0.00e+00	1.52e+01	1.46e+01	0.00e+00	0.00e+00	4.04e+01	1.52e+01	3.05e-02
run_01_161	3.50e+02	5.50e+02	4.31e-03	2.60e+01	3.03e-25	1.36e+01	0.00e+00	0.00e+00	0.00e+00	0.00e+00	0.00e+00	0.00e+00	0.00e+00	0.00e+00	0.00e+00	0.00e+00	0.00e+00	1.42e+01	1.36e+01	0.00e+00	0.00e+00	4.44e+01	1.42e+01	3.59e-02
run_01_162	3.50e+02	6.00e+02	5.03e-03	2.50e+01	2.57e-25	1.30e+01	0.00e+00	0.00e+00	0.00e+00	0.00e+00	0.00e+00	0.00e+00	0.00e+00	0.00e+00	0.00e+00	0.00e+00	0.00e+00	1.34e+01	1.30e+01	0.00e+00	0.00e+00	4.70e+01	1.34e+01	4.19e-02
run_01_163	3.50e+02	6.50e+02	5.82e-03	2.50e+01	2.20e-25	1.26e+01	0.00e+00	0.00e+00	0.00e+00	0.00e+00	0.00e+00	0.00e+00	0.00e+00	0.00e+00	0.00e+00	0.00e+00	0.00e+00	1.29e+01	1.26e+01	0.00e+00	0.00e+00	4.89e+01	1.29e+01	4.85e-02
run_01_164	3.50e+02	7.00e+02	6.67e-03	2.50e+01	1.91e-25	1.23e+01	0.00e+00	0.00e+00	0.00e+00	0.00e+00	0.00e+00	0.00e+00	0.00e+00	0.00e+00	0.00e+00	0.00e+00	0.00e+00	1.26e+01	1.23e+01	0.00e+00	0.00e+00	5.03e+01	1.26e+01	5.56e-02
run_01_165	3.50e+02	7.50e+02	7.58e-03	2.50e+01	1.67e-25	1.20e+01	0.00e+00	0.00e+00	0.00e+00	0.00e+00	0.00e+00	0.00e+00	0.00e+00	0.00e+00	0.00e+00	0.00e+00	0.00e+00	1.23e+01	1.20e+01	0.00e+00	0.00e+00	5.13e+01	1.23e+01	6.32e-02
run_01_166	3.50e+02	8.00e+02	8.55e-03	2.50e+01	1.47e-25	1.19e+01	0.00e+00	0.00e+00	0.00e+00	0.00e+00	0.00e+00	0.00e+00	0.00e+00	0.00e+00	0.00e+00	0.00e+00	0.00e+00	1.21e+01	1.19e+01	0.00e+00	0.00e+00	5.21e+01	1.21e+01	7.13e-02
run_01_167	3.50e+02	8.50e+02	9.58e-03	2.50e+01	1.30e-25	1.17e+01	0.00e+00	0.00e+00	0.00e+00	0.00e+00	0.00e+00	0.00e+00	0.00e+00	0.00e+00	0.00e+00	0.00e+00	0.00e+00	1.19e+01	1.17e+01	0.00e+00	0.00e+00	5.28e+01	1.19e+01	7.98e-02
run_01_168	3.50e+02	9.00e+02	1.07e-02	2.50e+01	1.16e-25	1.16e+01	0.00e+00	0.00e+00	0.00e+00	0.00e+00	0.00e+00	0.00e+00	0.00e+00	0.00e+00	0.00e+00	0.00e+00	0.00e+00	1.17e+01	1.16e+01	0.00e+00	0.00e+00	5.33e+01	1.17e+01	8.89e-02
run_01_169	3.50e+02	9.50e+02	1.18e-02	2.50e+01	1.05e-25	1.15e+01	0.00e+00	0.00e+00	0.00e+00	0.00e+00	0.00e+00	0.00e+00	0.00e+00	0.00e+00	0.00e+00	0.00e+00	0.00e+00	1.16e+01	1.15e+01	0.00e+00	0.00e+00	5.38e+01	1.16e+01	9.84e-02
run_01_170	3.50e+02	1.00e+03	1.30e-02	2.50e+01	9.45e-26	1.14e+01	0.00e+00	0.00e+00	0.00e+00	0.00e+00	0.00e+00	0.00e+00	0.00e+00	0.00e+00	0.00e+00	0.00e+00	0.00e+00	1.15e+01	1.14e+01	0.00e+00	0.00e+00	5.41e+01	1.15e+01	1.08e-01
run_01_171	3.50e+02	1.05e+03	1.43e-02	2.50e+01	8.58e-26	1.13e+01	0.00e+00	0.00e+00	0.00e+00	0.00e+00	0.00e+00	0.00e+00	0.00e+00	0.00e+00	0.00e+00	0.00e+00	0.00e+00	1.14e+01	1.13e+01	0.00e+00	0.00e+00	5.45e+01	1.14e+01	1.19e-01
run_01_172	3.50e+02	1.10e+03	1.56e-02	2.50e+01	7.82e-26	1.13e+01	0.00e+00	0.00e+00	0.00e+00	0.00e+00	0.00e+00	0.00e+00	0.00e+00	0.00e+00	0.00e+00	0.00e+00	0.00e+00	1.14e+01	1.13e+01	0.00e+00	0.00e+00	5.47e+01	1.14e+01	1.30e-01
run_01_173	3.50e+02	1.15e+03	1.69e-02	2.50e+01	7.16e-26	1.12e+01	0.00e+00	0.00e+00	0.00e+00	0.00e+00	0.00e+00	0.00e+00	0.00e+00	0.00e+00	0.00e+00	0.00e+00	0.00e+00	1.13e+01	1.12e+01	0.00e+00	0.00e+00	5.49e+01	1.13e+01	1.41e-01
run_01_174	3.50e+02	1.20e+03	1.83e-02	2.50e+01	6.58e-26	1.12e+01	0.00e+00	0.00e+00	0.00e+00	0.00e+00	0.00e+00	0.00e+00	0.00e+00	0.00e+00	0.00e+00	0.00e+00	0.00e+00	1.13e+01	1.12e+01	0.00e+00	0.00e+00	5.51e+01	1.13e+01	1.53e-01
run_01_175	3.50e+02	1.25e+03	1.98e-02	2.50e+01	6.06e-26	1.11e+01	0.00e+00	0.00e+00	0.00e+00	0.00e+00	0.00e+00	0.00e+00	0.00e+00	0.00e+00	0.00e+00	0.00e+00	0.00e+00	1.12e+01	1.11e+01	0.00e+00	0.00e+00	5.53e+01	1.12e+01	1.65e-01
run_01_176	4.00e+02	5.00e+01	3.17e-02	2.10e+01	3.83e-26	0.00e+00	0.00e+00	0.00e+00	0.00e+00	0.00e+00	0.00e+00	0.00e+00	0.00e+00	0.00e+00	0.00e+00	0.00e+00	0.00e+00	5.00e+01	0.00e+00	0.00e+00	0.00e+00	0.00e+00	5.00e+01	2.64e-01
run_01_177	4.00e+02	1.00e+02	4.85e-03	2.40e+01	2.81e-25	4.29e+00	0.00e+00	0.00e+00	0.00e+00	0.00e+00	0.00e+00	0.00e+00	0.00e+00	0.00e+00	0.00e+00	0.00e+00	0.00e+00	4.57e+01	4.29e+00	0.00e+00	0.00e+00	0.00e+00	4.57e+01	4.04e-02
run_01_178	4.00e+02	1.50e+02	5.44e-04	2.70e+01	2.93e-24	1.72e+01	0.00e+00	0.00e+00	0.00e+00	0.00e+00	0.00e+00	0.00e+00	0.00e+00	0.00e+00	0.00e+00	0.00e+00	0.00e+00	3.28e+01	1.72e+01	0.00e+00	0.00e+00	0.00e+00	3.28e+01	4.53e-03
run_01_179	4.00e+02	2.00e+02	1.79e-06	3.20e+01	5.56e-22	2.10e+01	0.00e+00	0.00e+00	0.00e+00	0.00e+00	0.00e+00	0.00e+00	0.00e+00	0.00e+00	0.00e+00	0.00e+00	0.00e+00	2.90e+01	2.10e+01	0.00e+00	0.00e+00	0.00e+00	2.90e+01	1.50e-05
run_01_180	4.00e+02	2.50e+02	3.42e-04	2.70e+01	3.66e-24	2.26e+01	0.00e+00	0.00e+00	0.00e+00	0.00e+00	0.00e+00	0.00e+00	0.00e+00	0.00e+00	0.00e+00	0.00e+00	0.00e+00	2.74e+01	2.26e+01	0.00e+00	0.00e+00	0.00e+00	2.74e+01	2.85e-03
run_01_181	4.00e+02	3.00e+02	1.05e-03	2.60e+01	1.19e-24	2.34e+01	0.00e+00	0.00e+00	0.00e+00	0.00e+00	0.00e+00	0.00e+00	0.00e+00	0.00e+00	0.00e+00	0.00e+00	0.00e+00	2.66e+01	2.34e+01	0.00e+00	0.00e+00	0.00e+00	2.66e+01	8.76e-03
run_01_182	4.00e+02	3.50e+02	1.99e-03	2.60e+01	6.24e-25	2.38e+01	0.00e+00	0.00e+00	0.00e+00	0.00e+00	0.00e+00	0.00e+00	0.00e+00	0.00e+00	0.00e+00	0.00e+00	0.00e+00	2.62e+01	2.38e+01	0.00e+00	0.00e+00	0.00e+00	2.62e+01	1.66e-02
run_01_183	4.00e+02	4.00e+02	2.92e-03	2.60e+01	4.66e-25	2.41e+01	0.00e+00	0.00e+00	0.00e+00	0.00e+00	0.00e+00	0.00e+00	0.00e+00	0.00e+00	0.00e+00	0.00e+00	0.00e+00	2.59e+01	2.41e+01	0.00e+00	0.00e+00	8.78e-02	2.59e+01	2.43e-02
run_01_184	4.00e+02	4.50e+02	3.31e-03	2.60e+01	4.08e-25	1.96e+01	0.00e+00	0.00e+00	0.00e+00	0.00e+00	0.00e+00	0.00e+00	0.00e+00	0.00e+00	0.00e+00	0.00e+00	0.00e+00	2.08e+01	1.96e+01	0.00e+00	0.00e+00	1.93e+01	2.08e+01	2.76e-02
run_01_185	4.00e+02	5.00e+02	3.82e-03	2.60e+01	3.48e-25	1.68e+01	0.00e+00	0.00e+00	0.00e+00	0.00e+00	0.00e+00	0.00e+00	0.00e+00	0.00e+00	0.00e+00	0.00e+00	0.00e+00	1.76e+01	1.68e+01	0.00e+00	0.00e+00	3.13e+01	1.76e+01	3.18e-02
run_01_186	4.00e+02	5.50e+02	4.43e-03	2.60e+01	2.96e-25	1.52e+01	0.00e+00	0.00e+00	0.00e+00	0.00e+00	0.00e+00	0.00e+00	0.00e+00	0.00e+00	0.00e+00	0.00e+00	0.00e+00	1.57e+01	1.52e+01	0.00e+00	0.00e+00	3.82e+01	1.57e+01	3.69e-02
run_01_187	4.00e+02	6.00e+02	5.13e-03	2.50e+01	2.53e-25	1.42e+01	0.00e+00	0.00e+00	0.00e+00	0.00e+00	0.00e+00	0.00e+00	0.00e+00	0.00e+00	0.00e+00	0.00e+00	0.00e+00	1.46e+01	1.42e+01	0.00e+00	0.00e+00	4.25e+01	1.46e+01	4.28e-02
run_01_188	4.00e+02	6.50e+02	5.90e-03	2.50e+01	2.18e-25	1.35e+01	0.00e+00	0.00e+00	0.00e+00	0.00e+00	0.00e+00	0.00e+00	0.00e+00	0.00e+00	0.00e+00	0.00e+00	0.00e+00	1.38e+01	1.35e+01	0.00e+00	0.00e+00	4.54e+01	1.38e+01	4.92e-02
run_01_189	4.00e+02	7.00e+02	6.74e-03	2.50e+01	1.89e-25	1.30e+01	0.00e+00	0.00e+00	0.00e+00	0.00e+00	0.00e+00	0.00e+00	0.00e+00	0.00e+00	0.00e+00	0.00e+00	0.00e+00	1.33e+01	1.30e+01	0.00e+00	0.00e+00	4.75e+01	1.33e+01	5.62e-02
run_01_190	4.00e+02	7.50e+02	7.64e-03	2.50e+01	1.66e-25	1.26e+01	0.00e+00	0.00e+00	0.00e+00	0.00e+00	0.00e+00	0.00e+00	0.00e+00	0.00e+00	0.00e+00	0.00e+00	0.00e+00	1.29e+01	1.26e+01	0.00e+00	0.00e+00	4.90e+01	1.29e+01	6.37e-02
run_01_191	4.00e+02	8.00e+02	8.61e-03	2.50e+01	1.46e-25	1.23e+01	0.00e+00	0.00e+00	0.00e+00	0.00e+00	0.00e+00	0.00e+00	0.00e+00	0.00e+00	0.00e+00	0.00e+00	0.00e+00	1.26e+01	1.23e+01	0.00e+00	0.00e+00	5.02e+01	1.26e+01	7.17e-02
run_01_192	4.00e+02	8.50e+02	9.63e-03	2.50e+01	1.30e-25	1.21e+01	0.00e+00	0.00e+00	0.00e+00	0.00e+00	0.00e+00	0.00e+00	0.00e+00	0.00e+00	0.00e+00	0.00e+00	0.00e+00	1.23e+01	1.21e+01	0.00e+00	0.00e+00	5.12e+01	1.23e+01	8.02e-02
run_01_193	4.00e+02	9.00e+02	1.07e-02	2.50e+01	1.16e-25	1.19e+01	0.00e+00	0.00e+00	0.00e+00	0.00e+00	0.00e+00	0.00e+00	0.00e+00	0.00e+00	0.00e+00	0.00e+00	0.00e+00	1.21e+01	1.19e+01	0.00e+00	0.00e+00	5.19e+01	1.21e+01	8.93e-02
run_01_194	4.00e+02	9.50e+02	1.18e-02	2.50e+01	1.04e-25	1.18e+01	0.00e+00	0.00e+00	0.00e+00	0.00e+00	0.00e+00	0.00e+00	0.00e+00	0.00e+00	0.00e+00	0.00e+00	0.00e+00	1.19e+01	1.18e+01	0.00e+00	0.00e+00	5.25e+01	1.19e+01	9.87e-02
run_01_195	4.00e+02	1.00e+03	1.30e-02	2.50e+01	9.43e-26	1.17e+01	0.00e+00	0.00e+00	0.00e+00	0.00e+00	0.00e+00	0.00e+00	0.00e+00	0.00e+00	0.00e+00	0.00e+00	0.00e+00	1.18e+01	1.17e+01	0.00e+00	0.00e+00	5.30e+01	1.18e+01	1.09e-01
run_01_196	4.00e+02	1.05e+03	1.43e-02	2.50e+01	8.56e-26	1.16e+01	0.00e+00	0.00e+00	0.00e+00	0.00e+00	0.00e+00	0.00e+00	0.00e+00	0.00e+00	0.00e+00	0.00e+00	0.00e+00	1.17e+01	1.16e+01	0.00e+00	0.00e+00	5.35e+01	1.17e+01	1.19e-01
run_01_197	4.00e+02	1.10e+03	1.56e-02	2.50e+01	7.81e-26	1.15e+01	0.00e+00	0.00e+00	0.00e+00	0.00e+00	0.00e+00	0.00e+00	0.00e+00	0.00e+00	0.00e+00	0.00e+00	0.00e+00	1.16e+01	1.15e+01	0.00e+00	0.00e+00	5.38e+01	1.16e+01	1.30e-01
run_01_198	4.00e+02	1.15e+03	1.70e-02	2.50e+01	7.15e-26	1.14e+01	0.00e+00	0.00e+00	0.00e+00	0.00e+00	0.00e+00	0.00e+00	0.00e+00	0.00e+00	0.00e+00	0.00e+00	0.00e+00	1.15e+01	1.14e+01	0.00e+00	0.00e+00	5.41e+01	1.15e+01	1.41e-01
run_01_199	4.00e+02	1.20e+03	1.84e-02	2.50e+01	6.57e-26	1.14e+01	0.00e+00	0.00e+00	0.00e+00	0.00e+00	0.00e+00	0.00e+00	0.00e+00	0.00e+00	0.00e+00	0.00e+00	0.00e+00	1.14e+01	1.14e+01	0.00e+00	0.00e+00	5.44e+01	1.14e+01	1.53e-01
run_01_200	4.00e+02	1.25e+03	1.99e-02	2.50e+01	6.06e-26	1.13e+01	0.00e+00	0.00e+00	0.00e+00	0.00e+00	0.00e+00	0.00e+00	0.00e+00	0.00e+00	0.00e+00	0.00e+00	0.00e+00	1.14e+01	1.13e+01	0.00e+00	0.00e+00	5.47e+01	1.14e+01	1.65e-01
run_01_201	4.50e+02	5.00e+01	5.10e-02	2.10e+01	2.32e-26	0.00e+00	0.00e+00	0.00e+00	0.00e+00	0.00e+00	0.00e+00	0.00e+00	0.00e+00	0.00e+00	0.00e+00	0.00e+00	0.00e+00	5.00e+01	0.00e+00	0.00e+00	0.00e+00	0.00e+00	5.00e+01	4.25e-01
run_01_202	4.50e+02	1.00e+02	8.71e-03	2.30e+01	1.52e-25	4.29e+00	0.00e+00	0.00e+00	0.00e+00	0.00e+00	0.00e+00	0.00e+00	0.00e+00	0.00e+00	0.00e+00	0.00e+00	0.00e+00	4.57e+01	4.29e+00	0.00e+00	0.00e+00	0.00e+00	4.57e+01	7.26e-02
run_01_203	4.50e+02	1.50e+02	1.39e-03	2.60e+01	1.06e-24	1.72e+01	0.00e+00	0.00e+00	0.00e+00	0.00e+00	0.00e+00	0.00e+00	0.00e+00	0.00e+00	0.00e+00	0.00e+00	0.00e+00	3.28e+01	1.72e+01	0.00e+00	0.00e+00	0.00e+00	3.28e+01	1.16e-02
run_01_204	4.50e+02	2.00e+02	8.61e-05	2.90e+01	3.21e-23	2.10e+01	0.00e+00	0.00e+00	0.00e+00	0.00e+00	0.00e+00	0.00e+00	0.00e+00	0.00e+00	0.00e+00	0.00e+00	0.00e+00	2.90e+01	2.10e+01	0.00e+00	0.00e+00	0.00e+00	2.90e+01	7.17e-04
run_01_205	4.50e+02	2.50e+02	1.09e-04	2.90e+01	1.11e-23	2.26e+01	0.00e+00	0.00e+00	0.00e+00	0.00e+00	0.00e+00	0.00e+00	0.00e+00	0.00e+00	0.00e+00	0.00e+00	0.00e+00	2.74e+01	2.26e+01	0.00e+00	0.00e+00	0.00e+00	2.74e+01	9.09e-04
run_01_206	4.50e+02	3.00e+02	6.77e-04	2.70e+01	1.85e-24	2.34e+01	0.00e+00	0.00e+00	0.00e+00	0.00e+00	0.00e+00	0.00e+00	0.00e+00	0.00e+00	0.00e+00	0.00e+00	0.00e+00	2.66e+01	2.34e+01	0.00e+00	0.00e+00	0.00e+00	2.66e+01	5.64e-03
run_01_207	4.50e+02	3.50e+02	1.54e-03	2.60e+01	8.04e-25	2.38e+01	0.00e+00	0.00e+00	0.00e+00	0.00e+00	0.00e+00	0.00e+00	0.00e+00	0.00e+00	0.00e+00	0.00e+00	0.00e+00	2.62e+01	2.38e+01	0.00e+00	0.00e+00	0.00e+00	2.62e+01	1.29e-02
run_01_208	4.50e+02	4.00e+02	2.63e-03	2.60e+01	4.70e-25	2.41e+01	0.00e+00	0.00e+00	0.00e+00	0.00e+00	0.00e+00	0.00e+00	0.00e+00	0.00e+00	0.00e+00	0.00e+00	0.00e+00	2.59e+01	2.41e+01	0.00e+00	0.00e+00	0.00e+00	2.59e+01	2.19e-02
run_01_209	4.50e+02	4.50e+02	3.64e-03	2.60e+01	3.71e-25	2.43e+01	0.00e+00	0.00e+00	0.00e+00	0.00e+00	0.00e+00	0.00e+00	0.00e+00	0.00e+00	0.00e+00	0.00e+00	0.00e+00	2.57e+01	2.43e+01	0.00e+00	0.00e+00	8.71e-02	2.57e+01	3.03e-02
run_01_210	4.50e+02	5.00e+02	4.08e-03	2.60e+01	3.29e-25	2.02e+01	0.00e+00	0.00e+00	0.00e+00	0.00e+00	0.00e+00	0.00e+00	0.00e+00	0.00e+00	0.00e+00	0.00e+00	0.00e+00	2.11e+01	2.02e+01	0.00e+00	0.00e+00	1.73e+01	2.11e+01	3.40e-02
run_01_211	4.50e+02	5.50e+02	4.62e-03	2.60e+01	2.86e-25	1.74e+01	0.00e+00	0.00e+00	0.00e+00	0.00e+00	0.00e+00	0.00e+00	0.00e+00	0.00e+00	0.00e+00	0.00e+00	0.00e+00	1.81e+01	1.74e+01	0.00e+00	0.00e+00	2.91e+01	1.81e+01	3.85e-02
run_01_212	4.50e+02	6.00e+02	5.28e-03	2.50e+01	2.47e-25	1.57e+01	0.00e+00	0.00e+00	0.00e+00	0.00e+00	0.00e+00	0.00e+00	0.00e+00	0.00e+00	0.00e+00	0.00e+00	0.00e+00	1.62e+01	1.57e+01	0.00e+00	0.00e+00	3.62e+01	1.62e+01	4.40e-02
run_01_213	4.50e+02	6.50e+02	6.02e-03	2.50e+01	2.14e-25	1.46e+01	0.00e+00	0.00e+00	0.00e+00	0.00e+00	0.00e+00	0.00e+00	0.00e+00	0.00e+00	0.00e+00	0.00e+00	0.00e+00	1.50e+01	1.46e+01	0.00e+00	0.00e+00	4.07e+01	1.50e+01	5.02e-02
run_01_214	4.50e+02	7.00e+02	6.84e-03	2.50e+01	1.87e-25	1.39e+01	0.00e+00	0.00e+00	0.00e+00	0.00e+00	0.00e+00	0.00e+00	0.00e+00	0.00e+00	0.00e+00	0.00e+00	0.00e+00	1.42e+01	1.39e+01	0.00e+00	0.00e+00	4.38e+01	1.42e+01	5.70e-02
run_01_215	4.50e+02	7.50e+02	7.73e-03	2.50e+01	1.64e-25	1.33e+01	0.00e+00	0.00e+00	0.00e+00	0.00e+00	0.00e+00	0.00e+00	0.00e+00	0.00e+00	0.00e+00	0.00e+00	0.00e+00	1.36e+01	1.33e+01	0.00e+00	0.00e+00	4.61e+01	1.36e+01	6.44e-02
run_01_216	4.50e+02	8.00e+02	8.68e-03	2.50e+01	1.45e-25	1.29e+01	0.00e+00	0.00e+00	0.00e+00	0.00e+00	0.00e+00	0.00e+00	0.00e+00	0.00e+00	0.00e+00	0.00e+00	0.00e+00	1.32e+01	1.29e+01	0.00e+00	0.00e+00	4.78e+01	1.32e+01	7.24e-02
run_01_217	4.50e+02	8.50e+02	9.70e-03	2.50e+01	1.29e-25	1.26e+01	0.00e+00	0.00e+00	0.00e+00	0.00e+00	0.00e+00	0.00e+00	0.00e+00	0.00e+00	0.00e+00	0.00e+00	0.00e+00	1.28e+01	1.26e+01	0.00e+00	0.00e+00	4.91e+01	1.28e+01	8.08e-02
run_01_218	4.50e+02	9.00e+02	1.08e-02	2.50e+01	1.16e-25	1.24e+01	0.00e+00	0.00e+00	0.00e+00	0.00e+00	0.00e+00	0.00e+00	0.00e+00	0.00e+00	0.00e+00	0.00e+00	0.00e+00	1.25e+01	1.24e+01	0.00e+00	0.00e+00	5.02e+01	1.25e+01	8.98e-02
run_01_219	4.50e+02	9.50e+02	1.19e-02	2.50e+01	1.04e-25	1.22e+01	0.00e+00	0.00e+00	0.00e+00	0.00e+00	0.00e+00	0.00e+00	0.00e+00	0.00e+00	0.00e+00	0.00e+00	0.00e+00	1.23e+01	1.22e+01	0.00e+00	0.00e+00	5.10e+01	1.23e+01	9.92e-02
run_01_220	4.50e+02	1.00e+03	1.31e-02	2.50e+01	9.40e-26	1.20e+01	0.00e+00	0.00e+00	0.00e+00	0.00e+00	0.00e+00	0.00e+00	0.00e+00	0.00e+00	0.00e+00	0.00e+00	0.00e+00	1.21e+01	1.20e+01	0.00e+00	0.00e+00	5.17e+01	1.21e+01	1.09e-01
run_01_221	4.50e+02	1.05e+03	1.43e-02	2.50e+01	8.54e-26	1.19e+01	0.00e+00	0.00e+00	0.00e+00	0.00e+00	0.00e+00	0.00e+00	0.00e+00	0.00e+00	0.00e+00	0.00e+00	0.00e+00	1.20e+01	1.19e+01	0.00e+00	0.00e+00	5.23e+01	1.20e+01	1.20e-01
run_01_222	4.50e+02	1.10e+03	1.56e-02	2.50e+01	7.79e-26	1.17e+01	0.00e+00	0.00e+00	0.00e+00	0.00e+00	0.00e+00	0.00e+00	0.00e+00	0.00e+00	0.00e+00	0.00e+00	0.00e+00	1.19e+01	1.17e+01	0.00e+00	0.00e+00	5.28e+01	1.19e+01	1.30e-01
run_01_223	4.50e+02	1.15e+03	1.70e-02	2.50e+01	7.14e-26	1.16e+01	0.00e+00	0.00e+00	0.00e+00	0.00e+00	0.00e+00	0.00e+00	0.00e+00	0.00e+00	0.00e+00	0.00e+00	0.00e+00	1.17e+01	1.16e+01	0.00e+00	0.00e+00	5.32e+01	1.17e+01	1.42e-01
run_01_224	4.50e+02	1.20e+03	1.84e-02	2.50e+01	6.56e-26	1.16e+01	0.00e+00	0.00e+00	0.00e+00	0.00e+00	0.00e+00	0.00e+00	0.00e+00	0.00e+00	0.00e+00	0.00e+00	0.00e+00	1.17e+01	1.16e+01	0.00e+00	0.00e+00	5.36e+01	1.17e+01	1.54e-01
run_01_225	4.50e+02	1.25e+03	1.99e-02	2.50e+01	6.05e-26	1.15e+01	0.00e+00	0.00e+00	0.00e+00	0.00e+00	0.00e+00	0.00e+00	0.00e+00	0.00e+00	0.00e+00	0.00e+00	0.00e+00	1.16e+01	1.15e+01	0.00e+00	0.00e+00	5.39e+01	1.16e+01	1.66e-01
run_01_226	5.00e+02	5.00e+01	7.78e-02	2.00e+01	1.49e-26	0.00e+00	0.00e+00	0.00e+00	0.00e+00	0.00e+00	0.00e+00	0.00e+00	0.00e+00	0.00e+00	0.00e+00	0.00e+00	0.00e+00	5.00e+01	0.00e+00	0.00e+00	0.00e+00	0.00e+00	5.00e+01	6.48e-01
run_01_227	5.00e+02	1.00e+02	1.43e-02	2.30e+01	9.01e-26	4.29e+00	0.00e+00	0.00e+00	0.00e+00	0.00e+00	0.00e+00	0.00e+00	0.00e+00	0.00e+00	0.00e+00	0.00e+00	0.00e+00	4.57e+01	4.29e+00	0.00e+00	0.00e+00	0.00e+00	4.57e+01	1.19e-01
run_01_228	5.00e+02	1.50e+02	2.78e-03	2.50e+01	5.06e-25	1.72e+01	0.00e+00	0.00e+00	0.00e+00	0.00e+00	0.00e+00	0.00e+00	0.00e+00	0.00e+00	0.00e+00	0.00e+00	0.00e+00	3.28e+01	1.72e+01	0.00e+00	0.00e+00	0.00e+00	3.28e+01	2.32e-02
run_01_229	5.00e+02	2.00e+02	4.37e-04	2.70e+01	3.91e-24	2.10e+01	0.00e+00	0.00e+00	0.00e+00	0.00e+00	0.00e+00	0.00e+00	0.00e+00	0.00e+00	0.00e+00	0.00e+00	0.00e+00	2.90e+01	2.10e+01	0.00e+00	0.00e+00	0.00e+00	2.90e+01	3.64e-03
run_01_230	5.00e+02	2.50e+02	1.86e-06	3.30e+01	5.03e-22	2.26e+01	0.00e+00	0.00e+00	0.00e+00	0.00e+00	0.00e+00	0.00e+00	0.00e+00	0.00e+00	0.00e+00	0.00e+00	0.00e+00	2.74e+01	2.26e+01	0.00e+00	0.00e+00	0.00e+00	2.74e+01	1.55e-05
run_01_231	5.00e+02	3.00e+02	3.52e-04	2.80e+01	3.52e-24	2.34e+01	0.00e+00	0.00e+00	0.00e+00	0.00e+00	0.00e+00	0.00e+00	0.00e+00	0.00e+00	0.00e+00	0.00e+00	0.00e+00	2.66e+01	2.34e+01	0.00e+00	0.00e+00	0.00e+00	2.66e+01	2.93e-03
run_01_232	5.00e+02	3.50e+02	1.10e-03	2.70e+01	1.13e-24	2.38e+01	0.00e+00	0.00e+00	0.00e+00	0.00e+00	0.00e+00	0.00e+00	0.00e+00	0.00e+00	0.00e+00	0.00e+00	0.00e+00	2.62e+01	2.38e+01	0.00e+00	0.00e+00	0.00e+00	2.62e+01	9.20e-03
run_01_233	5.00e+02	4.00e+02	2.12e-03	2.60e+01	5.80e-25	2.41e+01	0.00e+00	0.00e+00	0.00e+00	0.00e+00	0.00e+00	0.00e+00	0.00e+00	0.00e+00	0.00e+00	0.00e+00	0.00e+00	2.59e+01	2.41e+01	0.00e+00	0.00e+00	0.00e+00	2.59e+01	1.77e-02
run_01_234	5.00e+02	4.50e+02	3.34e-03	2.60e+01	3.67e-25	2.43e+01	0.00e+00	0.00e+00	0.00e+00	0.00e+00	0.00e+00	0.00e+00	0.00e+00	0.00e+00	0.00e+00	0.00e+00	0.00e+00	2.57e+01	2.43e+01	0.00e+00	0.00e+00	0.00e+00	2.57e+01	2.79e-02
run_01_235	5.00e+02	5.00e+02	4.44e-03	2.50e+01	3.02e-25	2.44e+01	0.00e+00	0.00e+00	0.00e+00	0.00e+00	0.00e+00	0.00e+00	0.00e+00	0.00e+00	0.00e+00	0.00e+00	0.00e+00	2.55e+01	2.44e+01	0.00e+00	0.00e+00	9.74e-02	2.55e+01	3.70e-02
run_01_236	5.00e+02	5.50e+02	4.93e-03	2.50e+01	2.71e-25	2.07e+01	0.00e+00	0.00e+00	0.00e+00	0.00e+00	0.00e+00	0.00e+00	0.00e+00	0.00e+00	0.00e+00	0.00e+00	0.00e+00	2.15e+01	2.07e+01	0.00e+00	0.00e+00	1.57e+01	2.15e+01	4.11e-02
run_01_237	5.00e+02	6.00e+02	5.51e-03	2.50e+01	2.39e-25	1.79e+01	0.00e+00	0.00e+00	0.00e+00	0.00e+00	0.00e+00	0.00e+00	0.00e+00	0.00e+00	0.00e+00	0.00e+00	0.00e+00	1.85e+01	1.79e+01	0.00e+00	0.00e+00	2.72e+01	1.85e+01	4.59e-02
run_01_238	5.00e+02	6.50e+02	6.20e-03	2.50e+01	2.09e-25	1.62e+01	0.00e+00	0.00e+00	0.00e+00	0.00e+00	0.00e+00	0.00e+00	0.00e+00	0.00e+00	0.00e+00	0.00e+00	0.00e+00	1.66e+01	1.62e+01	0.00e+00	0.00e+00	3.43e+01	1.66e+01	5.17e-02
run_01_239	5.00e+02	7.00e+02	6.99e-03	2.50e+01	1.84e-25	1.51e+01	0.00e+00	0.00e+00	0.00e+00	0.00e+00	0.00e+00	0.00e+00	0.00e+00	0.00e+00	0.00e+00	0.00e+00	0.00e+00	1.54e+01	1.51e+01	0.00e+00	0.00e+00	3.90e+01	1.54e+01	5.82e-02
run_01_240	5.00e+02	7.50e+02	7.85e-03	2.50e+01	1.62e-25	1.43e+01	0.00e+00	0.00e+00	0.00e+00	0.00e+00	0.00e+00	0.00e+00	0.00e+00	0.00e+00	0.00e+00	0.00e+00	0.00e+00	1.46e+01	1.43e+01	0.00e+00	0.00e+00	4.23e+01	1.46e+01	6.54e-02
run_01_241	5.00e+02	8.00e+02	8.79e-03	2.50e+01	1.44e-25	1.37e+01	0.00e+00	0.00e+00	0.00e+00	0.00e+00	0.00e+00	0.00e+00	0.00e+00	0.00e+00	0.00e+00	0.00e+00	0.00e+00	1.39e+01	1.37e+01	0.00e+00	0.00e+00	4.48e+01	1.39e+01	7.32e-02
run_01_242	5.00e+02	8.50e+02	9.79e-03	2.50e+01	1.28e-25	1.32e+01	0.00e+00	0.00e+00	0.00e+00	0.00e+00	0.00e+00	0.00e+00	0.00e+00	0.00e+00	0.00e+00	0.00e+00	0.00e+00	1.35e+01	1.32e+01	0.00e+00	0.00e+00	4.66e+01	1.35e+01	8.16e-02
run_01_243	5.00e+02	9.00e+02	1.09e-02	2.50e+01	1.15e-25	1.29e+01	0.00e+00	0.00e+00	0.00e+00	0.00e+00	0.00e+00	0.00e+00	0.00e+00	0.00e+00	0.00e+00	0.00e+00	0.00e+00	1.31e+01	1.29e+01	0.00e+00	0.00e+00	4.80e+01	1.31e+01	9.05e-02
run_01_244	5.00e+02	9.50e+02	1.20e-02	2.50e+01	1.04e-25	1.26e+01	0.00e+00	0.00e+00	0.00e+00	0.00e+00	0.00e+00	0.00e+00	0.00e+00	0.00e+00	0.00e+00	0.00e+00	0.00e+00	1.28e+01	1.26e+01	0.00e+00	0.00e+00	4.92e+01	1.28e+01	9.98e-02
run_01_245	5.00e+02	1.00e+03	1.32e-02	2.50e+01	9.37e-26	1.24e+01	0.00e+00	0.00e+00	0.00e+00	0.00e+00	0.00e+00	0.00e+00	0.00e+00	0.00e+00	0.00e+00	0.00e+00	0.00e+00	1.25e+01	1.24e+01	0.00e+00	0.00e+00	5.01e+01	1.25e+01	1.10e-01
run_01_246	5.00e+02	1.05e+03	1.44e-02	2.50e+01	8.51e-26	1.22e+01	0.00e+00	0.00e+00	0.00e+00	0.00e+00	0.00e+00	0.00e+00	0.00e+00	0.00e+00	0.00e+00	0.00e+00	0.00e+00	1.23e+01	1.22e+01	0.00e+00	0.00e+00	5.09e+01	1.23e+01	1.20e-01
run_01_247	5.00e+02	1.10e+03	1.57e-02	2.50e+01	7.77e-26	1.21e+01	0.00e+00	0.00e+00	0.00e+00	0.00e+00	0.00e+00	0.00e+00	0.00e+00	0.00e+00	0.00e+00	0.00e+00	0.00e+00	1.22e+01	1.21e+01	0.00e+00	0.00e+00	5.16e+01	1.22e+01	1.31e-01
run_01_248	5.00e+02	1.15e+03	1.71e-02	2.50e+01	7.12e-26	1.19e+01	0.00e+00	0.00e+00	0.00e+00	0.00e+00	0.00e+00	0.00e+00	0.00e+00	0.00e+00	0.00e+00	0.00e+00	0.00e+00	1.20e+01	1.19e+01	0.00e+00	0.00e+00	5.21e+01	1.20e+01	1.42e-01
run_01_249	5.00e+02	1.20e+03	1.85e-02	2.50e+01	6.55e-26	1.18e+01	0.00e+00	0.00e+00	0.00e+00	0.00e+00	0.00e+00	0.00e+00	0.00e+00	0.00e+00	0.00e+00	0.00e+00	0.00e+00	1.19e+01	1.18e+01	0.00e+00	0.00e+00	5.26e+01	1.19e+01	1.54e-01
run_01_250	5.00e+02	1.25e+03	1.99e-02	2.50e+01	6.04e-26	1.17e+01	0.00e+00	0.00e+00	0.00e+00	0.00e+00	0.00e+00	0.00e+00	0.00e+00	0.00e+00	0.00e+00	0.00e+00	0.00e+00	1.18e+01	1.17e+01	0.00e+00	0.00e+00	5.30e+01	1.18e+01	1.66e-01
run_01_251	5.50e+02	5.00e+01	1.13e-01	2.00e+01	1.00e-26	0.00e+00	0.00e+00	0.00e+00	0.00e+00	0.00e+00	0.00e+00	0.00e+00	0.00e+00	0.00e+00	0.00e+00	0.00e+00	0.00e+00	5.00e+01	0.00e+00	0.00e+00	0.00e+00	0.00e+00	5.00e+01	9.45e-01
run_01_252	5.50e+02	1.00e+02	2.19e-02	2.20e+01	5.75e-26	4.30e+00	0.00e+00	0.00e+00	0.00e+00	0.00e+00	0.00e+00	0.00e+00	0.00e+00	0.00e+00	0.00e+00	0.00e+00	0.00e+00	4.57e+01	4.30e+00	0.00e+00	0.00e+00	0.00e+00	4.57e+01	1.83e-01
run_01_253	5.50e+02	1.50e+02	4.84e-03	2.40e+01	2.82e-25	1.72e+01	0.00e+00	0.00e+00	0.00e+00	0.00e+00	0.00e+00	0.00e+00	0.00e+00	0.00e+00	0.00e+00	0.00e+00	0.00e+00	3.28e+01	1.72e+01	0.00e+00	0.00e+00	0.00e+00	3.28e+01	4.03e-02
run_01_254	5.50e+02	2.00e+02	1.10e-03	2.60e+01	1.38e-24	2.10e+01	0.00e+00	0.00e+00	0.00e+00	0.00e+00	0.00e+00	0.00e+00	0.00e+00	0.00e+00	0.00e+00	0.00e+00	0.00e+00	2.90e+01	2.10e+01	0.00e+00	0.00e+00	0.00e+00	2.90e+01	9.20e-03
run_01_255	5.50e+02	2.50e+02	6.89e-05	2.90e+01	5.21e-23	2.26e+01	0.00e+00	0.00e+00	0.00e+00	0.00e+00	0.00e+00	0.00e+00	0.00e+00	0.00e+00	0.00e+00	0.00e+00	0.00e+00	2.74e+01	2.26e+01	0.00e+00	0.00e+00	0.00e+00	2.74e+01	5.74e-04
run_01_256	5.50e+02	3.00e+02	1.11e-04	2.90e+01	1.06e-23	2.34e+01	0.00e+00	0.00e+00	0.00e+00	0.00e+00	0.00e+00	0.00e+00	0.00e+00	0.00e+00	0.00e+00	0.00e+00	0.00e+00	2.66e+01	2.34e+01	0.00e+00	0.00e+00	0.00e+00	2.66e+01	9.29e-04
run_01_257	5.50e+02	3.50e+02	7.03e-04	2.70e+01	1.75e-24	2.38e+01	0.00e+00	0.00e+00	0.00e+00	0.00e+00	0.00e+00	0.00e+00	0.00e+00	0.00e+00	0.00e+00	0.00e+00	0.00e+00	2.62e+01	2.38e+01	0.00e+00	0.00e+00	0.00e+00	2.62e+01	5.85e-03
run_01_258	5.50e+02	4.00e+02	1.62e-03	2.60e+01	7.55e-25	2.41e+01	0.00e+00	0.00e+00	0.00e+00	0.00e+00	0.00e+00	0.00e+00	0.00e+00	0.00e+00	0.00e+00	0.00e+00	0.00e+00	2.59e+01	2.41e+01	0.00e+00	0.00e+00	0.00e+00	2.59e+01	1.35e-02
run_01_259	5.50e+02	4.50e+02	2.79e-03	2.60e+01	4.39e-25	2.43e+01	0.00e+00	0.00e+00	0.00e+00	0.00e+00	0.00e+00	0.00e+00	0.00e+00	0.00e+00	0.00e+00	0.00e+00	0.00e+00	2.57e+01	2.43e+01	0.00e+00	0.00e+00	0.00e+00	2.57e+01	2.32e-02
run_01_260	5.50e+02	5.00e+02	4.15e-03	2.50e+01	2.93e-25	2.44e+01	0.00e+00	0.00e+00	0.00e+00	0.00e+00	0.00e+00	0.00e+00	0.00e+00	0.00e+00	0.00e+00	0.00e+00	0.00e+00	2.56e+01	2.44e+01	0.00e+00	0.00e+00	0.00e+00	2.56e+01	3.46e-02
run_01_261	5.50e+02	5.50e+02	5.32e-03	2.50e+01	2.50e-25	2.45e+01	0.00e+00	0.00e+00	0.00e+00	0.00e+00	0.00e+00	0.00e+00	0.00e+00	0.00e+00	0.00e+00	0.00e+00	0.00e+00	2.54e+01	2.45e+01	0.00e+00	0.00e+00	9.70e-02	2.54e+01	4.43e-02
run_01_262	5.50e+02	6.00e+02	5.85e-03	2.50e+01	2.27e-25	2.11e+01	0.00e+00	0.00e+00	0.00e+00	0.00e+00	0.00e+00	0.00e+00	0.00e+00	0.00e+00	0.00e+00	0.00e+00	0.00e+00	2.18e+01	2.11e+01	0.00e+00	0.00e+00	1.43e+01	2.18e+01	4.87e-02
run_01_263	5.50e+02	6.50e+02	6.47e-03	2.50e+01	2.03e-25	1.84e+01	0.00e+00	0.00e+00	0.00e+00	0.00e+00	0.00e+00	0.00e+00	0.00e+00	0.00e+00	0.00e+00	0.00e+00	0.00e+00	1.89e+01	1.84e+01	0.00e+00	0.00e+00	2.55e+01	1.89e+01	5.39e-02
run_01_264	5.50e+02	7.00e+02	7.20e-03	2.50e+01	1.80e-25	1.66e+01	0.00e+00	0.00e+00	0.00e+00	0.00e+00	0.00e+00	0.00e+00	0.00e+00	0.00e+00	0.00e+00	0.00e+00	0.00e+00	1.70e+01	1.66e+01	0.00e+00	0.00e+00	3.26e+01	1.70e+01	6.00e-02
run_01_265	5.50e+02	7.50e+02	8.03e-03	2.50e+01	1.60e-25	1.55e+01	0.00e+00	0.00e+00	0.00e+00	0.00e+00	0.00e+00	0.00e+00	0.00e+00	0.00e+00	0.00e+00	0.00e+00	0.00e+00	1.58e+01	1.55e+01	0.00e+00	0.00e+00	3.75e+01	1.58e+01	6.69e-02
run_01_266	5.50e+02	8.00e+02	8.93e-03	2.50e+01	1.42e-25	1.46e+01	0.00e+00	0.00e+00	0.00e+00	0.00e+00	0.00e+00	0.00e+00	0.00e+00	0.00e+00	0.00e+00	0.00e+00	0.00e+00	1.49e+01	1.46e+01	0.00e+00	0.00e+00	4.09e+01	1.49e+01	7.45e-02
run_01_267	5.50e+02	8.50e+02	9.92e-03	2.50e+01	1.27e-25	1.40e+01	0.00e+00	0.00e+00	0.00e+00	0.00e+00	0.00e+00	0.00e+00	0.00e+00	0.00e+00	0.00e+00	0.00e+00	0.00e+00	1.42e+01	1.40e+01	0.00e+00	0.00e+00	4.35e+01	1.42e+01	8.26e-02
run_01_268	5.50e+02	9.00e+02	1.10e-02	2.50e+01	1.14e-25	1.35e+01	0.00e+00	0.00e+00	0.00e+00	0.00e+00	0.00e+00	0.00e+00	0.00e+00	0.00e+00	0.00e+00	0.00e+00	0.00e+00	1.37e+01	1.35e+01	0.00e+00	0.00e+00	4.55e+01	1.37e+01	9.14e-02
run_01_269	5.50e+02	9.50e+02	1.21e-02	2.50e+01	1.03e-25	1.32e+01	0.00e+00	0.00e+00	0.00e+00	0.00e+00	0.00e+00	0.00e+00	0.00e+00	0.00e+00	0.00e+00	0.00e+00	0.00e+00	1.33e+01	1.32e+01	0.00e+00	0.00e+00	4.70e+01	1.33e+01	1.01e-01
run_01_270	5.50e+02	1.00e+03	1.33e-02	2.50e+01	9.32e-26	1.29e+01	0.00e+00	0.00e+00	0.00e+00	0.00e+00	0.00e+00	0.00e+00	0.00e+00	0.00e+00	0.00e+00	0.00e+00	0.00e+00	1.30e+01	1.29e+01	0.00e+00	0.00e+00	4.82e+01	1.30e+01	1.10e-01
run_01_271	5.50e+02	1.05e+03	1.45e-02	2.50e+01	8.48e-26	1.26e+01	0.00e+00	0.00e+00	0.00e+00	0.00e+00	0.00e+00	0.00e+00	0.00e+00	0.00e+00	0.00e+00	0.00e+00	0.00e+00	1.27e+01	1.26e+01	0.00e+00	0.00e+00	4.93e+01	1.27e+01	1.21e-01
run_01_272	5.50e+02	1.10e+03	1.58e-02	2.50e+01	7.74e-26	1.24e+01	0.00e+00	0.00e+00	0.00e+00	0.00e+00	0.00e+00	0.00e+00	0.00e+00	0.00e+00	0.00e+00	0.00e+00	0.00e+00	1.25e+01	1.24e+01	0.00e+00	0.00e+00	5.01e+01	1.25e+01	1.32e-01
run_01_273	5.50e+02	1.15e+03	1.71e-02	2.50e+01	7.10e-26	1.22e+01	0.00e+00	0.00e+00	0.00e+00	0.00e+00	0.00e+00	0.00e+00	0.00e+00	0.00e+00	0.00e+00	0.00e+00	0.00e+00	1.23e+01	1.22e+01	0.00e+00	0.00e+00	5.08e+01	1.23e+01	1.43e-01
run_01_274	5.50e+02	1.20e+03	1.85e-02	2.50e+01	6.53e-26	1.21e+01	0.00e+00	0.00e+00	0.00e+00	0.00e+00	0.00e+00	0.00e+00	0.00e+00	0.00e+00	0.00e+00	0.00e+00	0.00e+00	1.22e+01	1.21e+01	0.00e+00	0.00e+00	5.14e+01	1.22e+01	1.55e-01
run_01_275	5.50e+02	1.25e+03	2.00e-02	2.50e+01	6.03e-26	1.20e+01	0.00e+00	0.00e+00	0.00e+00	0.00e+00	0.00e+00	0.00e+00	0.00e+00	0.00e+00	0.00e+00	0.00e+00	0.00e+00	1.21e+01	1.20e+01	0.00e+00	0.00e+00	5.19e+01	1.21e+01	1.67e-01
run_01_276	6.00e+02	5.00e+01	1.60e-01	2.00e+01	6.98e-27	0.00e+00	0.00e+00	0.00e+00	0.00e+00	0.00e+00	0.00e+00	0.00e+00	0.00e+00	0.00e+00	0.00e+00	0.00e+00	0.00e+00	5.00e+01	0.00e+00	0.00e+00	0.00e+00	0.00e+00	5.00e+01	1.00e+00
run_01_277	6.00e+02	1.00e+02	3.21e-02	2.20e+01	3.85e-26	4.30e+00	0.00e+00	0.00e+00	0.00e+00	0.00e+00	0.00e+00	0.00e+00	0.00e+00	0.00e+00	0.00e+00	0.00e+00	0.00e+00	4.57e+01	4.30e+00	0.00e+00	0.00e+00	0.00e+00	4.57e+01	2.68e-01
run_01_278	6.00e+02	1.50e+02	7.70e-03	2.40e+01	1.72e-25	1.72e+01	0.00e+00	0.00e+00	0.00e+00	0.00e+00	0.00e+00	0.00e+00	0.00e+00	0.00e+00	0.00e+00	0.00e+00	0.00e+00	3.28e+01	1.72e+01	0.00e+00	0.00e+00	0.00e+00	3.28e+01	6.42e-02
run_01_279	6.00e+02	2.00e+02	2.16e-03	2.50e+01	6.71e-25	2.10e+01	0.00e+00	0.00e+00	0.00e+00	0.00e+00	0.00e+00	0.00e+00	0.00e+00	0.00e+00	0.00e+00	0.00e+00	0.00e+00	2.90e+01	2.10e+01	0.00e+00	0.00e+00	0.00e+00	2.90e+01	1.80e-02
run_01_280	6.00e+02	2.50e+02	3.83e-04	2.70e+01	5.05e-24	2.26e+01	0.00e+00	0.00e+00	0.00e+00	0.00e+00	0.00e+00	0.00e+00	0.00e+00	0.00e+00	0.00e+00	0.00e+00	0.00e+00	2.74e+01	2.26e+01	0.00e+00	0.00e+00	0.00e+00	2.74e+01	3.19e-03
run_01_281	6.00e+02	3.00e+02	1.97e-06	3.30e+01	4.43e-22	2.34e+01	0.00e+00	0.00e+00	0.00e+00	0.00e+00	0.00e+00	0.00e+00	0.00e+00	0.00e+00	0.00e+00	0.00e+00	0.00e+00	2.66e+01	2.34e+01	0.00e+00	0.00e+00	0.00e+00	2.66e+01	1.64e-05
run_01_282	6.00e+02	3.50e+02	3.62e-04	2.80e+01	3.36e-24	2.38e+01	0.00e+00	0.00e+00	0.00e+00	0.00e+00	0.00e+00	0.00e+00	0.00e+00	0.00e+00	0.00e+00	0.00e+00	0.00e+00	2.62e+01	2.38e+01	0.00e+00	0.00e+00	0.00e+00	2.62e+01	3.02e-03
run_01_283	6.00e+02	4.00e+02	1.15e-03	2.70e+01	1.07e-24	2.41e+01	0.00e+00	0.00e+00	0.00e+00	0.00e+00	0.00e+00	0.00e+00	0.00e+00	0.00e+00	0.00e+00	0.00e+00	0.00e+00	2.59e+01	2.41e+01	0.00e+00	0.00e+00	0.00e+00	2.59e+01	9.59e-03
run_01_284	6.00e+02	4.50e+02	2.23e-03	2.60e+01	5.47e-25	2.43e+01	0.00e+00	0.00e+00	0.00e+00	0.00e+00	0.00e+00	0.00e+00	0.00e+00	0.00e+00	0.00e+00	0.00e+00	0.00e+00	2.57e+01	2.43e+01	0.00e+00	0.00e+00	0.00e+00	2.57e+01	1.86e-02
run_01_285	6.00e+02	5.00e+02	3.53e-03	2.60e+01	3.43e-25	2.44e+01	0.00e+00	0.00e+00	0.00e+00	0.00e+00	0.00e+00	0.00e+00	0.00e+00	0.00e+00	0.00e+00	0.00e+00	0.00e+00	2.56e+01	2.44e+01	0.00e+00	0.00e+00	0.00e+00	2.56e+01	2.95e-02
run_01_286	6.00e+02	5.50e+02	5.03e-03	2.50e+01	2.40e-25	2.45e+01	0.00e+00	0.00e+00	0.00e+00	0.00e+00	0.00e+00	0.00e+00	0.00e+00	0.00e+00	0.00e+00	0.00e+00	0.00e+00	2.55e+01	2.45e+01	0.00e+00	0.00e+00	0.00e+00	2.55e+01	4.19e-02
run_01_287	6.00e+02	6.00e+02	6.27e-03	2.50e+01	2.11e-25	2.46e+01	0.00e+00	0.00e+00	0.00e+00	0.00e+00	0.00e+00	0.00e+00	0.00e+00	0.00e+00	0.00e+00	0.00e+00	0.00e+00	2.54e+01	2.46e+01	0.00e+00	0.00e+00	9.67e-02	2.54e+01	5.23e-02
run_01_288	6.00e+02	6.50e+02	6.84e-03	2.50e+01	1.93e-25	2.14e+01	0.00e+00	0.00e+00	0.00e+00	0.00e+00	0.00e+00	0.00e+00	0.00e+00	0.00e+00	0.00e+00	0.00e+00	0.00e+00	2.20e+01	2.14e+01	0.00e+00	0.00e+00	1.31e+01	2.20e+01	5.70e-02
run_01_289	6.00e+02	7.00e+02	7.50e-03	2.50e+01	1.74e-25	1.88e+01	0.00e+00	0.00e+00	0.00e+00	0.00e+00	0.00e+00	0.00e+00	0.00e+00	0.00e+00	0.00e+00	0.00e+00	0.00e+00	1.92e+01	1.88e+01	0.00e+00	0.00e+00	2.39e+01	1.92e+01	6.25e-02
run_01_290	6.00e+02	7.50e+02	8.27e-03	2.50e+01	1.56e-25	1.71e+01	0.00e+00	0.00e+00	0.00e+00	0.00e+00	0.00e+00	0.00e+00	0.00e+00	0.00e+00	0.00e+00	0.00e+00	0.00e+00	1.74e+01	1.71e+01	0.00e+00	0.00e+00	3.11e+01	1.74e+01	6.89e-02
run_01_291	6.00e+02	8.00e+02	9.14e-03	2.50e+01	1.40e-25	1.59e+01	0.00e+00	0.00e+00	0.00e+00	0.00e+00	0.00e+00	0.00e+00	0.00e+00	0.00e+00	0.00e+00	0.00e+00	0.00e+00	1.61e+01	1.59e+01	0.00e+00	0.00e+00	3.60e+01	1.61e+01	7.61e-02
run_01_292	6.00e+02	8.50e+02	1.01e-02	2.50e+01	1.25e-25	1.50e+01	0.00e+00	0.00e+00	0.00e+00	0.00e+00	0.00e+00	0.00e+00	0.00e+00	0.00e+00	0.00e+00	0.00e+00	0.00e+00	1.52e+01	1.50e+01	0.00e+00	0.00e+00	3.96e+01	1.52e+01	8.41e-02
run_01_293	6.00e+02	9.00e+02	1.11e-02	2.50e+01	1.13e-25	1.43e+01	0.00e+00	0.00e+00	0.00e+00	0.00e+00	0.00e+00	0.00e+00	0.00e+00	0.00e+00	0.00e+00	0.00e+00	0.00e+00	1.45e+01	1.43e+01	0.00e+00	0.00e+00	4.23e+01	1.45e+01	9.26e-02
run_01_294	6.00e+02	9.50e+02	1.22e-02	2.50e+01	1.02e-25	1.38e+01	0.00e+00	0.00e+00	0.00e+00	0.00e+00	0.00e+00	0.00e+00	0.00e+00	0.00e+00	0.00e+00	0.00e+00	0.00e+00	1.40e+01	1.38e+01	0.00e+00	0.00e+00	4.43e+01	1.40e+01	1.02e-01
run_01_295	6.00e+02	1.00e+03	1.34e-02	2.50e+01	9.26e-26	1.34e+01	0.00e+00	0.00e+00	0.00e+00	0.00e+00	0.00e+00	0.00e+00	0.00e+00	0.00e+00	0.00e+00	0.00e+00	0.00e+00	1.36e+01	1.34e+01	0.00e+00	0.00e+00	4.60e+01	1.36e+01	1.11e-01
run_01_296	6.00e+02	1.05e+03	1.46e-02	2.50e+01	8.43e-26	1.31e+01	0.00e+00	0.00e+00	0.00e+00	0.00e+00	0.00e+00	0.00e+00	0.00e+00	0.00e+00	0.00e+00	0.00e+00	0.00e+00	1.32e+01	1.31e+01	0.00e+00	0.00e+00	4.73e+01	1.32e+01	1.22e-01
run_01_297	6.00e+02	1.10e+03	1.59e-02	2.50e+01	7.71e-26	1.28e+01	0.00e+00	0.00e+00	0.00e+00	0.00e+00	0.00e+00	0.00e+00	0.00e+00	0.00e+00	0.00e+00	0.00e+00	0.00e+00	1.30e+01	1.28e+01	0.00e+00	0.00e+00	4.84e+01	1.30e+01	1.32e-01
run_01_298	6.00e+02	1.15e+03	1.72e-02	2.50e+01	7.07e-26	1.26e+01	0.00e+00	0.00e+00	0.00e+00	0.00e+00	0.00e+00	0.00e+00	0.00e+00	0.00e+00	0.00e+00	0.00e+00	0.00e+00	1.27e+01	1.26e+01	0.00e+00	0.00e+00	4.93e+01	1.27e+01	1.44e-01
run_01_299	6.00e+02	1.20e+03	1.86e-02	2.50e+01	6.51e-26	1.24e+01	0.00e+00	0.00e+00	0.00e+00	0.00e+00	0.00e+00	0.00e+00	0.00e+00	0.00e+00	0.00e+00	0.00e+00	0.00e+00	1.25e+01	1.24e+01	0.00e+00	0.00e+00	5.01e+01	1.25e+01	1.55e-01
run_01_300	6.00e+02	1.25e+03	2.01e-02	2.50e+01	6.01e-26	1.23e+01	0.00e+00	0.00e+00	0.00e+00	0.00e+00	0.00e+00	0.00e+00	0.00e+00	0.00e+00	0.00e+00	0.00e+00	0.00e+00	1.24e+01	1.23e+01	0.00e+00	0.00e+00	5.08e+01	1.24e+01	1.67e-01
run_01_301	6.50e+02	5.00e+01	2.18e-01	1.90e+01	5.02e-27	0.00e+00	0.00e+00	0.00e+00	0.00e+00	0.00e+00	0.00e+00	0.00e+00	0.00e+00	0.00e+00	0.00e+00	0.00e+00	0.00e+00	5.00e+01	0.00e+00	0.00e+00	0.00e+00	0.00e+00	5.00e+01	1.00e+00
run_01_302	6.50e+02	1.00e+02	4.52e-02	2.10e+01	2.69e-26	4.30e+00	0.00e+00	0.00e+00	0.00e+00	0.00e+00	0.00e+00	0.00e+00	0.00e+00	0.00e+00	0.00e+00	0.00e+00	0.00e+00	4.57e+01	4.30e+00	0.00e+00	0.00e+00	0.00e+00	4.57e+01	3.77e-01
run_01_303	6.50e+02	1.50e+02	1.15e-02	2.30e+01	1.13e-25	1.72e+01	0.00e+00	0.00e+00	0.00e+00	0.00e+00	0.00e+00	0.00e+00	0.00e+00	0.00e+00	0.00e+00	0.00e+00	0.00e+00	3.28e+01	1.72e+01	0.00e+00	0.00e+00	0.00e+00	3.28e+01	9.60e-02
run_01_304	6.50e+02	2.00e+02	3.68e-03	2.50e+01	3.78e-25	2.10e+01	0.00e+00	0.00e+00	0.00e+00	0.00e+00	0.00e+00	0.00e+00	0.00e+00	0.00e+00	0.00e+00	0.00e+00	0.00e+00	2.90e+01	2.10e+01	0.00e+00	0.00e+00	0.00e+00	2.90e+01	3.07e-02
run_01_305	6.50e+02	2.50e+02	9.66e-04	2.60e+01	1.65e-24	2.26e+01	0.00e+00	0.00e+00	0.00e+00	0.00e+00	0.00e+00	0.00e+00	0.00e+00	0.00e+00	0.00e+00	0.00e+00	0.00e+00	2.74e+01	2.26e+01	0.00e+00	0.00e+00	0.00e+00	2.74e+01	8.05e-03
run_01_306	6.50e+02	3.00e+02	5.55e-05	3.00e+01	7.18e-23	2.34e+01	0.00e+00	0.00e+00	0.00e+00	0.00e+00	0.00e+00	0.00e+00	0.00e+00	0.00e+00	0.00e+00	0.00e+00	0.00e+00	2.66e+01	2.34e+01	0.00e+00	0.00e+00	0.00e+00	2.66e+01	4.63e-04
run_01_307	6.50e+02	3.50e+02	1.14e-04	2.90e+01	1.00e-23	2.38e+01	0.00e+00	0.00e+00	0.00e+00	0.00e+00	0.00e+00	0.00e+00	0.00e+00	0.00e+00	0.00e+00	0.00e+00	0.00e+00	2.62e+01	2.38e+01	0.00e+00	0.00e+00	0.00e+00	2.62e+01	9.53e-04
run_01_308	6.50e+02	4.00e+02	7.26e-04	2.70e+01	1.67e-24	2.41e+01	0.00e+00	0.00e+00	0.00e+00	0.00e+00	0.00e+00	0.00e+00	0.00e+00	0.00e+00	0.00e+00	0.00e+00	0.00e+00	2.59e+01	2.41e+01	0.00e+00	0.00e+00	0.00e+00	2.59e+01	6.05e-03
run_01_309	6.50e+02	4.50e+02	1.69e-03	2.60e+01	7.17e-25	2.43e+01	0.00e+00	0.00e+00	0.00e+00	0.00e+00	0.00e+00	0.00e+00	0.00e+00	0.00e+00	0.00e+00	0.00e+00	0.00e+00	2.57e+01	2.43e+01	0.00e+00	0.00e+00	0.00e+00	2.57e+01	1.41e-02
run_01_310	6.50e+02	5.00e+02	2.92e-03	2.60e+01	4.15e-25	2.44e+01	0.00e+00	0.00e+00	0.00e+00	0.00e+00	0.00e+00	0.00e+00	0.00e+00	0.00e+00	0.00e+00	0.00e+00	0.00e+00	2.56e+01	2.44e+01	0.00e+00	0.00e+00	0.00e+00	2.56e+01	2.43e-02
run_01_311	6.50e+02	5.50e+02	4.37e-03	2.60e+01	2.76e-25	2.45e+01	0.00e+00	0.00e+00	0.00e+00	0.00e+00	0.00e+00	0.00e+00	0.00e+00	0.00e+00	0.00e+00	0.00e+00	0.00e+00	2.55e+01	2.45e+01	0.00e+00	0.00e+00	0.00e+00	2.55e+01	3.64e-02
run_01_312	6.50e+02	6.00e+02	5.99e-03	2.50e+01	2.01e-25	2.46e+01	0.00e+00	0.00e+00	0.00e+00	0.00e+00	0.00e+00	0.00e+00	0.00e+00	0.00e+00	0.00e+00	0.00e+00	0.00e+00	2.54e+01	2.46e+01	0.00e+00	0.00e+00	0.00e+00	2.54e+01	4.99e-02
run_01_313	6.50e+02	6.50e+02	7.30e-03	2.50e+01	1.80e-25	2.46e+01	0.00e+00	0.00e+00	0.00e+00	0.00e+00	0.00e+00	0.00e+00	0.00e+00	0.00e+00	0.00e+00	0.00e+00	0.00e+00	2.53e+01	2.46e+01	0.00e+00	0.00e+00	9.65e-02	2.53e+01	6.08e-02
run_01_314	6.50e+02	7.00e+02	7.91e-03	2.50e+01	1.66e-25	2.17e+01	0.00e+00	0.00e+00	0.00e+00	0.00e+00	0.00e+00	0.00e+00	0.00e+00	0.00e+00	0.00e+00	0.00e+00	0.00e+00	2.22e+01	2.17e+01	0.00e+00	0.00e+00	1.21e+01	2.22e+01	6.60e-02
run_01_315	6.50e+02	7.50e+02	8.61e-03	2.50e+01	1.51e-25	1.92e+01	0.00e+00	0.00e+00	0.00e+00	0.00e+00	0.00e+00	0.00e+00	0.00e+00	0.00e+00	0.00e+00	0.00e+00	0.00e+00	1.96e+01	1.92e+01	0.00e+00	0.00e+00	2.25e+01	1.96e+01	7.17e-02
run_01_316	6.50e+02	8.00e+02	9.41e-03	2.50e+01	1.36e-25	1.74e+01	0.00e+00	0.00e+00	0.00e+00	0.00e+00	0.00e+00	0.00e+00	0.00e+00	0.00e+00	0.00e+00	0.00e+00	0.00e+00	1.77e+01	1.74e+01	0.00e+00	0.00e+00	2.96e+01	1.77e+01	7.84e-02
run_01_317	6.50e+02	8.50e+02	1.03e-02	2.50e+01	1.23e-25	1.62e+01	0.00e+00	0.00e+00	0.00e+00	0.00e+00	0.00e+00	0.00e+00	0.00e+00	0.00e+00	0.00e+00	0.00e+00	0.00e+00	1.65e+01	1.62e+01	0.00e+00	0.00e+00	3.46e+01	1.65e+01	8.60e-02
run_01_318	6.50e+02	9.00e+02	1.13e-02	2.50e+01	1.11e-25	1.53e+01	0.00e+00	0.00e+00	0.00e+00	0.00e+00	0.00e+00	0.00e+00	0.00e+00	0.00e+00	0.00e+00	0.00e+00	0.00e+00	1.55e+01	1.53e+01	0.00e+00	0.00e+00	3.83e+01	1.55e+01	9.43e-02
run_01_319	6.50e+02	9.50e+02	1.24e-02	2.50e+01	1.01e-25	1.46e+01	0.00e+00	0.00e+00	0.00e+00	0.00e+00	0.00e+00	0.00e+00	0.00e+00	0.00e+00	0.00e+00	0.00e+00	0.00e+00	1.48e+01	1.46e+01	0.00e+00	0.00e+00	4.11e+01	1.48e+01	1.03e-01
run_01_320	6.50e+02	1.00e+03	1.35e-02	2.50e+01	9.18e-26	1.41e+01	0.00e+00	0.00e+00	0.00e+00	0.00e+00	0.00e+00	0.00e+00	0.00e+00	0.00e+00	0.00e+00	0.00e+00	0.00e+00	1.43e+01	1.41e+01	0.00e+00	0.00e+00	4.33e+01	1.43e+01	1.13e-01
run_01_321	6.50e+02	1.05e+03	1.47e-02	2.50e+01	8.37e-26	1.37e+01	0.00e+00	0.00e+00	0.00e+00	0.00e+00	0.00e+00	0.00e+00	0.00e+00	0.00e+00	0.00e+00	0.00e+00	0.00e+00	1.38e+01	1.37e+01	0.00e+00	0.00e+00	4.50e+01	1.38e+01	1.23e-01
run_01_322	6.50e+02	1.10e+03	1.60e-02	2.50e+01	7.67e-26	1.33e+01	0.00e+00	0.00e+00	0.00e+00	0.00e+00	0.00e+00	0.00e+00	0.00e+00	0.00e+00	0.00e+00	0.00e+00	0.00e+00	1.35e+01	1.33e+01	0.00e+00	0.00e+00	4.64e+01	1.35e+01	1.33e-01
run_01_323	6.50e+02	1.15e+03	1.73e-02	2.50e+01	7.04e-26	1.31e+01	0.00e+00	0.00e+00	0.00e+00	0.00e+00	0.00e+00	0.00e+00	0.00e+00	0.00e+00	0.00e+00	0.00e+00	0.00e+00	1.32e+01	1.31e+01	0.00e+00	0.00e+00	4.76e+01	1.32e+01	1.44e-01
run_01_324	6.50e+02	1.20e+03	1.87e-02	2.50e+01	6.48e-26	1.28e+01	0.00e+00	0.00e+00	0.00e+00	0.00e+00	0.00e+00	0.00e+00	0.00e+00	0.00e+00	0.00e+00	0.00e+00	0.00e+00	1.29e+01	1.28e+01	0.00e+00	0.00e+00	4.85e+01	1.29e+01	1.56e-01
run_01_325	6.50e+02	1.25e+03	2.02e-02	2.50e+01	5.99e-26	1.26e+01	0.00e+00	0.00e+00	0.00e+00	0.00e+00	0.00e+00	0.00e+00	0.00e+00	0.00e+00	0.00e+00	0.00e+00	0.00e+00	1.27e+01	1.26e+01	0.00e+00	0.00e+00	4.94e+01	1.27e+01	1.68e-01
run_01_326	7.00e+02	5.00e+01	2.91e-01	1.90e+01	3.71e-27	0.00e+00	0.00e+00	0.00e+00	0.00e+00	0.00e+00	0.00e+00	0.00e+00	0.00e+00	0.00e+00	0.00e+00	0.00e+00	0.00e+00	5.00e+01	0.00e+00	0.00e+00	0.00e+00	0.00e+00	5.00e+01	1.00e+00
run_01_327	7.00e+02	1.00e+02	6.17e-02	2.10e+01	1.94e-26	4.30e+00	0.00e+00	0.00e+00	0.00e+00	0.00e+00	0.00e+00	0.00e+00	0.00e+00	0.00e+00	0.00e+00	0.00e+00	0.00e+00	4.57e+01	4.30e+00	0.00e+00	0.00e+00	0.00e+00	4.57e+01	5.14e-01
run_01_328	7.00e+02	1.50e+02	1.65e-02	2.30e+01	7.73e-26	1.72e+01	0.00e+00	0.00e+00	0.00e+00	0.00e+00	0.00e+00	0.00e+00	0.00e+00	0.00e+00	0.00e+00	0.00e+00	0.00e+00	3.28e+01	1.72e+01	0.00e+00	0.00e+00	0.00e+00	3.28e+01	1.37e-01
run_01_329	7.00e+02	2.00e+02	5.76e-03	2.40e+01	2.35e-25	2.10e+01	0.00e+00	0.00e+00	0.00e+00	0.00e+00	0.00e+00	0.00e+00	0.00e+00	0.00e+00	0.00e+00	0.00e+00	0.00e+00	2.90e+01	2.10e+01	0.00e+00	0.00e+00	0.00e+00	2.90e+01	4.80e-02
run_01_330	7.00e+02	2.50e+02	1.87e-03	2.60e+01	7.92e-25	2.26e+01	0.00e+00	0.00e+00	0.00e+00	0.00e+00	0.00e+00	0.00e+00	0.00e+00	0.00e+00	0.00e+00	0.00e+00	0.00e+00	2.74e+01	2.26e+01	0.00e+00	0.00e+00	0.00e+00	2.74e+01	1.56e-02
run_01_331	7.00e+02	3.00e+02	3.45e-04	2.80e+01	6.45e-24	2.34e+01	0.00e+00	0.00e+00	0.00e+00	0.00e+00	0.00e+00	0.00e+00	0.00e+00	0.00e+00	0.00e+00	0.00e+00	0.00e+00	2.66e+01	2.34e+01	0.00e+00	0.00e+00	0.00e+00	2.66e+01	2.88e-03
run_01_332	7.00e+02	3.50e+02	2.09e-06	3.30e+01	3.92e-22	2.38e+01	0.00e+00	0.00e+00	0.00e+00	0.00e+00	0.00e+00	0.00e+00	0.00e+00	0.00e+00	0.00e+00	0.00e+00	0.00e+00	2.62e+01	2.38e+01	0.00e+00	0.00e+00	0.00e+00	2.62e+01	1.74e-05
run_01_333	7.00e+02	4.00e+02	3.72e-04	2.80e+01	3.21e-24	2.41e+01	0.00e+00	0.00e+00	0.00e+00	0.00e+00	0.00e+00	0.00e+00	0.00e+00	0.00e+00	0.00e+00	0.00e+00	0.00e+00	2.59e+01	2.41e+01	0.00e+00	0.00e+00	0.00e+00	2.59e+01	3.10e-03
run_01_334	7.00e+02	4.50e+02	1.19e-03	2.70e+01	1.02e-24	2.43e+01	0.00e+00	0.00e+00	0.00e+00	0.00e+00	0.00e+00	0.00e+00	0.00e+00	0.00e+00	0.00e+00	0.00e+00	0.00e+00	2.57e+01	2.43e+01	0.00e+00	0.00e+00	0.00e+00	2.57e+01	9.92e-03
run_01_335	7.00e+02	5.00e+02	2.32e-03	2.60e+01	5.20e-25	2.44e+01	0.00e+00	0.00e+00	0.00e+00	0.00e+00	0.00e+00	0.00e+00	0.00e+00	0.00e+00	0.00e+00	0.00e+00	0.00e+00	2.56e+01	2.44e+01	0.00e+00	0.00e+00	0.00e+00	2.56e+01	1.93e-02
run_01_336	7.00e+02	5.50e+02	3.70e-03	2.60e+01	3.26e-25	2.45e+01	0.00e+00	0.00e+00	0.00e+00	0.00e+00	0.00e+00	0.00e+00	0.00e+00	0.00e+00	0.00e+00	0.00e+00	0.00e+00	2.55e+01	2.45e+01	0.00e+00	0.00e+00	0.00e+00	2.55e+01	3.08e-02
run_01_337	7.00e+02	6.00e+02	5.28e-03	2.50e+01	2.25e-25	2.46e+01	0.00e+00	0.00e+00	0.00e+00	0.00e+00	0.00e+00	0.00e+00	0.00e+00	0.00e+00	0.00e+00	0.00e+00	0.00e+00	2.54e+01	2.46e+01	0.00e+00	0.00e+00	0.00e+00	2.54e+01	4.40e-02
run_01_338	7.00e+02	6.50e+02	7.04e-03	2.50e+01	1.71e-25	2.47e+01	0.00e+00	0.00e+00	0.00e+00	0.00e+00	0.00e+00	0.00e+00	0.00e+00	0.00e+00	0.00e+00	0.00e+00	0.00e+00	2.53e+01	2.47e+01	0.00e+00	0.00e+00	0.00e+00	2.53e+01	5.86e-02
run_01_339	7.00e+02	7.00e+02	8.40e-03	2.50e+01	1.55e-25	2.47e+01	0.00e+00	0.00e+00	0.00e+00	0.00e+00	0.00e+00	0.00e+00	0.00e+00	0.00e+00	0.00e+00	0.00e+00	0.00e+00	2.53e+01	2.47e+01	0.00e+00	0.00e+00	9.63e-02	2.53e+01	7.00e-02
run_01_340	7.00e+02	7.50e+02	9.06e-03	2.50e+01	1.44e-25	2.20e+01	0.00e+00	0.00e+00	0.00e+00	0.00e+00	0.00e+00	0.00e+00	0.00e+00	0.00e+00	0.00e+00	0.00e+00	0.00e+00	2.24e+01	2.20e+01	0.00e+00	0.00e+00	1.12e+01	2.24e+01	7.55e-02
run_01_341	7.00e+02	8.00e+02	9.79e-03	2.50e+01	1.32e-25	1.95e+01	0.00e+00	0.00e+00	0.00e+00	0.00e+00	0.00e+00	0.00e+00	0.00e+00	0.00e+00	0.00e+00	0.00e+00	0.00e+00	1.99e+01	1.95e+01	0.00e+00	0.00e+00	2.12e+01	1.99e+01	8.16e-02
run_01_342	7.00e+02	8.50e+02	1.06e-02	2.50e+01	1.20e-25	1.78e+01	0.00e+00	0.00e+00	0.00e+00	0.00e+00	0.00e+00	0.00e+00	0.00e+00	0.00e+00	0.00e+00	0.00e+00	0.00e+00	1.81e+01	1.78e+01	0.00e+00	0.00e+00	2.83e+01	1.81e+01	8.86e-02
run_01_343	7.00e+02	9.00e+02	1.16e-02	2.50e+01	1.09e-25	1.65e+01	0.00e+00	0.00e+00	0.00e+00	0.00e+00	0.00e+00	0.00e+00	0.00e+00	0.00e+00	0.00e+00	0.00e+00	0.00e+00	1.68e+01	1.65e+01	0.00e+00	0.00e+00	3.33e+01	1.68e+01	9.64e-02
run_01_344	7.00e+02	9.50e+02	1.26e-02	2.50e+01	9.95e-26	1.56e+01	0.00e+00	0.00e+00	0.00e+00	0.00e+00	0.00e+00	0.00e+00	0.00e+00	0.00e+00	0.00e+00	0.00e+00	0.00e+00	1.58e+01	1.56e+01	0.00e+00	0.00e+00	3.71e+01	1.58e+01	1.05e-01
run_01_345	7.00e+02	1.00e+03	1.37e-02	2.50e+01	9.08e-26	1.49e+01	0.00e+00	0.00e+00	0.00e+00	0.00e+00	0.00e+00	0.00e+00	0.00e+00	0.00e+00	0.00e+00	0.00e+00	0.00e+00	1.51e+01	1.49e+01	0.00e+00	0.00e+00	4.00e+01	1.51e+01	1.14e-01
run_01_346	7.00e+02	1.05e+03	1.49e-02	2.50e+01	8.30e-26	1.44e+01	0.00e+00	0.00e+00	0.00e+00	0.00e+00	0.00e+00	0.00e+00	0.00e+00	0.00e+00	0.00e+00	0.00e+00	0.00e+00	1.45e+01	1.44e+01	0.00e+00	0.00e+00	4.22e+01	1.45e+01	1.24e-01
run_01_347	7.00e+02	1.10e+03	1.62e-02	2.50e+01	7.61e-26	1.39e+01	0.00e+00	0.00e+00	0.00e+00	0.00e+00	0.00e+00	0.00e+00	0.00e+00	0.00e+00	0.00e+00	0.00e+00	0.00e+00	1.41e+01	1.39e+01	0.00e+00	0.00e+00	4.40e+01	1.41e+01	1.35e-01
run_01_348	7.00e+02	1.15e+03	1.75e-02	2.50e+01	7.00e-26	1.36e+01	0.00e+00	0.00e+00	0.00e+00	0.00e+00	0.00e+00	0.00e+00	0.00e+00	0.00e+00	0.00e+00	0.00e+00	0.00e+00	1.37e+01	1.36e+01	0.00e+00	0.00e+00	4.55e+01	1.37e+01	1.46e-01
run_01_349	7.00e+02	1.20e+03	1.89e-02	2.50e+01	6.45e-26	1.33e+01	0.00e+00	0.00e+00	0.00e+00	0.00e+00	0.00e+00	0.00e+00	0.00e+00	0.00e+00	0.00e+00	0.00e+00	0.00e+00	1.34e+01	1.33e+01	0.00e+00	0.00e+00	4.67e+01	1.34e+01	1.57e-01
run_01_350	7.00e+02	1.25e+03	2.03e-02	2.50e+01	5.96e-26	1.30e+01	0.00e+00	0.00e+00	0.00e+00	0.00e+00	0.00e+00	0.00e+00	0.00e+00	0.00e+00	0.00e+00	0.00e+00	0.00e+00	1.31e+01	1.30e+01	0.00e+00	0.00e+00	4.78e+01	1.31e+01	1.69e-01
run_01_351	7.50e+02	5.00e+01	3.81e-01	1.90e+01	2.80e-27	0.00e+00	0.00e+00	0.00e+00	0.00e+00	0.00e+00	0.00e+00	0.00e+00	0.00e+00	0.00e+00	0.00e+00	0.00e+00	0.00e+00	5.00e+01	0.00e+00	0.00e+00	0.00e+00	0.00e+00	5.00e+01	1.00e+00
run_01_352	7.50e+02	1.00e+02	8.21e-02	2.10e+01	1.44e-26	4.30e+00	0.00e+00	0.00e+00	0.00e+00	0.00e+00	0.00e+00	0.00e+00	0.00e+00	0.00e+00	0.00e+00	0.00e+00	0.00e+00	4.57e+01	4.30e+00	0.00e+00	0.00e+00	0.00e+00	4.57e+01	6.85e-01
run_01_353	7.50e+02	1.50e+02	2.27e-02	2.30e+01	5.51e-26	1.72e+01	0.00e+00	0.00e+00	0.00e+00	0.00e+00	0.00e+00	0.00e+00	0.00e+00	0.00e+00	0.00e+00	0.00e+00	0.00e+00	3.28e+01	1.72e+01	0.00e+00	0.00e+00	0.00e+00	3.28e+01	1.89e-01
run_01_354	7.50e+02	2.00e+02	8.48e-03	2.40e+01	1.56e-25	2.10e+01	0.00e+00	0.00e+00	0.00e+00	0.00e+00	0.00e+00	0.00e+00	0.00e+00	0.00e+00	0.00e+00	0.00e+00	0.00e+00	2.90e+01	2.10e+01	0.00e+00	0.00e+00	0.00e+00	2.90e+01	7.07e-02
run_01_355	7.50e+02	2.50e+02	3.16e-03	2.50e+01	4.52e-25	2.26e+01	0.00e+00	0.00e+00	0.00e+00	0.00e+00	0.00e+00	0.00e+00	0.00e+00	0.00e+00	0.00e+00	0.00e+00	0.00e+00	2.74e+01	2.26e+01	0.00e+00	0.00e+00	0.00e+00	2.74e+01	2.63e-02
run_01_356	7.50e+02	3.00e+02	8.82e-04	2.70e+01	1.89e-24	2.34e+01	0.00e+00	0.00e+00	0.00e+00	0.00e+00	0.00e+00	0.00e+00	0.00e+00	0.00e+00	0.00e+00	0.00e+00	0.00e+00	2.66e+01	2.34e+01	0.00e+00	0.00e+00	0.00e+00	2.66e+01	7.35e-03
run_01_357	7.50e+02	3.50e+02	4.52e-05	3.00e+01	9.68e-23	2.38e+01	0.00e+00	0.00e+00	0.00e+00	0.00e+00	0.00e+00	0.00e+00	0.00e+00	0.00e+00	0.00e+00	0.00e+00	0.00e+00	2.62e+01	2.38e+01	0.00e+00	0.00e+00	0.00e+00	2.62e+01	3.76e-04
run_01_358	7.50e+02	4.00e+02	1.18e-04	2.90e+01	9.51e-24	2.41e+01	0.00e+00	0.00e+00	0.00e+00	0.00e+00	0.00e+00	0.00e+00	0.00e+00	0.00e+00	0.00e+00	0.00e+00	0.00e+00	2.59e+01	2.41e+01	0.00e+00	0.00e+00	0.00e+00	2.59e+01	9.79e-04
run_01_359	7.50e+02	4.50e+02	7.46e-04	2.70e+01	1.60e-24	2.43e+01	0.00e+00	0.00e+00	0.00e+00	0.00e+00	0.00e+00	0.00e+00	0.00e+00	0.00e+00	0.00e+00	0.00e+00	0.00e+00	2.57e+01	2.43e+01	0.00e+00	0.00e+00	0.00e+00	2.57e+01	6.22e-03
run_01_360	7.50e+02	5.00e+02	1.75e-03	2.60e+01	6.86e-25	2.44e+01	0.00e+00	0.00e+00	0.00e+00	0.00e+00	0.00e+00	0.00e+00	0.00e+00	0.00e+00	0.00e+00	0.00e+00	0.00e+00	2.56e+01	2.44e+01	0.00e+00	0.00e+00	0.00e+00	2.56e+01	1.46e-02
run_01_361	7.50e+02	5.50e+02	3.04e-03	2.60e+01	3.95e-25	2.45e+01	0.00e+00	0.00e+00	0.00e+00	0.00e+00	0.00e+00	0.00e+00	0.00e+00	0.00e+00	0.00e+00	0.00e+00	0.00e+00	2.55e+01	2.45e+01	0.00e+00	0.00e+00	0.00e+00	2.55e+01	2.53e-02
run_01_362	7.50e+02	6.00e+02	4.56e-03	2.60e+01	2.63e-25	2.46e+01	0.00e+00	0.00e+00	0.00e+00	0.00e+00	0.00e+00	0.00e+00	0.00e+00	0.00e+00	0.00e+00	0.00e+00	0.00e+00	2.54e+01	2.46e+01	0.00e+00	0.00e+00	0.00e+00	2.54e+01	3.80e-02
run_01_363	7.50e+02	6.50e+02	6.28e-03	2.50e+01	1.89e-25	2.47e+01	0.00e+00	0.00e+00	0.00e+00	0.00e+00	0.00e+00	0.00e+00	0.00e+00	0.00e+00	0.00e+00	0.00e+00	0.00e+00	2.53e+01	2.47e+01	0.00e+00	0.00e+00	0.00e+00	2.53e+01	5.23e-02
run_01_364	7.50e+02	7.00e+02	8.16e-03	2.50e+01	1.47e-25	2.47e+01	0.00e+00	0.00e+00	0.00e+00	0.00e+00	0.00e+00	0.00e+00	0.00e+00	0.00e+00	0.00e+00	0.00e+00	0.00e+00	2.53e+01	2.47e+01	0.00e+00	0.00e+00	0.00e+00	2.53e+01	6.80e-02
run_01_365	7.50e+02	7.50e+02	9.58e-03	2.50e+01	1.35e-25	2.47e+01	0.00e+00	0.00e+00	0.00e+00	0.00e+00	0.00e+00	0.00e+00	0.00e+00	0.00e+00	0.00e+00	0.00e+00	0.00e+00	2.52e+01	2.47e+01	0.00e+00	0.00e+00	9.62e-02	2.52e+01	7.98e-02
run_01_366	7.50e+02	8.00e+02	1.03e-02	2.50e+01	1.26e-25	2.22e+01	0.00e+00	0.00e+00	0.00e+00	0.00e+00	0.00e+00	0.00e+00	0.00e+00	0.00e+00	0.00e+00	0.00e+00	0.00e+00	2.26e+01	2.22e+01	0.00e+00	0.00e+00	1.04e+01	2.26e+01	8.56e-02
run_01_367	7.50e+02	8.50e+02	1.10e-02	2.50e+01	1.16e-25	1.98e+01	0.00e+00	0.00e+00	0.00e+00	0.00e+00	0.00e+00	0.00e+00	0.00e+00	0.00e+00	0.00e+00	0.00e+00	0.00e+00	2.01e+01	1.98e+01	0.00e+00	0.00e+00	2.00e+01	2.01e+01	9.20e-02
run_01_368	7.50e+02	9.00e+02	1.19e-02	2.50e+01	1.07e-25	1.81e+01	0.00e+00	0.00e+00	0.00e+00	0.00e+00	0.00e+00	0.00e+00	0.00e+00	0.00e+00	0.00e+00	0.00e+00	0.00e+00	1.84e+01	1.81e+01	0.00e+00	0.00e+00	2.70e+01	1.84e+01	9.93e-02
run_01_369	7.50e+02	9.50e+02	1.29e-02	2.50e+01	9.77e-26	1.69e+01	0.00e+00	0.00e+00	0.00e+00	0.00e+00	0.00e+00	0.00e+00	0.00e+00	0.00e+00	0.00e+00	0.00e+00	0.00e+00	1.71e+01	1.69e+01	0.00e+00	0.00e+00	3.21e+01	1.71e+01	1.07e-01
run_01_370	7.50e+02	1.00e+03	1.40e-02	2.50e+01	8.95e-26	1.59e+01	0.00e+00	0.00e+00	0.00e+00	0.00e+00	0.00e+00	0.00e+00	0.00e+00	0.00e+00	0.00e+00	0.00e+00	0.00e+00	1.61e+01	1.59e+01	0.00e+00	0.00e+00	3.59e+01	1.61e+01	1.16e-01
run_01_371	7.50e+02	1.05e+03	1.51e-02	2.50e+01	8.20e-26	1.52e+01	0.00e+00	0.00e+00	0.00e+00	0.00e+00	0.00e+00	0.00e+00	0.00e+00	0.00e+00	0.00e+00	0.00e+00	0.00e+00	1.54e+01	1.52e+01	0.00e+00	0.00e+00	3.89e+01	1.54e+01	1.26e-01
run_01_372	7.50e+02	1.10e+03	1.64e-02	2.50e+01	7.54e-26	1.46e+01	0.00e+00	0.00e+00	0.00e+00	0.00e+00	0.00e+00	0.00e+00	0.00e+00	0.00e+00	0.00e+00	0.00e+00	0.00e+00	1.48e+01	1.46e+01	0.00e+00	0.00e+00	4.12e+01	1.48e+01	1.36e-01
run_01_373	7.50e+02	1.15e+03	1.76e-02	2.50e+01	6.94e-26	1.42e+01	0.00e+00	0.00e+00	0.00e+00	0.00e+00	0.00e+00	0.00e+00	0.00e+00	0.00e+00	0.00e+00	0.00e+00	0.00e+00	1.43e+01	1.42e+01	0.00e+00	0.00e+00	4.31e+01	1.43e+01	1.47e-01
run_01_374	7.50e+02	1.20e+03	1.90e-02	2.50e+01	6.41e-26	1.38e+01	0.00e+00	0.00e+00	0.00e+00	0.00e+00	0.00e+00	0.00e+00	0.00e+00	0.00e+00	0.00e+00	0.00e+00	0.00e+00	1.39e+01	1.38e+01	0.00e+00	0.00e+00	4.47e+01	1.39e+01	1.58e-01
run_01_375	7.50e+02	1.25e+03	2.04e-02	2.50e+01	5.93e-26	1.35e+01	0.00e+00	0.00e+00	0.00e+00	0.00e+00	0.00e+00	0.00e+00	0.00e+00	0.00e+00	0.00e+00	0.00e+00	0.00e+00	1.36e+01	1.35e+01	0.00e+00	0.00e+00	4.59e+01	1.36e+01	1.70e-01
run_01_376	8.00e+02	5.00e+01	4.88e-01	1.80e+01	2.15e-27	0.00e+00	0.00e+00	0.00e+00	0.00e+00	0.00e+00	0.00e+00	0.00e+00	0.00e+00	0.00e+00	0.00e+00	0.00e+00	0.00e+00	5.00e+01	0.00e+00	0.00e+00	0.00e+00	0.00e+00	5.00e+01	1.00e+00
run_01_377	8.00e+02	1.00e+02	1.07e-01	2.10e+01	1.09e-26	4.30e+00	0.00e+00	0.00e+00	0.00e+00	0.00e+00	0.00e+00	0.00e+00	0.00e+00	0.00e+00	0.00e+00	0.00e+00	0.00e+00	4.57e+01	4.30e+00	0.00e+00	0.00e+00	0.00e+00	4.57e+01	8.92e-01
run_01_378	8.00e+02	1.50e+02	3.04e-02	2.20e+01	4.06e-26	1.72e+01	0.00e+00	0.00e+00	0.00e+00	0.00e+00	0.00e+00	0.00e+00	0.00e+00	0.00e+00	0.00e+00	0.00e+00	0.00e+00	3.28e+01	1.72e+01	0.00e+00	0.00e+00	0.00e+00	3.28e+01	2.53e-01
run_01_379	8.00e+02	2.00e+02	1.19e-02	2.40e+01	1.09e-25	2.10e+01	0.00e+00	0.00e+00	0.00e+00	0.00e+00	0.00e+00	0.00e+00	0.00e+00	0.00e+00	0.00e+00	0.00e+00	0.00e+00	2.90e+01	2.10e+01	0.00e+00	0.00e+00	0.00e+00	2.90e+01	9.94e-02
run_01_380	8.00e+02	2.50e+02	4.88e-03	2.50e+01	2.83e-25	2.26e+01	0.00e+00	0.00e+00	0.00e+00	0.00e+00	0.00e+00	0.00e+00	0.00e+00	0.00e+00	0.00e+00	0.00e+00	0.00e+00	2.74e+01	2.26e+01	0.00e+00	0.00e+00	0.00e+00	2.74e+01	4.06e-02
run_01_381	8.00e+02	3.00e+02	1.70e-03	2.60e+01	9.00e-25	2.34e+01	0.00e+00	0.00e+00	0.00e+00	0.00e+00	0.00e+00	0.00e+00	0.00e+00	0.00e+00	0.00e+00	0.00e+00	0.00e+00	2.66e+01	2.34e+01	0.00e+00	0.00e+00	0.00e+00	2.66e+01	1.42e-02
run_01_382	8.00e+02	3.50e+02	3.12e-04	2.80e+01	8.98e-24	2.38e+01	0.00e+00	0.00e+00	0.00e+00	0.00e+00	0.00e+00	0.00e+00	0.00e+00	0.00e+00	0.00e+00	0.00e+00	0.00e+00	2.62e+01	2.38e+01	0.00e+00	0.00e+00	0.00e+00	2.62e+01	2.60e-03
run_01_383	8.00e+02	4.00e+02	2.21e-06	3.30e+01	3.49e-22	2.41e+01	0.00e+00	0.00e+00	0.00e+00	0.00e+00	0.00e+00	0.00e+00	0.00e+00	0.00e+00	0.00e+00	0.00e+00	0.00e+00	2.59e+01	2.41e+01	0.00e+00	0.00e+00	0.00e+00	2.59e+01	1.84e-05
run_01_384	8.00e+02	4.50e+02	3.81e-04	2.80e+01	3.08e-24	2.43e+01	0.00e+00	0.00e+00	0.00e+00	0.00e+00	0.00e+00	0.00e+00	0.00e+00	0.00e+00	0.00e+00	0.00e+00	0.00e+00	2.57e+01	2.43e+01	0.00e+00	0.00e+00	0.00e+00	2.57e+01	3.17e-03
run_01_385	8.00e+02	5.00e+02	1.23e-03	2.70e+01	9.79e-25	2.44e+01	0.00e+00	0.00e+00	0.00e+00	0.00e+00	0.00e+00	0.00e+00	0.00e+00	0.00e+00	0.00e+00	0.00e+00	0.00e+00	2.56e+01	2.44e+01	0.00e+00	0.00e+00	0.00e+00	2.56e+01	1.02e-02
run_01_386	8.00e+02	5.50e+02	2.40e-03	2.60e+01	4.98e-25	2.45e+01	0.00e+00	0.00e+00	0.00e+00	0.00e+00	0.00e+00	0.00e+00	0.00e+00	0.00e+00	0.00e+00	0.00e+00	0.00e+00	2.55e+01	2.45e+01	0.00e+00	0.00e+00	0.00e+00	2.55e+01	2.00e-02
run_01_387	8.00e+02	6.00e+02	3.84e-03	2.60e+01	3.11e-25	2.46e+01	0.00e+00	0.00e+00	0.00e+00	0.00e+00	0.00e+00	0.00e+00	0.00e+00	0.00e+00	0.00e+00	0.00e+00	0.00e+00	2.54e+01	2.46e+01	0.00e+00	0.00e+00	0.00e+00	2.54e+01	3.20e-02
run_01_388	8.00e+02	6.50e+02	5.50e-03	2.50e+01	2.15e-25	2.47e+01	0.00e+00	0.00e+00	0.00e+00	0.00e+00	0.00e+00	0.00e+00	0.00e+00	0.00e+00	0.00e+00	0.00e+00	0.00e+00	2.53e+01	2.47e+01	0.00e+00	0.00e+00	0.00e+00	2.53e+01	4.58e-02
run_01_389	8.00e+02	7.00e+02	7.35e-03	2.50e+01	1.60e-25	2.47e+01	0.00e+00	0.00e+00	0.00e+00	0.00e+00	0.00e+00	0.00e+00	0.00e+00	0.00e+00	0.00e+00	0.00e+00	0.00e+00	2.53e+01	2.47e+01	0.00e+00	0.00e+00	0.00e+00	2.53e+01	6.13e-02
run_01_390	8.00e+02	7.50e+02	9.36e-03	2.50e+01	1.28e-25	2.48e+01	0.00e+00	0.00e+00	0.00e+00	0.00e+00	0.00e+00	0.00e+00	0.00e+00	0.00e+00	0.00e+00	0.00e+00	0.00e+00	2.52e+01	2.48e+01	0.00e+00	0.00e+00	0.00e+00	2.52e+01	7.80e-02
run_01_391	8.00e+02	8.00e+02	1.08e-02	2.50e+01	1.19e-25	2.48e+01	0.00e+00	0.00e+00	0.00e+00	0.00e+00	0.00e+00	0.00e+00	0.00e+00	0.00e+00	0.00e+00	0.00e+00	0.00e+00	2.52e+01	2.48e+01	0.00e+00	0.00e+00	9.61e-02	2.52e+01	9.02e-02
run_01_392	8.00e+02	8.50e+02	1.16e-02	2.50e+01	1.12e-25	2.24e+01	0.00e+00	0.00e+00	0.00e+00	0.00e+00	0.00e+00	0.00e+00	0.00e+00	0.00e+00	0.00e+00	0.00e+00	0.00e+00	2.27e+01	2.24e+01	0.00e+00	0.00e+00	9.73e+00	2.27e+01	9.64e-02
run_01_393	8.00e+02	9.00e+02	1.24e-02	2.50e+01	1.03e-25	2.01e+01	0.00e+00	0.00e+00	0.00e+00	0.00e+00	0.00e+00	0.00e+00	0.00e+00	0.00e+00	0.00e+00	0.00e+00	0.00e+00	2.04e+01	2.01e+01	0.00e+00	0.00e+00	1.90e+01	2.04e+01	1.03e-01
run_01_394	8.00e+02	9.50e+02	1.33e-02	2.50e+01	9.54e-26	1.84e+01	0.00e+00	0.00e+00	0.00e+00	0.00e+00	0.00e+00	0.00e+00	0.00e+00	0.00e+00	0.00e+00	0.00e+00	0.00e+00	1.86e+01	1.84e+01	0.00e+00	0.00e+00	2.59e+01	1.86e+01	1.11e-01
run_01_395	8.00e+02	1.00e+03	1.43e-02	2.50e+01	8.78e-26	1.72e+01	0.00e+00	0.00e+00	0.00e+00	0.00e+00	0.00e+00	0.00e+00	0.00e+00	0.00e+00	0.00e+00	0.00e+00	0.00e+00	1.74e+01	1.72e+01	0.00e+00	0.00e+00	3.10e+01	1.74e+01	1.19e-01
run_01_396	8.00e+02	1.05e+03	1.54e-02	2.50e+01	8.08e-26	1.62e+01	0.00e+00	0.00e+00	0.00e+00	0.00e+00	0.00e+00	0.00e+00	0.00e+00	0.00e+00	0.00e+00	0.00e+00	0.00e+00	1.64e+01	1.62e+01	0.00e+00	0.00e+00	3.48e+01	1.64e+01	1.28e-01
run_01_397	8.00e+02	1.10e+03	1.66e-02	2.50e+01	7.45e-26	1.55e+01	0.00e+00	0.00e+00	0.00e+00	0.00e+00	0.00e+00	0.00e+00	0.00e+00	0.00e+00	0.00e+00	0.00e+00	0.00e+00	1.56e+01	1.55e+01	0.00e+00	0.00e+00	3.79e+01	1.56e+01	1.38e-01
run_01_398	8.00e+02	1.15e+03	1.79e-02	2.50e+01	6.88e-26	1.49e+01	0.00e+00	0.00e+00	0.00e+00	0.00e+00	0.00e+00	0.00e+00	0.00e+00	0.00e+00	0.00e+00	0.00e+00	0.00e+00	1.50e+01	1.49e+01	0.00e+00	0.00e+00	4.03e+01	1.50e+01	1.49e-01
run_01_399	8.00e+02	1.20e+03	1.92e-02	2.50e+01	6.36e-26	1.44e+01	0.00e+00	0.00e+00	0.00e+00	0.00e+00	0.00e+00	0.00e+00	0.00e+00	0.00e+00	0.00e+00	0.00e+00	0.00e+00	1.45e+01	1.44e+01	0.00e+00	0.00e+00	4.22e+01	1.45e+01	1.60e-01
run_01_400	8.00e+02	1.25e+03	2.06e-02	2.50e+01	5.89e-26	1.40e+01	0.00e+00	0.00e+00	0.00e+00	0.00e+00	0.00e+00	0.00e+00	0.00e+00	0.00e+00	0.00e+00	0.00e+00	0.00e+00	1.41e+01	1.40e+01	0.00e+00	0.00e+00	4.38e+01	1.41e+01	1.72e-01
run_01_401	8.50e+02	5.00e+01	6.17e-01	1.80e+01	1.68e-27	0.00e+00	0.00e+00	0.00e+00	0.00e+00	0.00e+00	0.00e+00	0.00e+00	0.00e+00	0.00e+00	0.00e+00	0.00e+00	0.00e+00	5.00e+01	0.00e+00	0.00e+00	0.00e+00	0.00e+00	5.00e+01	1.00e+00
run_01_402	8.50e+02	1.00e+02	1.37e-01	2.00e+01	8.41e-27	4.31e+00	0.00e+00	0.00e+00	0.00e+00	0.00e+00	0.00e+00	0.00e+00	0.00e+00	0.00e+00	0.00e+00	0.00e+00	0.00e+00	4.57e+01	4.31e+00	0.00e+00	0.00e+00	0.00e+00	4.57e+01	1.00e+00
run_01_403	8.50e+02	1.50e+02	3.98e-02	2.20e+01	3.06e-26	1.72e+01	0.00e+00	0.00e+00	0.00e+00	0.00e+00	0.00e+00	0.00e+00	0.00e+00	0.00e+00	0.00e+00	0.00e+00	0.00e+00	3.28e+01	1.72e+01	0.00e+00	0.00e+00	0.00e+00	3.28e+01	3.32e-01
run_01_404	8.50e+02	2.00e+02	1.62e-02	2.30e+01	7.87e-26	2.10e+01	0.00e+00	0.00e+00	0.00e+00	0.00e+00	0.00e+00	0.00e+00	0.00e+00	0.00e+00	0.00e+00	0.00e+00	0.00e+00	2.90e+01	2.10e+01	0.00e+00	0.00e+00	0.00e+00	2.90e+01	1.35e-01
run_01_405	8.50e+02	2.50e+02	7.10e-03	2.40e+01	1.90e-25	2.26e+01	0.00e+00	0.00e+00	0.00e+00	0.00e+00	0.00e+00	0.00e+00	0.00e+00	0.00e+00	0.00e+00	0.00e+00	0.00e+00	2.74e+01	2.26e+01	0.00e+00	0.00e+00	0.00e+00	2.74e+01	5.92e-02
run_01_406	8.50e+02	3.00e+02	2.85e-03	2.50e+01	5.14e-25	2.34e+01	0.00e+00	0.00e+00	0.00e+00	0.00e+00	0.00e+00	0.00e+00	0.00e+00	0.00e+00	0.00e+00	0.00e+00	0.00e+00	2.66e+01	2.34e+01	0.00e+00	0.00e+00	0.00e+00	2.66e+01	2.37e-02
run_01_407	8.50e+02	3.50e+02	8.21e-04	2.70e+01	2.21e-24	2.38e+01	0.00e+00	0.00e+00	0.00e+00	0.00e+00	0.00e+00	0.00e+00	0.00e+00	0.00e+00	0.00e+00	0.00e+00	0.00e+00	2.62e+01	2.38e+01	0.00e+00	0.00e+00	0.00e+00	2.62e+01	6.85e-03
run_01_408	8.50e+02	4.00e+02	3.74e-05	3.10e+01	1.15e-22	2.41e+01	0.00e+00	0.00e+00	0.00e+00	0.00e+00	0.00e+00	0.00e+00	0.00e+00	0.00e+00	0.00e+00	0.00e+00	0.00e+00	2.59e+01	2.41e+01	0.00e+00	0.00e+00	0.00e+00	2.59e+01	3.11e-04
run_01_409	8.50e+02	4.50e+02	1.21e-04	2.90e+01	9.04e-24	2.43e+01	0.00e+00	0.00e+00	0.00e+00	0.00e+00	0.00e+00	0.00e+00	0.00e+00	0.00e+00	0.00e+00	0.00e+00	0.00e+00	2.57e+01	2.43e+01	0.00e+00	0.00e+00	0.00e+00	2.57e+01	1.01e-03
run_01_410	8.50e+02	5.00e+02	7.66e-04	2.70e+01	1.54e-24	2.44e+01	0.00e+00	0.00e+00	0.00e+00	0.00e+00	0.00e+00	0.00e+00	0.00e+00	0.00e+00	0.00e+00	0.00e+00	0.00e+00	2.56e+01	2.44e+01	0.00e+00	0.00e+00	0.00e+00	2.56e+01	6.38e-03
run_01_411	8.50e+02	5.50e+02	1.80e-03	2.60e+01	6.59e-25	2.45e+01	0.00e+00	0.00e+00	0.00e+00	0.00e+00	0.00e+00	0.00e+00	0.00e+00	0.00e+00	0.00e+00	0.00e+00	0.00e+00	2.55e+01	2.45e+01	0.00e+00	0.00e+00	0.00e+00	2.55e+01	1.50e-02
run_01_412	8.50e+02	6.00e+02	3.14e-03	2.60e+01	3.79e-25	2.46e+01	0.00e+00	0.00e+00	0.00e+00	0.00e+00	0.00e+00	0.00e+00	0.00e+00	0.00e+00	0.00e+00	0.00e+00	0.00e+00	2.54e+01	2.46e+01	0.00e+00	0.00e+00	0.00e+00	2.54e+01	2.62e-02
run_01_413	8.50e+02	6.50e+02	4.73e-03	2.60e+01	2.52e-25	2.47e+01	0.00e+00	0.00e+00	0.00e+00	0.00e+00	0.00e+00	0.00e+00	0.00e+00	0.00e+00	0.00e+00	0.00e+00	0.00e+00	2.53e+01	2.47e+01	0.00e+00	0.00e+00	0.00e+00	2.53e+01	3.94e-02
run_01_414	8.50e+02	7.00e+02	6.52e-03	2.50e+01	1.80e-25	2.47e+01	0.00e+00	0.00e+00	0.00e+00	0.00e+00	0.00e+00	0.00e+00	0.00e+00	0.00e+00	0.00e+00	0.00e+00	0.00e+00	2.53e+01	2.47e+01	0.00e+00	0.00e+00	0.00e+00	2.53e+01	5.44e-02
run_01_415	8.50e+02	7.50e+02	8.51e-03	2.50e+01	1.38e-25	2.48e+01	0.00e+00	0.00e+00	0.00e+00	0.00e+00	0.00e+00	0.00e+00	0.00e+00	0.00e+00	0.00e+00	0.00e+00	0.00e+00	2.52e+01	2.48e+01	0.00e+00	0.00e+00	0.00e+00	2.52e+01	7.09e-02
run_01_416	8.50e+02	8.00e+02	1.06e-02	2.50e+01	1.12e-25	2.48e+01	0.00e+00	0.00e+00	0.00e+00	0.00e+00	0.00e+00	0.00e+00	0.00e+00	0.00e+00	0.00e+00	0.00e+00	0.00e+00	2.52e+01	2.48e+01	0.00e+00	0.00e+00	0.00e+00	2.52e+01	8.86e-02
run_01_417	8.50e+02	8.50e+02	1.21e-02	2.50e+01	1.06e-25	2.48e+01	0.00e+00	0.00e+00	0.00e+00	0.00e+00	0.00e+00	0.00e+00	0.00e+00	0.00e+00	0.00e+00	0.00e+00	0.00e+00	2.52e+01	2.48e+01	0.00e+00	0.00e+00	9.60e-02	2.52e+01	1.01e-01
run_01_418	8.50e+02	9.00e+02	1.29e-02	2.50e+01	9.95e-26	2.26e+01	0.00e+00	0.00e+00	0.00e+00	0.00e+00	0.00e+00	0.00e+00	0.00e+00	0.00e+00	0.00e+00	0.00e+00	0.00e+00	2.29e+01	2.26e+01	0.00e+00	0.00e+00	9.10e+00	2.29e+01	1.08e-01
run_01_419	8.50e+02	9.50e+02	1.38e-02	2.50e+01	9.26e-26	2.04e+01	0.00e+00	0.00e+00	0.00e+00	0.00e+00	0.00e+00	0.00e+00	0.00e+00	0.00e+00	0.00e+00	0.00e+00	0.00e+00	2.06e+01	2.04e+01	0.00e+00	0.00e+00	1.80e+01	2.06e+01	1.15e-01
run_01_420	8.50e+02	1.00e+03	1.47e-02	2.50e+01	8.58e-26	1.87e+01	0.00e+00	0.00e+00	0.00e+00	0.00e+00	0.00e+00	0.00e+00	0.00e+00	0.00e+00	0.00e+00	0.00e+00	0.00e+00	1.89e+01	1.87e+01	0.00e+00	0.00e+00	2.48e+01	1.89e+01	1.23e-01
run_01_421	8.50e+02	1.05e+03	1.58e-02	2.50e+01	7.94e-26	1.74e+01	0.00e+00	0.00e+00	0.00e+00	0.00e+00	0.00e+00	0.00e+00	0.00e+00	0.00e+00	0.00e+00	0.00e+00	0.00e+00	1.76e+01	1.74e+01	0.00e+00	0.00e+00	2.99e+01	1.76e+01	1.31e-01
run_01_422	8.50e+02	1.10e+03	1.69e-02	2.50e+01	7.34e-26	1.65e+01	0.00e+00	0.00e+00	0.00e+00	0.00e+00	0.00e+00	0.00e+00	0.00e+00	0.00e+00	0.00e+00	0.00e+00	0.00e+00	1.66e+01	1.65e+01	0.00e+00	0.00e+00	3.38e+01	1.66e+01	1.41e-01
run_01_423	8.50e+02	1.15e+03	1.81e-02	2.50e+01	6.79e-26	1.57e+01	0.00e+00	0.00e+00	0.00e+00	0.00e+00	0.00e+00	0.00e+00	0.00e+00	0.00e+00	0.00e+00	0.00e+00	0.00e+00	1.58e+01	1.57e+01	0.00e+00	0.00e+00	3.69e+01	1.58e+01	1.51e-01
run_01_424	8.50e+02	1.20e+03	1.95e-02	2.50e+01	6.29e-26	1.51e+01	0.00e+00	0.00e+00	0.00e+00	0.00e+00	0.00e+00	0.00e+00	0.00e+00	0.00e+00	0.00e+00	0.00e+00	0.00e+00	1.52e+01	1.51e+01	0.00e+00	0.00e+00	3.93e+01	1.52e+01	1.62e-01
run_01_425	8.50e+02	1.25e+03	2.08e-02	2.50e+01	5.84e-26	1.46e+01	0.00e+00	0.00e+00	0.00e+00	0.00e+00	0.00e+00	0.00e+00	0.00e+00	0.00e+00	0.00e+00	0.00e+00	0.00e+00	1.47e+01	1.46e+01	0.00e+00	0.00e+00	4.13e+01	1.47e+01	1.74e-01
run_01_426	9.00e+02	5.00e+01	7.69e-01	1.80e+01	1.33e-27	0.00e+00	0.00e+00	0.00e+00	0.00e+00	0.00e+00	0.00e+00	0.00e+00	0.00e+00	0.00e+00	0.00e+00	0.00e+00	0.00e+00	5.00e+01	0.00e+00	0.00e+00	0.00e+00	0.00e+00	5.00e+01	1.00e+00
run_01_427	9.00e+02	1.00e+02	1.72e-01	2.00e+01	6.60e-27	4.31e+00	0.00e+00	0.00e+00	0.00e+00	0.00e+00	0.00e+00	0.00e+00	0.00e+00	0.00e+00	0.00e+00	0.00e+00	0.00e+00	4.57e+01	4.31e+00	0.00e+00	0.00e+00	0.00e+00	4.57e+01	1.00e+00
run_01_428	9.00e+02	1.50e+02	5.10e-02	2.20e+01	2.35e-26	1.72e+01	0.00e+00	0.00e+00	0.00e+00	0.00e+00	0.00e+00	0.00e+00	0.00e+00	0.00e+00	0.00e+00	0.00e+00	0.00e+00	3.28e+01	1.72e+01	0.00e+00	0.00e+00	0.00e+00	3.28e+01	4.25e-01
run_01_429	9.00e+02	2.00e+02	2.15e-02	2.30e+01	5.86e-26	2.10e+01	0.00e+00	0.00e+00	0.00e+00	0.00e+00	0.00e+00	0.00e+00	0.00e+00	0.00e+00	0.00e+00	0.00e+00	0.00e+00	2.90e+01	2.10e+01	0.00e+00	0.00e+00	0.00e+00	2.90e+01	1.79e-01
run_01_430	9.00e+02	2.50e+02	9.89e-03	2.40e+01	1.34e-25	2.26e+01	0.00e+00	0.00e+00	0.00e+00	0.00e+00	0.00e+00	0.00e+00	0.00e+00	0.00e+00	0.00e+00	0.00e+00	0.00e+00	2.74e+01	2.26e+01	0.00e+00	0.00e+00	0.00e+00	2.74e+01	8.24e-02
run_01_431	9.00e+02	3.00e+02	4.37e-03	2.50e+01	3.23e-25	2.34e+01	0.00e+00	0.00e+00	0.00e+00	0.00e+00	0.00e+00	0.00e+00	0.00e+00	0.00e+00	0.00e+00	0.00e+00	0.00e+00	2.66e+01	2.34e+01	0.00e+00	0.00e+00	0.00e+00	2.66e+01	3.64e-02
run_01_432	9.00e+02	3.50e+02	1.58e-03	2.60e+01	1.00e-24	2.38e+01	0.00e+00	0.00e+00	0.00e+00	0.00e+00	0.00e+00	0.00e+00	0.00e+00	0.00e+00	0.00e+00	0.00e+00	0.00e+00	2.62e+01	2.38e+01	0.00e+00	0.00e+00	0.00e+00	2.62e+01	1.32e-02
run_01_433	9.00e+02	4.00e+02	2.79e-04	2.80e+01	1.27e-23	2.41e+01	0.00e+00	0.00e+00	0.00e+00	0.00e+00	0.00e+00	0.00e+00	0.00e+00	0.00e+00	0.00e+00	0.00e+00	0.00e+00	2.59e+01	2.41e+01	0.00e+00	0.00e+00	0.00e+00	2.59e+01	2.33e-03
run_01_434	9.00e+02	4.50e+02	2.35e-06	3.30e+01	3.13e-22	2.43e+01	0.00e+00	0.00e+00	0.00e+00	0.00e+00	0.00e+00	0.00e+00	0.00e+00	0.00e+00	0.00e+00	0.00e+00	0.00e+00	2.57e+01	2.43e+01	0.00e+00	0.00e+00	0.00e+00	2.57e+01	1.95e-05
run_01_435	9.00e+02	5.00e+02	3.90e-04	2.80e+01	2.96e-24	2.44e+01	0.00e+00	0.00e+00	0.00e+00	0.00e+00	0.00e+00	0.00e+00	0.00e+00	0.00e+00	0.00e+00	0.00e+00	0.00e+00	2.56e+01	2.44e+01	0.00e+00	0.00e+00	0.00e+00	2.56e+01	3.25e-03
run_01_436	9.00e+02	5.50e+02	1.26e-03	2.70e+01	9.44e-25	2.45e+01	0.00e+00	0.00e+00	0.00e+00	0.00e+00	0.00e+00	0.00e+00	0.00e+00	0.00e+00	0.00e+00	0.00e+00	0.00e+00	2.55e+01	2.45e+01	0.00e+00	0.00e+00	0.00e+00	2.55e+01	1.05e-02
run_01_437	9.00e+02	6.00e+02	2.47e-03	2.60e+01	4.79e-25	2.46e+01	0.00e+00	0.00e+00	0.00e+00	0.00e+00	0.00e+00	0.00e+00	0.00e+00	0.00e+00	0.00e+00	0.00e+00	0.00e+00	2.54e+01	2.46e+01	0.00e+00	0.00e+00	0.00e+00	2.54e+01	2.06e-02
run_01_438	9.00e+02	6.50e+02	3.97e-03	2.60e+01	2.99e-25	2.47e+01	0.00e+00	0.00e+00	0.00e+00	0.00e+00	0.00e+00	0.00e+00	0.00e+00	0.00e+00	0.00e+00	0.00e+00	0.00e+00	2.53e+01	2.47e+01	0.00e+00	0.00e+00	0.00e+00	2.53e+01	3.31e-02
run_01_439	9.00e+02	7.00e+02	5.70e-03	2.50e+01	2.06e-25	2.47e+01	0.00e+00	0.00e+00	0.00e+00	0.00e+00	0.00e+00	0.00e+00	0.00e+00	0.00e+00	0.00e+00	0.00e+00	0.00e+00	2.53e+01	2.47e+01	0.00e+00	0.00e+00	0.00e+00	2.53e+01	4.75e-02
run_01_440	9.00e+02	7.50e+02	7.63e-03	2.50e+01	1.53e-25	2.48e+01	0.00e+00	0.00e+00	0.00e+00	0.00e+00	0.00e+00	0.00e+00	0.00e+00	0.00e+00	0.00e+00	0.00e+00	0.00e+00	2.52e+01	2.48e+01	0.00e+00	0.00e+00	0.00e+00	2.52e+01	6.36e-02
run_01_441	9.00e+02	8.00e+02	9.74e-03	2.50e+01	1.20e-25	2.48e+01	0.00e+00	0.00e+00	0.00e+00	0.00e+00	0.00e+00	0.00e+00	0.00e+00	0.00e+00	0.00e+00	0.00e+00	0.00e+00	2.52e+01	2.48e+01	0.00e+00	0.00e+00	0.00e+00	2.52e+01	8.12e-02
run_01_442	9.00e+02	8.50e+02	1.20e-02	2.50e+01	9.96e-26	2.48e+01	0.00e+00	0.00e+00	0.00e+00	0.00e+00	0.00e+00	0.00e+00	0.00e+00	0.00e+00	0.00e+00	0.00e+00	0.00e+00	2.52e+01	2.48e+01	0.00e+00	0.00e+00	0.00e+00	2.52e+01	9.98e-02
run_01_443	9.00e+02	9.00e+02	1.35e-02	2.50e+01	9.43e-26	2.48e+01	0.00e+00	0.00e+00	0.00e+00	0.00e+00	0.00e+00	0.00e+00	0.00e+00	0.00e+00	0.00e+00	0.00e+00	0.00e+00	2.51e+01	2.48e+01	0.00e+00	0.00e+00	9.59e-02	2.51e+01	1.13e-01
run_01_444	9.00e+02	9.50e+02	1.44e-02	2.50e+01	8.91e-26	2.27e+01	0.00e+00	0.00e+00	0.00e+00	0.00e+00	0.00e+00	0.00e+00	0.00e+00	0.00e+00	0.00e+00	0.00e+00	0.00e+00	2.30e+01	2.27e+01	0.00e+00	0.00e+00	8.55e+00	2.30e+01	1.20e-01
run_01_445	9.00e+02	1.00e+03	1.52e-02	2.50e+01	8.33e-26	2.06e+01	0.00e+00	0.00e+00	0.00e+00	0.00e+00	0.00e+00	0.00e+00	0.00e+00	0.00e+00	0.00e+00	0.00e+00	0.00e+00	2.08e+01	2.06e+01	0.00e+00	0.00e+00	1.71e+01	2.08e+01	1.27e-01
run_01_446	9.00e+02	1.05e+03	1.62e-02	2.50e+01	7.75e-26	1.90e+01	0.00e+00	0.00e+00	0.00e+00	0.00e+00	0.00e+00	0.00e+00	0.00e+00	0.00e+00	0.00e+00	0.00e+00	0.00e+00	1.92e+01	1.90e+01	0.00e+00	0.00e+00	2.38e+01	1.92e+01	1.35e-01
run_01_447	9.00e+02	1.10e+03	1.73e-02	2.50e+01	7.20e-26	1.77e+01	0.00e+00	0.00e+00	0.00e+00	0.00e+00	0.00e+00	0.00e+00	0.00e+00	0.00e+00	0.00e+00	0.00e+00	0.00e+00	1.79e+01	1.77e+01	0.00e+00	0.00e+00	2.89e+01	1.79e+01	1.44e-01
run_01_448	9.00e+02	1.15e+03	1.85e-02	2.50e+01	6.69e-26	1.67e+01	0.00e+00	0.00e+00	0.00e+00	0.00e+00	0.00e+00	0.00e+00	0.00e+00	0.00e+00	0.00e+00	0.00e+00	0.00e+00	1.69e+01	1.67e+01	0.00e+00	0.00e+00	3.28e+01	1.69e+01	1.54e-01
run_01_449	9.00e+02	1.20e+03	1.98e-02	2.50e+01	6.22e-26	1.60e+01	0.00e+00	0.00e+00	0.00e+00	0.00e+00	0.00e+00	0.00e+00	0.00e+00	0.00e+00	0.00e+00	0.00e+00	0.00e+00	1.61e+01	1.60e+01	0.00e+00	0.00e+00	3.59e+01	1.61e+01	1.65e-01
run_01_450	9.00e+02	1.25e+03	2.11e-02	2.50e+01	5.78e-26	1.53e+01	0.00e+00	0.00e+00	0.00e+00	0.00e+00	0.00e+00	0.00e+00	0.00e+00	0.00e+00	0.00e+00	0.00e+00	0.00e+00	1.55e+01	1.53e+01	0.00e+00	0.00e+00	3.84e+01	1.55e+01	1.76e-01
run_01_451	9.50e+02	5.00e+01	9.46e-01	1.80e+01	1.07e-27	0.00e+00	0.00e+00	0.00e+00	0.00e+00	0.00e+00	0.00e+00	0.00e+00	0.00e+00	0.00e+00	0.00e+00	0.00e+00	0.00e+00	5.00e+01	0.00e+00	0.00e+00	0.00e+00	0.00e+00	5.00e+01	1.00e+00
run_01_452	9.50e+02	1.00e+02	2.14e-01	2.00e+01	5.26e-27	4.31e+00	0.00e+00	0.00e+00	0.00e+00	0.00e+00	0.00e+00	0.00e+00	0.00e+00	0.00e+00	0.00e+00	0.00e+00	0.00e+00	4.57e+01	4.31e+00	0.00e+00	0.00e+00	0.00e+00	4.57e+01	1.00e+00
run_01_453	9.50e+02	1.50e+02	6.44e-02	2.20e+01	1.84e-26	1.72e+01	0.00e+00	0.00e+00	0.00e+00	0.00e+00	0.00e+00	0.00e+00	0.00e+00	0.00e+00	0.00e+00	0.00e+00	0.00e+00	3.28e+01	1.72e+01	0.00e+00	0.00e+00	0.00e+00	3.28e+01	5.36e-01
run_01_454	9.50e+02	2.00e+02	2.77e-02	2.30e+01	4.47e-26	2.10e+01	0.00e+00	0.00e+00	0.00e+00	0.00e+00	0.00e+00	0.00e+00	0.00e+00	0.00e+00	0.00e+00	0.00e+00	0.00e+00	2.90e+01	2.10e+01	0.00e+00	0.00e+00	0.00e+00	2.90e+01	2.31e-01
run_01_455	9.50e+02	2.50e+02	1.33e-02	2.40e+01	9.75e-26	2.26e+01	0.00e+00	0.00e+00	0.00e+00	0.00e+00	0.00e+00	0.00e+00	0.00e+00	0.00e+00	0.00e+00	0.00e+00	0.00e+00	2.74e+01	2.26e+01	0.00e+00	0.00e+00	0.00e+00	2.74e+01	1.11e-01
run_01_456	9.50e+02	3.00e+02	6.31e-03	2.50e+01	2.17e-25	2.34e+01	0.00e+00	0.00e+00	0.00e+00	0.00e+00	0.00e+00	0.00e+00	0.00e+00	0.00e+00	0.00e+00	0.00e+00	0.00e+00	2.66e+01	2.34e+01	0.00e+00	0.00e+00	0.00e+00	2.66e+01	5.25e-02
run_01_457	9.50e+02	3.50e+02	2.64e-03	2.60e+01	5.63e-25	2.38e+01	0.00e+00	0.00e+00	0.00e+00	0.00e+00	0.00e+00	0.00e+00	0.00e+00	0.00e+00	0.00e+00	0.00e+00	0.00e+00	2.62e+01	2.38e+01	0.00e+00	0.00e+00	0.00e+00	2.62e+01	2.20e-02
run_01_458	9.50e+02	4.00e+02	7.71e-04	2.70e+01	2.70e-24	2.41e+01	0.00e+00	0.00e+00	0.00e+00	0.00e+00	0.00e+00	0.00e+00	0.00e+00	0.00e+00	0.00e+00	0.00e+00	0.00e+00	2.59e+01	2.41e+01	0.00e+00	0.00e+00	0.00e+00	2.59e+01	6.42e-03
run_01_459	9.50e+02	4.50e+02	3.15e-05	3.10e+01	1.37e-22	2.43e+01	0.00e+00	0.00e+00	0.00e+00	0.00e+00	0.00e+00	0.00e+00	0.00e+00	0.00e+00	0.00e+00	0.00e+00	0.00e+00	2.57e+01	2.43e+01	0.00e+00	0.00e+00	0.00e+00	2.57e+01	2.63e-04
run_01_460	9.50e+02	5.00e+02	1.24e-04	2.90e+01	8.60e-24	2.44e+01	0.00e+00	0.00e+00	0.00e+00	0.00e+00	0.00e+00	0.00e+00	0.00e+00	0.00e+00	0.00e+00	0.00e+00	0.00e+00	2.56e+01	2.44e+01	0.00e+00	0.00e+00	0.00e+00	2.56e+01	1.03e-03
run_01_461	9.50e+02	5.50e+02	7.83e-04	2.70e+01	1.49e-24	2.45e+01	0.00e+00	0.00e+00	0.00e+00	0.00e+00	0.00e+00	0.00e+00	0.00e+00	0.00e+00	0.00e+00	0.00e+00	0.00e+00	2.55e+01	2.45e+01	0.00e+00	0.00e+00	0.00e+00	2.55e+01	6.53e-03
run_01_462	9.50e+02	6.00e+02	1.85e-03	2.60e+01	6.36e-25	2.46e+01	0.00e+00	0.00e+00	0.00e+00	0.00e+00	0.00e+00	0.00e+00	0.00e+00	0.00e+00	0.00e+00	0.00e+00	0.00e+00	2.54e+01	2.46e+01	0.00e+00	0.00e+00	0.00e+00	2.54e+01	1.54e-02
run_01_463	9.50e+02	6.50e+02	3.23e-03	2.60e+01	3.65e-25	2.47e+01	0.00e+00	0.00e+00	0.00e+00	0.00e+00	0.00e+00	0.00e+00	0.00e+00	0.00e+00	0.00e+00	0.00e+00	0.00e+00	2.53e+01	2.47e+01	0.00e+00	0.00e+00	0.00e+00	2.53e+01	2.70e-02
run_01_464	9.50e+02	7.00e+02	4.88e-03	2.60e+01	2.42e-25	2.47e+01	0.00e+00	0.00e+00	0.00e+00	0.00e+00	0.00e+00	0.00e+00	0.00e+00	0.00e+00	0.00e+00	0.00e+00	0.00e+00	2.53e+01	2.47e+01	0.00e+00	0.00e+00	0.00e+00	2.53e+01	4.06e-02
run_01_465	9.50e+02	7.50e+02	6.75e-03	2.50e+01	1.73e-25	2.48e+01	0.00e+00	0.00e+00	0.00e+00	0.00e+00	0.00e+00	0.00e+00	0.00e+00	0.00e+00	0.00e+00	0.00e+00	0.00e+00	2.52e+01	2.48e+01	0.00e+00	0.00e+00	0.00e+00	2.52e+01	5.62e-02
run_01_466	9.50e+02	8.00e+02	8.81e-03	2.50e+01	1.32e-25	2.48e+01	0.00e+00	0.00e+00	0.00e+00	0.00e+00	0.00e+00	0.00e+00	0.00e+00	0.00e+00	0.00e+00	0.00e+00	0.00e+00	2.52e+01	2.48e+01	0.00e+00	0.00e+00	0.00e+00	2.52e+01	7.34e-02
run_01_467	9.50e+02	8.50e+02	1.11e-02	2.50e+01	1.05e-25	2.48e+01	0.00e+00	0.00e+00	0.00e+00	0.00e+00	0.00e+00	0.00e+00	0.00e+00	0.00e+00	0.00e+00	0.00e+00	0.00e+00	2.52e+01	2.48e+01	0.00e+00	0.00e+00	0.00e+00	2.52e+01	9.21e-02
run_01_468	9.50e+02	9.00e+02	1.34e-02	2.50e+01	8.89e-26	2.48e+01	0.00e+00	0.00e+00	0.00e+00	0.00e+00	0.00e+00	0.00e+00	0.00e+00	0.00e+00	0.00e+00	0.00e+00	0.00e+00	2.52e+01	2.48e+01	0.00e+00	0.00e+00	0.00e+00	2.52e+01	1.12e-01
run_01_469	9.50e+02	9.50e+02	1.50e-02	2.50e+01	8.47e-26	2.48e+01	0.00e+00	0.00e+00	0.00e+00	0.00e+00	0.00e+00	0.00e+00	0.00e+00	0.00e+00	0.00e+00	0.00e+00	0.00e+00	2.51e+01	2.48e+01	0.00e+00	0.00e+00	9.58e-02	2.51e+01	1.25e-01
run_01_470	9.50e+02	1.00e+03	1.59e-02	2.50e+01	8.03e-26	2.29e+01	0.00e+00	0.00e+00	0.00e+00	0.00e+00	0.00e+00	0.00e+00	0.00e+00	0.00e+00	0.00e+00	0.00e+00	0.00e+00	2.31e+01	2.29e+01	0.00e+00	0.00e+00	8.05e+00	2.31e+01	1.32e-01
run_01_471	9.50e+02	1.05e+03	1.68e-02	2.50e+01	7.53e-26	2.08e+01	0.00e+00	0.00e+00	0.00e+00	0.00e+00	0.00e+00	0.00e+00	0.00e+00	0.00e+00	0.00e+00	0.00e+00	0.00e+00	2.10e+01	2.08e+01	0.00e+00	0.00e+00	1.63e+01	2.10e+01	1.40e-01
run_01_472	9.50e+02	1.10e+03	1.78e-02	2.50e+01	7.04e-26	1.92e+01	0.00e+00	0.00e+00	0.00e+00	0.00e+00	0.00e+00	0.00e+00	0.00e+00	0.00e+00	0.00e+00	0.00e+00	0.00e+00	1.94e+01	1.92e+01	0.00e+00	0.00e+00	2.28e+01	1.94e+01	1.48e-01
run_01_473	9.50e+02	1.15e+03	1.89e-02	2.50e+01	6.57e-26	1.80e+01	0.00e+00	0.00e+00	0.00e+00	0.00e+00	0.00e+00	0.00e+00	0.00e+00	0.00e+00	0.00e+00	0.00e+00	0.00e+00	1.81e+01	1.80e+01	0.00e+00	0.00e+00	2.79e+01	1.81e+01	1.58e-01
run_01_474	9.50e+02	1.20e+03	2.01e-02	2.50e+01	6.13e-26	1.70e+01	0.00e+00	0.00e+00	0.00e+00	0.00e+00	0.00e+00	0.00e+00	0.00e+00	0.00e+00	0.00e+00	0.00e+00	0.00e+00	1.71e+01	1.70e+01	0.00e+00	0.00e+00	3.18e+01	1.71e+01	1.68e-01
run_01_475	9.50e+02	1.25e+03	2.14e-02	2.50e+01	5.71e-26	1.62e+01	0.00e+00	0.00e+00	0.00e+00	0.00e+00	0.00e+00	0.00e+00	0.00e+00	0.00e+00	0.00e+00	0.00e+00	0.00e+00	1.63e+01	1.62e+01	0.00e+00	0.00e+00	3.50e+01	1.63e+01	1.79e-01
run_01_476	1.00e+03	5.00e+01	1.15e+00	1.70e+01	8.70e-28	0.00e+00	0.00e+00	0.00e+00	0.00e+00	0.00e+00	0.00e+00	0.00e+00	0.00e+00	0.00e+00	0.00e+00	0.00e+00	0.00e+00	5.00e+01	0.00e+00	0.00e+00	0.00e+00	0.00e+00	5.00e+01	1.00e+00
run_01_477	1.00e+03	1.00e+02	2.62e-01	2.00e+01	4.24e-27	4.31e+00	0.00e+00	0.00e+00	0.00e+00	0.00e+00	0.00e+00	0.00e+00	0.00e+00	0.00e+00	0.00e+00	0.00e+00	0.00e+00	4.57e+01	4.31e+00	0.00e+00	0.00e+00	0.00e+00	4.57e+01	1.00e+00
run_01_478	1.00e+03	1.50e+02	8.00e-02	2.10e+01	1.47e-26	1.72e+01	0.00e+00	0.00e+00	0.00e+00	0.00e+00	0.00e+00	0.00e+00	0.00e+00	0.00e+00	0.00e+00	0.00e+00	0.00e+00	3.28e+01	1.72e+01	0.00e+00	0.00e+00	0.00e+00	3.28e+01	6.67e-01
run_01_479	1.00e+03	2.00e+02	3.52e-02	2.20e+01	3.48e-26	2.10e+01	0.00e+00	0.00e+00	0.00e+00	0.00e+00	0.00e+00	0.00e+00	0.00e+00	0.00e+00	0.00e+00	0.00e+00	0.00e+00	2.90e+01	2.10e+01	0.00e+00	0.00e+00	0.00e+00	2.90e+01	2.93e-01
run_01_480	1.00e+03	2.50e+02	1.74e-02	2.30e+01	7.34e-26	2.26e+01	0.00e+00	0.00e+00	0.00e+00	0.00e+00	0.00e+00	0.00e+00	0.00e+00	0.00e+00	0.00e+00	0.00e+00	0.00e+00	2.74e+01	2.26e+01	0.00e+00	0.00e+00	0.00e+00	2.74e+01	1.45e-01
run_01_481	1.00e+03	3.00e+02	8.72e-03	2.40e+01	1.54e-25	2.34e+01	0.00e+00	0.00e+00	0.00e+00	0.00e+00	0.00e+00	0.00e+00	0.00e+00	0.00e+00	0.00e+00	0.00e+00	0.00e+00	2.66e+01	2.34e+01	0.00e+00	0.00e+00	0.00e+00	2.66e+01	7.26e-02
run_01_482	1.00e+03	3.50e+02	4.03e-03	2.50e+01	3.57e-25	2.38e+01	0.00e+00	0.00e+00	0.00e+00	0.00e+00	0.00e+00	0.00e+00	0.00e+00	0.00e+00	0.00e+00	0.00e+00	0.00e+00	2.62e+01	2.38e+01	0.00e+00	0.00e+00	0.00e+00	2.62e+01	3.36e-02
run_01_483	1.00e+03	4.00e+02	1.50e-03	2.60e+01	1.12e-24	2.41e+01	0.00e+00	0.00e+00	0.00e+00	0.00e+00	0.00e+00	0.00e+00	0.00e+00	0.00e+00	0.00e+00	0.00e+00	0.00e+00	2.59e+01	2.41e+01	0.00e+00	0.00e+00	0.00e+00	2.59e+01	1.25e-02
run_01_484	1.00e+03	4.50e+02	2.47e-04	2.90e+01	1.60e-23	2.43e+01	0.00e+00	0.00e+00	0.00e+00	0.00e+00	0.00e+00	0.00e+00	0.00e+00	0.00e+00	0.00e+00	0.00e+00	0.00e+00	2.57e+01	2.43e+01	0.00e+00	0.00e+00	0.00e+00	2.57e+01	2.06e-03
run_01_485	1.00e+03	5.00e+02	2.48e-06	3.30e+01	2.83e-22	2.44e+01	0.00e+00	0.00e+00	0.00e+00	0.00e+00	0.00e+00	0.00e+00	0.00e+00	0.00e+00	0.00e+00	0.00e+00	0.00e+00	2.56e+01	2.44e+01	0.00e+00	0.00e+00	0.00e+00	2.56e+01	2.07e-05
run_01_486	1.00e+03	5.50e+02	3.99e-04	2.80e+01	2.84e-24	2.45e+01	0.00e+00	0.00e+00	0.00e+00	0.00e+00	0.00e+00	0.00e+00	0.00e+00	0.00e+00	0.00e+00	0.00e+00	0.00e+00	2.55e+01	2.45e+01	0.00e+00	0.00e+00	0.00e+00	2.55e+01	3.32e-03
run_01_487	1.00e+03	6.00e+02	1.29e-03	2.70e+01	9.12e-25	2.46e+01	0.00e+00	0.00e+00	0.00e+00	0.00e+00	0.00e+00	0.00e+00	0.00e+00	0.00e+00	0.00e+00	0.00e+00	0.00e+00	2.54e+01	2.46e+01	0.00e+00	0.00e+00	0.00e+00	2.54e+01	1.07e-02
run_01_488	1.00e+03	6.50e+02	2.54e-03	2.60e+01	4.63e-25	2.47e+01	0.00e+00	0.00e+00	0.00e+00	0.00e+00	0.00e+00	0.00e+00	0.00e+00	0.00e+00	0.00e+00	0.00e+00	0.00e+00	2.53e+01	2.47e+01	0.00e+00	0.00e+00	0.00e+00	2.53e+01	2.12e-02
run_01_489	1.00e+03	7.00e+02	4.08e-03	2.60e+01	2.89e-25	2.47e+01	0.00e+00	0.00e+00	0.00e+00	0.00e+00	0.00e+00	0.00e+00	0.00e+00	0.00e+00	0.00e+00	0.00e+00	0.00e+00	2.53e+01	2.47e+01	0.00e+00	0.00e+00	0.00e+00	2.53e+01	3.40e-02
run_01_490	1.00e+03	7.50e+02	5.87e-03	2.50e+01	1.99e-25	2.48e+01	0.00e+00	0.00e+00	0.00e+00	0.00e+00	0.00e+00	0.00e+00	0.00e+00	0.00e+00	0.00e+00	0.00e+00	0.00e+00	2.52e+01	2.48e+01	0.00e+00	0.00e+00	0.00e+00	2.52e+01	4.89e-02
run_01_491	1.00e+03	8.00e+02	7.87e-03	2.50e+01	1.48e-25	2.48e+01	0.00e+00	0.00e+00	0.00e+00	0.00e+00	0.00e+00	0.00e+00	0.00e+00	0.00e+00	0.00e+00	0.00e+00	0.00e+00	2.52e+01	2.48e+01	0.00e+00	0.00e+00	0.00e+00	2.52e+01	6.56e-02
run_01_492	1.00e+03	8.50e+02	1.01e-02	2.50e+01	1.15e-25	2.48e+01	0.00e+00	0.00e+00	0.00e+00	0.00e+00	0.00e+00	0.00e+00	0.00e+00	0.00e+00	0.00e+00	0.00e+00	0.00e+00	2.52e+01	2.48e+01	0.00e+00	0.00e+00	0.00e+00	2.52e+01	8.39e-02
run_01_493	1.00e+03	9.00e+02	1.24e-02	2.50e+01	9.30e-26	2.48e+01	0.00e+00	0.00e+00	0.00e+00	0.00e+00	0.00e+00	0.00e+00	0.00e+00	0.00e+00	0.00e+00	0.00e+00	0.00e+00	2.52e+01	2.48e+01	0.00e+00	0.00e+00	0.00e+00	2.52e+01	1.04e-01
run_01_494	1.00e+03	9.50e+02	1.49e-02	2.50e+01	7.98e-26	2.48e+01	0.00e+00	0.00e+00	0.00e+00	0.00e+00	0.00e+00	0.00e+00	0.00e+00	0.00e+00	0.00e+00	0.00e+00	0.00e+00	2.52e+01	2.48e+01	0.00e+00	0.00e+00	0.00e+00	2.52e+01	1.24e-01
run_01_495	1.00e+03	1.00e+03	1.65e-02	2.50e+01	7.65e-26	2.48e+01	0.00e+00	0.00e+00	0.00e+00	0.00e+00	0.00e+00	0.00e+00	0.00e+00	0.00e+00	0.00e+00	0.00e+00	0.00e+00	2.51e+01	2.48e+01	0.00e+00	0.00e+00	9.58e-02	2.51e+01	1.38e-01
run_01_496	1.00e+03	1.05e+03	1.74e-02	2.50e+01	7.27e-26	2.30e+01	0.00e+00	0.00e+00	0.00e+00	0.00e+00	0.00e+00	0.00e+00	0.00e+00	0.00e+00	0.00e+00	0.00e+00	0.00e+00	2.32e+01	2.30e+01	0.00e+00	0.00e+00	7.60e+00	2.32e+01	1.45e-01
run_01_497	1.00e+03	1.10e+03	1.84e-02	2.50e+01	6.85e-26	2.10e+01	0.00e+00	0.00e+00	0.00e+00	0.00e+00	0.00e+00	0.00e+00	0.00e+00	0.00e+00	0.00e+00	0.00e+00	0.00e+00	2.12e+01	2.10e+01	0.00e+00	0.00e+00	1.55e+01	2.12e+01	1.53e-01
run_01_498	1.00e+03	1.15e+03	1.94e-02	2.50e+01	6.42e-26	1.94e+01	0.00e+00	0.00e+00	0.00e+00	0.00e+00	0.00e+00	0.00e+00	0.00e+00	0.00e+00	0.00e+00	0.00e+00	0.00e+00	1.96e+01	1.94e+01	0.00e+00	0.00e+00	2.19e+01	1.96e+01	1.62e-01
run_01_499	1.00e+03	1.20e+03	2.06e-02	2.50e+01	6.01e-26	1.82e+01	0.00e+00	0.00e+00	0.00e+00	0.00e+00	0.00e+00	0.00e+00	0.00e+00	0.00e+00	0.00e+00	0.00e+00	0.00e+00	1.83e+01	1.82e+01	0.00e+00	0.00e+00	2.70e+01	1.83e+01	1.72e-01
run_01_500	1.00e+03	1.25e+03	2.18e-02	2.50e+01	5.63e-26	1.72e+01	0.00e+00	0.00e+00	0.00e+00	0.00e+00	0.00e+00	0.00e+00	0.00e+00	0.00e+00	0.00e+00	0.00e+00	0.00e+00	1.73e+01	1.72e+01	0.00e+00	0.00e+00	3.09e+01	1.73e+01	1.82e-01
run_01_501	1.05e+03	5.00e+01	1.39e+00	1.70e+01	7.14e-28	0.00e+00	0.00e+00	0.00e+00	0.00e+00	0.00e+00	0.00e+00	0.00e+00	0.00e+00	0.00e+00	0.00e+00	0.00e+00	0.00e+00	5.00e+01	0.00e+00	0.00e+00	0.00e+00	0.00e+00	5.00e+01	1.00e+00
run_01_502	1.05e+03	1.00e+02	3.18e-01	1.90e+01	3.47e-27	4.31e+00	0.00e+00	0.00e+00	0.00e+00	0.00e+00	0.00e+00	0.00e+00	0.00e+00	0.00e+00	0.00e+00	0.00e+00	0.00e+00	4.57e+01	4.31e+00	0.00e+00	0.00e+00	0.00e+00	4.57e+01	1.00e+00
run_01_503	1.05e+03	1.50e+02	9.82e-02	2.10e+01	1.19e-26	1.72e+01	0.00e+00	0.00e+00	0.00e+00	0.00e+00	0.00e+00	0.00e+00	0.00e+00	0.00e+00	0.00e+00	0.00e+00	0.00e+00	3.28e+01	1.72e+01	0.00e+00	0.00e+00	0.00e+00	3.28e+01	8.18e-01
run_01_504	1.05e+03	2.00e+02	4.39e-02	2.20e+01	2.76e-26	2.10e+01	0.00e+00	0.00e+00	0.00e+00	0.00e+00	0.00e+00	0.00e+00	0.00e+00	0.00e+00	0.00e+00	0.00e+00	0.00e+00	2.90e+01	2.10e+01	0.00e+00	0.00e+00	0.00e+00	2.90e+01	3.66e-01
run_01_505	1.05e+03	2.50e+02	2.23e-02	2.30e+01	5.64e-26	2.26e+01	0.00e+00	0.00e+00	0.00e+00	0.00e+00	0.00e+00	0.00e+00	0.00e+00	0.00e+00	0.00e+00	0.00e+00	0.00e+00	2.74e+01	2.26e+01	0.00e+00	0.00e+00	0.00e+00	2.74e+01	1.86e-01
run_01_506	1.05e+03	3.00e+02	1.16e-02	2.40e+01	1.13e-25	2.34e+01	0.00e+00	0.00e+00	0.00e+00	0.00e+00	0.00e+00	0.00e+00	0.00e+00	0.00e+00	0.00e+00	0.00e+00	0.00e+00	2.66e+01	2.34e+01	0.00e+00	0.00e+00	0.00e+00	2.66e+01	9.71e-02
run_01_507	1.05e+03	3.50e+02	5.79e-03	2.50e+01	2.41e-25	2.38e+01	0.00e+00	0.00e+00	0.00e+00	0.00e+00	0.00e+00	0.00e+00	0.00e+00	0.00e+00	0.00e+00	0.00e+00	0.00e+00	2.62e+01	2.38e+01	0.00e+00	0.00e+00	0.00e+00	2.62e+01	4.82e-02
run_01_508	1.05e+03	4.00e+02	2.49e-03	2.60e+01	6.14e-25	2.41e+01	0.00e+00	0.00e+00	0.00e+00	0.00e+00	0.00e+00	0.00e+00	0.00e+00	0.00e+00	0.00e+00	0.00e+00	0.00e+00	2.59e+01	2.41e+01	0.00e+00	0.00e+00	0.00e+00	2.59e+01	2.08e-02
run_01_509	1.05e+03	4.50e+02	7.23e-04	2.70e+01	3.46e-24	2.43e+01	0.00e+00	0.00e+00	0.00e+00	0.00e+00	0.00e+00	0.00e+00	0.00e+00	0.00e+00	0.00e+00	0.00e+00	0.00e+00	2.57e+01	2.43e+01	0.00e+00	0.00e+00	0.00e+00	2.57e+01	6.03e-03
run_01_510	1.05e+03	5.00e+02	2.72e-05	3.10e+01	1.56e-22	2.44e+01	0.00e+00	0.00e+00	0.00e+00	0.00e+00	0.00e+00	0.00e+00	0.00e+00	0.00e+00	0.00e+00	0.00e+00	0.00e+00	2.56e+01	2.44e+01	0.00e+00	0.00e+00	0.00e+00	2.56e+01	2.27e-04
run_01_511	1.05e+03	5.50e+02	1.27e-04	2.90e+01	8.20e-24	2.45e+01	0.00e+00	0.00e+00	0.00e+00	0.00e+00	0.00e+00	0.00e+00	0.00e+00	0.00e+00	0.00e+00	0.00e+00	0.00e+00	2.55e+01	2.45e+01	0.00e+00	0.00e+00	0.00e+00	2.55e+01	1.06e-03
run_01_512	1.05e+03	6.00e+02	8.00e-04	2.70e+01	1.44e-24	2.46e+01	0.00e+00	0.00e+00	0.00e+00	0.00e+00	0.00e+00	0.00e+00	0.00e+00	0.00e+00	0.00e+00	0.00e+00	0.00e+00	2.54e+01	2.46e+01	0.00e+00	0.00e+00	0.00e+00	2.54e+01	6.66e-03
run_01_513	1.05e+03	6.50e+02	1.89e-03	2.70e+01	6.22e-25	2.47e+01	0.00e+00	0.00e+00	0.00e+00	0.00e+00	0.00e+00	0.00e+00	0.00e+00	0.00e+00	0.00e+00	0.00e+00	0.00e+00	2.53e+01	2.47e+01	0.00e+00	0.00e+00	0.00e+00	2.53e+01	1.58e-02
run_01_514	1.05e+03	7.00e+02	3.32e-03	2.60e+01	3.54e-25	2.47e+01	0.00e+00	0.00e+00	0.00e+00	0.00e+00	0.00e+00	0.00e+00	0.00e+00	0.00e+00	0.00e+00	0.00e+00	0.00e+00	2.53e+01	2.47e+01	0.00e+00	0.00e+00	0.00e+00	2.53e+01	2.76e-02
run_01_515	1.05e+03	7.50e+02	5.01e-03	2.60e+01	2.34e-25	2.48e+01	0.00e+00	0.00e+00	0.00e+00	0.00e+00	0.00e+00	0.00e+00	0.00e+00	0.00e+00	0.00e+00	0.00e+00	0.00e+00	2.52e+01	2.48e+01	0.00e+00	0.00e+00	0.00e+00	2.52e+01	4.18e-02
run_01_516	1.05e+03	8.00e+02	6.94e-03	2.50e+01	1.67e-25	2.48e+01	0.00e+00	0.00e+00	0.00e+00	0.00e+00	0.00e+00	0.00e+00	0.00e+00	0.00e+00	0.00e+00	0.00e+00	0.00e+00	2.52e+01	2.48e+01	0.00e+00	0.00e+00	0.00e+00	2.52e+01	5.79e-02
run_01_517	1.05e+03	8.50e+02	9.08e-03	2.50e+01	1.27e-25	2.48e+01	0.00e+00	0.00e+00	0.00e+00	0.00e+00	0.00e+00	0.00e+00	0.00e+00	0.00e+00	0.00e+00	0.00e+00	0.00e+00	2.52e+01	2.48e+01	0.00e+00	0.00e+00	0.00e+00	2.52e+01	7.57e-02
run_01_518	1.05e+03	9.00e+02	1.14e-02	2.50e+01	1.01e-25	2.48e+01	0.00e+00	0.00e+00	0.00e+00	0.00e+00	0.00e+00	0.00e+00	0.00e+00	0.00e+00	0.00e+00	0.00e+00	0.00e+00	2.52e+01	2.48e+01	0.00e+00	0.00e+00	0.00e+00	2.52e+01	9.51e-02
run_01_519	1.05e+03	9.50e+02	1.39e-02	2.50e+01	8.29e-26	2.48e+01	0.00e+00	0.00e+00	0.00e+00	0.00e+00	0.00e+00	0.00e+00	0.00e+00	0.00e+00	0.00e+00	0.00e+00	0.00e+00	2.52e+01	2.48e+01	0.00e+00	0.00e+00	0.00e+00	2.52e+01	1.16e-01
run_01_520	1.05e+03	1.00e+03	1.65e-02	2.50e+01	7.21e-26	2.49e+01	0.00e+00	0.00e+00	0.00e+00	0.00e+00	0.00e+00	0.00e+00	0.00e+00	0.00e+00	0.00e+00	0.00e+00	0.00e+00	2.51e+01	2.49e+01	0.00e+00	0.00e+00	0.00e+00	2.51e+01	1.37e-01
run_01_521	1.05e+03	1.05e+03	1.81e-02	2.50e+01	6.94e-26	2.49e+01	0.00e+00	0.00e+00	0.00e+00	0.00e+00	0.00e+00	0.00e+00	0.00e+00	0.00e+00	0.00e+00	0.00e+00	0.00e+00	2.51e+01	2.49e+01	0.00e+00	0.00e+00	9.57e-02	2.51e+01	1.51e-01
run_01_522	1.05e+03	1.10e+03	1.91e-02	2.50e+01	6.61e-26	2.31e+01	0.00e+00	0.00e+00	0.00e+00	0.00e+00	0.00e+00	0.00e+00	0.00e+00	0.00e+00	0.00e+00	0.00e+00	0.00e+00	2.33e+01	2.31e+01	0.00e+00	0.00e+00	7.19e+00	2.33e+01	1.59e-01
run_01_523	1.05e+03	1.15e+03	2.01e-02	2.50e+01	6.25e-26	2.12e+01	0.00e+00	0.00e+00	0.00e+00	0.00e+00	0.00e+00	0.00e+00	0.00e+00	0.00e+00	0.00e+00	0.00e+00	0.00e+00	2.14e+01	2.12e+01	0.00e+00	0.00e+00	1.48e+01	2.14e+01	1.67e-01
run_01_524	1.05e+03	1.20e+03	2.11e-02	2.50e+01	5.88e-26	1.96e+01	0.00e+00	0.00e+00	0.00e+00	0.00e+00	0.00e+00	0.00e+00	0.00e+00	0.00e+00	0.00e+00	0.00e+00	0.00e+00	1.98e+01	1.96e+01	0.00e+00	0.00e+00	2.11e+01	1.98e+01	1.76e-01
run_01_525	1.05e+03	1.25e+03	2.23e-02	2.50e+01	5.53e-26	1.84e+01	0.00e+00	0.00e+00	0.00e+00	0.00e+00	0.00e+00	0.00e+00	0.00e+00	0.00e+00	0.00e+00	0.00e+00	0.00e+00	1.85e+01	1.84e+01	0.00e+00	0.00e+00	2.61e+01	1.85e+01	1.86e-01
run_01_526	1.10e+03	5.00e+01	1.66e+00	1.70e+01	5.92e-28	0.00e+00	0.00e+00	0.00e+00	0.00e+00	0.00e+00	0.00e+00	0.00e+00	0.00e+00	0.00e+00	0.00e+00	0.00e+00	0.00e+00	5.00e+01	0.00e+00	0.00e+00	0.00e+00	0.00e+00	5.00e+01	1.00e+00
run_01_527	1.10e+03	1.00e+02	3.83e-01	1.90e+01	2.86e-27	4.31e+00	0.00e+00	0.00e+00	0.00e+00	0.00e+00	0.00e+00	0.00e+00	0.00e+00	0.00e+00	0.00e+00	0.00e+00	0.00e+00	4.57e+01	4.31e+00	0.00e+00	0.00e+00	0.00e+00	4.57e+01	1.00e+00
run_01_528	1.10e+03	1.50e+02	1.19e-01	2.10e+01	9.67e-27	1.72e+01	0.00e+00	0.00e+00	0.00e+00	0.00e+00	0.00e+00	0.00e+00	0.00e+00	0.00e+00	0.00e+00	0.00e+00	0.00e+00	3.28e+01	1.72e+01	0.00e+00	0.00e+00	0.00e+00	3.28e+01	9.92e-01
run_01_529	1.10e+03	2.00e+02	5.41e-02	2.20e+01	2.22e-26	2.10e+01	0.00e+00	0.00e+00	0.00e+00	0.00e+00	0.00e+00	0.00e+00	0.00e+00	0.00e+00	0.00e+00	0.00e+00	0.00e+00	2.90e+01	2.10e+01	0.00e+00	0.00e+00	0.00e+00	2.90e+01	4.51e-01
run_01_530	1.10e+03	2.50e+02	2.81e-02	2.30e+01	4.43e-26	2.26e+01	0.00e+00	0.00e+00	0.00e+00	0.00e+00	0.00e+00	0.00e+00	0.00e+00	0.00e+00	0.00e+00	0.00e+00	0.00e+00	2.74e+01	2.26e+01	0.00e+00	0.00e+00	0.00e+00	2.74e+01	2.34e-01
run_01_531	1.10e+03	3.00e+02	1.52e-02	2.40e+01	8.55e-26	2.34e+01	0.00e+00	0.00e+00	0.00e+00	0.00e+00	0.00e+00	0.00e+00	0.00e+00	0.00e+00	0.00e+00	0.00e+00	0.00e+00	2.66e+01	2.34e+01	0.00e+00	0.00e+00	0.00e+00	2.66e+01	1.26e-01
run_01_532	1.10e+03	3.50e+02	7.95e-03	2.50e+01	1.71e-25	2.38e+01	0.00e+00	0.00e+00	0.00e+00	0.00e+00	0.00e+00	0.00e+00	0.00e+00	0.00e+00	0.00e+00	0.00e+00	0.00e+00	2.62e+01	2.38e+01	0.00e+00	0.00e+00	0.00e+00	2.62e+01	6.63e-02
run_01_533	1.10e+03	4.00e+02	3.79e-03	2.50e+01	3.88e-25	2.41e+01	0.00e+00	0.00e+00	0.00e+00	0.00e+00	0.00e+00	0.00e+00	0.00e+00	0.00e+00	0.00e+00	0.00e+00	0.00e+00	2.59e+01	2.41e+01	0.00e+00	0.00e+00	0.00e+00	2.59e+01	3.16e-02
run_01_534	1.10e+03	4.50e+02	1.42e-03	2.70e+01	1.23e-24	2.43e+01	0.00e+00	0.00e+00	0.00e+00	0.00e+00	0.00e+00	0.00e+00	0.00e+00	0.00e+00	0.00e+00	0.00e+00	0.00e+00	2.57e+01	2.43e+01	0.00e+00	0.00e+00	0.00e+00	2.57e+01	1.19e-02
run_01_535	1.10e+03	5.00e+02	2.16e-04	2.90e+01	2.14e-23	2.44e+01	0.00e+00	0.00e+00	0.00e+00	0.00e+00	0.00e+00	0.00e+00	0.00e+00	0.00e+00	0.00e+00	0.00e+00	0.00e+00	2.56e+01	2.44e+01	0.00e+00	0.00e+00	0.00e+00	2.56e+01	1.80e-03
run_01_536	1.10e+03	5.50e+02	2.62e-06	3.30e+01	2.58e-22	2.45e+01	0.00e+00	0.00e+00	0.00e+00	0.00e+00	0.00e+00	0.00e+00	0.00e+00	0.00e+00	0.00e+00	0.00e+00	0.00e+00	2.55e+01	2.45e+01	0.00e+00	0.00e+00	0.00e+00	2.55e+01	2.18e-05
run_01_537	1.10e+03	6.00e+02	4.07e-04	2.80e+01	2.74e-24	2.46e+01	0.00e+00	0.00e+00	0.00e+00	0.00e+00	0.00e+00	0.00e+00	0.00e+00	0.00e+00	0.00e+00	0.00e+00	0.00e+00	2.54e+01	2.46e+01	0.00e+00	0.00e+00	0.00e+00	2.54e+01	3.39e-03
run_01_538	1.10e+03	6.50e+02	1.31e-03	2.70e+01	8.84e-25	2.47e+01	0.00e+00	0.00e+00	0.00e+00	0.00e+00	0.00e+00	0.00e+00	0.00e+00	0.00e+00	0.00e+00	0.00e+00	0.00e+00	2.53e+01	2.47e+01	0.00e+00	0.00e+00	0.00e+00	2.53e+01	1.09e-02
run_01_539	1.10e+03	7.00e+02	2.60e-03	2.60e+01	4.49e-25	2.47e+01	0.00e+00	0.00e+00	0.00e+00	0.00e+00	0.00e+00	0.00e+00	0.00e+00	0.00e+00	0.00e+00	0.00e+00	0.00e+00	2.53e+01	2.47e+01	0.00e+00	0.00e+00	0.00e+00	2.53e+01	2.16e-02
run_01_540	1.10e+03	7.50e+02	4.18e-03	2.60e+01	2.79e-25	2.48e+01	0.00e+00	0.00e+00	0.00e+00	0.00e+00	0.00e+00	0.00e+00	0.00e+00	0.00e+00	0.00e+00	0.00e+00	0.00e+00	2.52e+01	2.48e+01	0.00e+00	0.00e+00	0.00e+00	2.52e+01	3.49e-02
run_01_541	1.10e+03	8.00e+02	6.03e-03	2.60e+01	1.94e-25	2.48e+01	0.00e+00	0.00e+00	0.00e+00	0.00e+00	0.00e+00	0.00e+00	0.00e+00	0.00e+00	0.00e+00	0.00e+00	0.00e+00	2.52e+01	2.48e+01	0.00e+00	0.00e+00	0.00e+00	2.52e+01	5.02e-02
run_01_542	1.10e+03	8.50e+02	8.10e-03	2.50e+01	1.43e-25	2.48e+01	0.00e+00	0.00e+00	0.00e+00	0.00e+00	0.00e+00	0.00e+00	0.00e+00	0.00e+00	0.00e+00	0.00e+00	0.00e+00	2.52e+01	2.48e+01	0.00e+00	0.00e+00	0.00e+00	2.52e+01	6.75e-02
run_01_543	1.10e+03	9.00e+02	1.04e-02	2.50e+01	1.11e-25	2.48e+01	0.00e+00	0.00e+00	0.00e+00	0.00e+00	0.00e+00	0.00e+00	0.00e+00	0.00e+00	0.00e+00	0.00e+00	0.00e+00	2.52e+01	2.48e+01	0.00e+00	0.00e+00	0.00e+00	2.52e+01	8.64e-02
run_01_544	1.10e+03	9.50e+02	1.28e-02	2.50e+01	8.95e-26	2.48e+01	0.00e+00	0.00e+00	0.00e+00	0.00e+00	0.00e+00	0.00e+00	0.00e+00	0.00e+00	0.00e+00	0.00e+00	0.00e+00	2.52e+01	2.48e+01	0.00e+00	0.00e+00	0.00e+00	2.52e+01	1.07e-01
run_01_545	1.10e+03	1.00e+03	1.55e-02	2.50e+01	7.44e-26	2.49e+01	0.00e+00	0.00e+00	0.00e+00	0.00e+00	0.00e+00	0.00e+00	0.00e+00	0.00e+00	0.00e+00	0.00e+00	0.00e+00	2.51e+01	2.49e+01	0.00e+00	0.00e+00	0.00e+00	2.51e+01	1.29e-01
run_01_546	1.10e+03	1.05e+03	1.81e-02	2.50e+01	6.55e-26	2.49e+01	0.00e+00	0.00e+00	0.00e+00	0.00e+00	0.00e+00	0.00e+00	0.00e+00	0.00e+00	0.00e+00	0.00e+00	0.00e+00	2.51e+01	2.49e+01	0.00e+00	0.00e+00	0.00e+00	2.51e+01	1.51e-01
run_01_547	1.10e+03	1.10e+03	1.98e-02	2.50e+01	6.32e-26	2.49e+01	0.00e+00	0.00e+00	0.00e+00	0.00e+00	0.00e+00	0.00e+00	0.00e+00	0.00e+00	0.00e+00	0.00e+00	0.00e+00	2.51e+01	2.49e+01	0.00e+00	0.00e+00	9.57e-02	2.51e+01	1.65e-01
run_01_548	1.10e+03	1.15e+03	2.08e-02	2.50e+01	6.04e-26	2.32e+01	0.00e+00	0.00e+00	0.00e+00	0.00e+00	0.00e+00	0.00e+00	0.00e+00	0.00e+00	0.00e+00	0.00e+00	0.00e+00	2.34e+01	2.32e+01	0.00e+00	0.00e+00	6.82e+00	2.34e+01	1.73e-01
run_01_549	1.10e+03	1.20e+03	2.18e-02	2.50e+01	5.73e-26	2.14e+01	0.00e+00	0.00e+00	0.00e+00	0.00e+00	0.00e+00	0.00e+00	0.00e+00	0.00e+00	0.00e+00	0.00e+00	0.00e+00	2.15e+01	2.14e+01	0.00e+00	0.00e+00	1.42e+01	2.15e+01	1.82e-01
run_01_550	1.10e+03	1.25e+03	2.29e-02	2.50e+01	5.41e-26	1.98e+01	0.00e+00	0.00e+00	0.00e+00	0.00e+00	0.00e+00	0.00e+00	0.00e+00	0.00e+00	0.00e+00	0.00e+00	0.00e+00	2.00e+01	1.98e+01	0.00e+00	0.00e+00	2.03e+01	2.00e+01	1.91e-01
run_01_551	1.15e+03	5.00e+01	1.96e+00	1.70e+01	4.95e-28	0.00e+00	0.00e+00	0.00e+00	0.00e+00	0.00e+00	0.00e+00	0.00e+00	0.00e+00	0.00e+00	0.00e+00	0.00e+00	0.00e+00	5.00e+01	0.00e+00	0.00e+00	0.00e+00	0.00e+00	5.00e+01	1.00e+00
run_01_552	1.15e+03	1.00e+02	4.56e-01	1.90e+01	2.38e-27	4.31e+00	0.00e+00	0.00e+00	0.00e+00	0.00e+00	0.00e+00	0.00e+00	0.00e+00	0.00e+00	0.00e+00	0.00e+00	0.00e+00	4.57e+01	4.31e+00	0.00e+00	0.00e+00	0.00e+00	4.57e+01	1.00e+00
run_01_553	1.15e+03	1.50e+02	1.43e-01	2.10e+01	7.98e-27	1.72e+01	0.00e+00	0.00e+00	0.00e+00	0.00e+00	0.00e+00	0.00e+00	0.00e+00	0.00e+00	0.00e+00	0.00e+00	0.00e+00	3.28e+01	1.72e+01	0.00e+00	0.00e+00	0.00e+00	3.28e+01	1.00e+00
run_01_554	1.15e+03	2.00e+02	6.58e-02	2.20e+01	1.80e-26	2.10e+01	0.00e+00	0.00e+00	0.00e+00	0.00e+00	0.00e+00	0.00e+00	0.00e+00	0.00e+00	0.00e+00	0.00e+00	0.00e+00	2.90e+01	2.10e+01	0.00e+00	0.00e+00	0.00e+00	2.90e+01	5.48e-01
run_01_555	1.15e+03	2.50e+02	3.48e-02	2.30e+01	3.53e-26	2.26e+01	0.00e+00	0.00e+00	0.00e+00	0.00e+00	0.00e+00	0.00e+00	0.00e+00	0.00e+00	0.00e+00	0.00e+00	0.00e+00	2.74e+01	2.26e+01	0.00e+00	0.00e+00	0.00e+00	2.74e+01	2.90e-01
run_01_556	1.15e+03	3.00e+02	1.93e-02	2.30e+01	6.64e-26	2.34e+01	0.00e+00	0.00e+00	0.00e+00	0.00e+00	0.00e+00	0.00e+00	0.00e+00	0.00e+00	0.00e+00	0.00e+00	0.00e+00	2.66e+01	2.34e+01	0.00e+00	0.00e+00	0.00e+00	2.66e+01	1.61e-01
run_01_557	1.15e+03	3.50e+02	1.06e-02	2.40e+01	1.27e-25	2.38e+01	0.00e+00	0.00e+00	0.00e+00	0.00e+00	0.00e+00	0.00e+00	0.00e+00	0.00e+00	0.00e+00	0.00e+00	0.00e+00	2.62e+01	2.38e+01	0.00e+00	0.00e+00	0.00e+00	2.62e+01	8.81e-02
run_01_558	1.15e+03	4.00e+02	5.42e-03	2.50e+01	2.62e-25	2.41e+01	0.00e+00	0.00e+00	0.00e+00	0.00e+00	0.00e+00	0.00e+00	0.00e+00	0.00e+00	0.00e+00	0.00e+00	0.00e+00	2.59e+01	2.41e+01	0.00e+00	0.00e+00	0.00e+00	2.59e+01	4.51e-02
run_01_559	1.15e+03	4.50e+02	2.37e-03	2.60e+01	6.68e-25	2.43e+01	0.00e+00	0.00e+00	0.00e+00	0.00e+00	0.00e+00	0.00e+00	0.00e+00	0.00e+00	0.00e+00	0.00e+00	0.00e+00	2.57e+01	2.43e+01	0.00e+00	0.00e+00	0.00e+00	2.57e+01	1.98e-02
run_01_560	1.15e+03	5.00e+02	6.75e-04	2.80e+01	4.14e-24	2.44e+01	0.00e+00	0.00e+00	0.00e+00	0.00e+00	0.00e+00	0.00e+00	0.00e+00	0.00e+00	0.00e+00	0.00e+00	0.00e+00	2.56e+01	2.44e+01	0.00e+00	0.00e+00	0.00e+00	2.56e+01	5.63e-03
run_01_561	1.15e+03	5.50e+02	2.38e-05	3.10e+01	1.73e-22	2.45e+01	0.00e+00	0.00e+00	0.00e+00	0.00e+00	0.00e+00	0.00e+00	0.00e+00	0.00e+00	0.00e+00	0.00e+00	0.00e+00	2.55e+01	2.45e+01	0.00e+00	0.00e+00	0.00e+00	2.55e+01	1.98e-04
run_01_562	1.15e+03	6.00e+02	1.30e-04	2.90e+01	7.84e-24	2.46e+01	0.00e+00	0.00e+00	0.00e+00	0.00e+00	0.00e+00	0.00e+00	0.00e+00	0.00e+00	0.00e+00	0.00e+00	0.00e+00	2.54e+01	2.46e+01	0.00e+00	0.00e+00	0.00e+00	2.54e+01	1.09e-03
run_01_563	1.15e+03	6.50e+02	8.15e-04	2.70e+01	1.39e-24	2.47e+01	0.00e+00	0.00e+00	0.00e+00	0.00e+00	0.00e+00	0.00e+00	0.00e+00	0.00e+00	0.00e+00	0.00e+00	0.00e+00	2.53e+01	2.47e+01	0.00e+00	0.00e+00	0.00e+00	2.53e+01	6.79e-03
run_01_564	1.15e+03	7.00e+02	1.93e-03	2.70e+01	6.03e-25	2.47e+01	0.00e+00	0.00e+00	0.00e+00	0.00e+00	0.00e+00	0.00e+00	0.00e+00	0.00e+00	0.00e+00	0.00e+00	0.00e+00	2.53e+01	2.47e+01	0.00e+00	0.00e+00	0.00e+00	2.53e+01	1.61e-02
run_01_565	1.15e+03	7.50e+02	3.39e-03	2.60e+01	3.43e-25	2.48e+01	0.00e+00	0.00e+00	0.00e+00	0.00e+00	0.00e+00	0.00e+00	0.00e+00	0.00e+00	0.00e+00	0.00e+00	0.00e+00	2.52e+01	2.48e+01	0.00e+00	0.00e+00	0.00e+00	2.52e+01	2.83e-02
run_01_566	1.15e+03	8.00e+02	5.14e-03	2.60e+01	2.27e-25	2.48e+01	0.00e+00	0.00e+00	0.00e+00	0.00e+00	0.00e+00	0.00e+00	0.00e+00	0.00e+00	0.00e+00	0.00e+00	0.00e+00	2.52e+01	2.48e+01	0.00e+00	0.00e+00	0.00e+00	2.52e+01	4.28e-02
run_01_567	1.15e+03	8.50e+02	7.13e-03	2.50e+01	1.62e-25	2.48e+01	0.00e+00	0.00e+00	0.00e+00	0.00e+00	0.00e+00	0.00e+00	0.00e+00	0.00e+00	0.00e+00	0.00e+00	0.00e+00	2.52e+01	2.48e+01	0.00e+00	0.00e+00	0.00e+00	2.52e+01	5.94e-02
run_01_568	1.15e+03	9.00e+02	9.33e-03	2.50e+01	1.23e-25	2.48e+01	0.00e+00	0.00e+00	0.00e+00	0.00e+00	0.00e+00	0.00e+00	0.00e+00	0.00e+00	0.00e+00	0.00e+00	0.00e+00	2.52e+01	2.48e+01	0.00e+00	0.00e+00	0.00e+00	2.52e+01	7.78e-02
run_01_569	1.15e+03	9.50e+02	1.17e-02	2.50e+01	9.77e-26	2.48e+01	0.00e+00	0.00e+00	0.00e+00	0.00e+00	0.00e+00	0.00e+00	0.00e+00	0.00e+00	0.00e+00	0.00e+00	0.00e+00	2.52e+01	2.48e+01	0.00e+00	0.00e+00	0.00e+00	2.52e+01	9.78e-02
run_01_570	1.15e+03	1.00e+03	1.43e-02	2.50e+01	7.98e-26	2.49e+01	0.00e+00	0.00e+00	0.00e+00	0.00e+00	0.00e+00	0.00e+00	0.00e+00	0.00e+00	0.00e+00	0.00e+00	0.00e+00	2.51e+01	2.49e+01	0.00e+00	0.00e+00	0.00e+00	2.51e+01	1.19e-01
run_01_571	1.15e+03	1.05e+03	1.71e-02	2.50e+01	6.71e-26	2.49e+01	0.00e+00	0.00e+00	0.00e+00	0.00e+00	0.00e+00	0.00e+00	0.00e+00	0.00e+00	0.00e+00	0.00e+00	0.00e+00	2.51e+01	2.49e+01	0.00e+00	0.00e+00	0.00e+00	2.51e+01	1.42e-01
run_01_572	1.15e+03	1.10e+03	1.98e-02	2.50e+01	5.98e-26	2.49e+01	0.00e+00	0.00e+00	0.00e+00	0.00e+00	0.00e+00	0.00e+00	0.00e+00	0.00e+00	0.00e+00	0.00e+00	0.00e+00	2.51e+01	2.49e+01	0.00e+00	0.00e+00	0.00e+00	2.51e+01	1.65e-01
run_01_573	1.15e+03	1.15e+03	2.16e-02	2.50e+01	5.79e-26	2.49e+01	0.00e+00	0.00e+00	0.00e+00	0.00e+00	0.00e+00	0.00e+00	0.00e+00	0.00e+00	0.00e+00	0.00e+00	0.00e+00	2.51e+01	2.49e+01	0.00e+00	0.00e+00	9.56e-02	2.51e+01	1.80e-01
run_01_574	1.15e+03	1.20e+03	2.26e-02	2.50e+01	5.54e-26	2.33e+01	0.00e+00	0.00e+00	0.00e+00	0.00e+00	0.00e+00	0.00e+00	0.00e+00	0.00e+00	0.00e+00	0.00e+00	0.00e+00	2.35e+01	2.33e+01	0.00e+00	0.00e+00	6.48e+00	2.35e+01	1.88e-01
run_01_575	1.15e+03	1.25e+03	2.36e-02	2.50e+01	5.27e-26	2.15e+01	0.00e+00	0.00e+00	0.00e+00	0.00e+00	0.00e+00	0.00e+00	0.00e+00	0.00e+00	0.00e+00	0.00e+00	0.00e+00	2.17e+01	2.15e+01	0.00e+00	0.00e+00	1.36e+01	2.17e+01	1.97e-01
run_01_576	1.20e+03	5.00e+01	2.31e+00	1.70e+01	4.17e-28	0.00e+00	0.00e+00	0.00e+00	0.00e+00	0.00e+00	0.00e+00	0.00e+00	0.00e+00	0.00e+00	0.00e+00	0.00e+00	0.00e+00	5.00e+01	0.00e+00	0.00e+00	0.00e+00	0.00e+00	5.00e+01	1.00e+00
run_01_577	1.20e+03	1.00e+02	5.38e-01	1.90e+01	1.99e-27	4.31e+00	0.00e+00	0.00e+00	0.00e+00	0.00e+00	0.00e+00	0.00e+00	0.00e+00	0.00e+00	0.00e+00	0.00e+00	0.00e+00	4.57e+01	4.31e+00	0.00e+00	0.00e+00	0.00e+00	4.57e+01	1.00e+00
run_01_578	1.20e+03	1.50e+02	1.70e-01	2.10e+01	6.64e-27	1.72e+01	0.00e+00	0.00e+00	0.00e+00	0.00e+00	0.00e+00	0.00e+00	0.00e+00	0.00e+00	0.00e+00	0.00e+00	0.00e+00	3.28e+01	1.72e+01	0.00e+00	0.00e+00	0.00e+00	3.28e+01	1.00e+00
run_01_579	1.20e+03	2.00e+02	7.91e-02	2.20e+01	1.49e-26	2.10e+01	0.00e+00	0.00e+00	0.00e+00	0.00e+00	0.00e+00	0.00e+00	0.00e+00	0.00e+00	0.00e+00	0.00e+00	0.00e+00	2.90e+01	2.10e+01	0.00e+00	0.00e+00	0.00e+00	2.90e+01	6.59e-01
run_01_580	1.20e+03	2.50e+02	4.26e-02	2.20e+01	2.86e-26	2.26e+01	0.00e+00	0.00e+00	0.00e+00	0.00e+00	0.00e+00	0.00e+00	0.00e+00	0.00e+00	0.00e+00	0.00e+00	0.00e+00	2.74e+01	2.26e+01	0.00e+00	0.00e+00	0.00e+00	2.74e+01	3.55e-01
run_01_581	1.20e+03	3.00e+02	2.41e-02	2.30e+01	5.24e-26	2.34e+01	0.00e+00	0.00e+00	0.00e+00	0.00e+00	0.00e+00	0.00e+00	0.00e+00	0.00e+00	0.00e+00	0.00e+00	0.00e+00	2.66e+01	2.34e+01	0.00e+00	0.00e+00	0.00e+00	2.66e+01	2.01e-01
run_01_582	1.20e+03	3.50e+02	1.37e-02	2.40e+01	9.61e-26	2.38e+01	0.00e+00	0.00e+00	0.00e+00	0.00e+00	0.00e+00	0.00e+00	0.00e+00	0.00e+00	0.00e+00	0.00e+00	0.00e+00	2.62e+01	2.38e+01	0.00e+00	0.00e+00	0.00e+00	2.62e+01	1.14e-01
run_01_583	1.20e+03	4.00e+02	7.41e-03	2.50e+01	1.86e-25	2.41e+01	0.00e+00	0.00e+00	0.00e+00	0.00e+00	0.00e+00	0.00e+00	0.00e+00	0.00e+00	0.00e+00	0.00e+00	0.00e+00	2.59e+01	2.41e+01	0.00e+00	0.00e+00	0.00e+00	2.59e+01	6.18e-02
run_01_584	1.20e+03	4.50e+02	3.60e-03	2.60e+01	4.14e-25	2.43e+01	0.00e+00	0.00e+00	0.00e+00	0.00e+00	0.00e+00	0.00e+00	0.00e+00	0.00e+00	0.00e+00	0.00e+00	0.00e+00	2.57e+01	2.43e+01	0.00e+00	0.00e+00	0.00e+00	2.57e+01	3.00e-02
run_01_585	1.20e+03	5.00e+02	1.36e-03	2.70e+01	1.43e-24	2.44e+01	0.00e+00	0.00e+00	0.00e+00	0.00e+00	0.00e+00	0.00e+00	0.00e+00	0.00e+00	0.00e+00	0.00e+00	0.00e+00	2.56e+01	2.44e+01	0.00e+00	0.00e+00	0.00e+00	2.56e+01	1.13e-02
run_01_586	1.20e+03	5.50e+02	1.87e-04	2.90e+01	2.76e-23	2.45e+01	0.00e+00	0.00e+00	0.00e+00	0.00e+00	0.00e+00	0.00e+00	0.00e+00	0.00e+00	0.00e+00	0.00e+00	0.00e+00	2.55e+01	2.45e+01	0.00e+00	0.00e+00	0.00e+00	2.55e+01	1.56e-03
run_01_587	1.20e+03	6.00e+02	2.75e-06	3.30e+01	2.36e-22	2.46e+01	0.00e+00	0.00e+00	0.00e+00	0.00e+00	0.00e+00	0.00e+00	0.00e+00	0.00e+00	0.00e+00	0.00e+00	0.00e+00	2.54e+01	2.46e+01	0.00e+00	0.00e+00	0.00e+00	2.54e+01	2.29e-05
run_01_588	1.20e+03	6.50e+02	4.15e-04	2.80e+01	2.65e-24	2.47e+01	0.00e+00	0.00e+00	0.00e+00	0.00e+00	0.00e+00	0.00e+00	0.00e+00	0.00e+00	0.00e+00	0.00e+00	0.00e+00	2.53e+01	2.47e+01	0.00e+00	0.00e+00	0.00e+00	2.53e+01	3.46e-03
run_01_589	1.20e+03	7.00e+02	1.34e-03	2.70e+01	8.58e-25	2.47e+01	0.00e+00	0.00e+00	0.00e+00	0.00e+00	0.00e+00	0.00e+00	0.00e+00	0.00e+00	0.00e+00	0.00e+00	0.00e+00	2.53e+01	2.47e+01	0.00e+00	0.00e+00	0.00e+00	2.53e+01	1.12e-02
run_01_590	1.20e+03	7.50e+02	2.65e-03	2.60e+01	4.36e-25	2.48e+01	0.00e+00	0.00e+00	0.00e+00	0.00e+00	0.00e+00	0.00e+00	0.00e+00	0.00e+00	0.00e+00	0.00e+00	0.00e+00	2.52e+01	2.48e+01	0.00e+00	0.00e+00	0.00e+00	2.52e+01	2.21e-02
run_01_591	1.20e+03	8.00e+02	4.28e-03	2.60e+01	2.71e-25	2.48e+01	0.00e+00	0.00e+00	0.00e+00	0.00e+00	0.00e+00	0.00e+00	0.00e+00	0.00e+00	0.00e+00	0.00e+00	0.00e+00	2.52e+01	2.48e+01	0.00e+00	0.00e+00	0.00e+00	2.52e+01	3.56e-02
run_01_592	1.20e+03	8.50e+02	6.17e-03	2.60e+01	1.88e-25	2.48e+01	0.00e+00	0.00e+00	0.00e+00	0.00e+00	0.00e+00	0.00e+00	0.00e+00	0.00e+00	0.00e+00	0.00e+00	0.00e+00	2.52e+01	2.48e+01	0.00e+00	0.00e+00	0.00e+00	2.52e+01	5.14e-02
run_01_593	1.20e+03	9.00e+02	8.30e-03	2.50e+01	1.38e-25	2.48e+01	0.00e+00	0.00e+00	0.00e+00	0.00e+00	0.00e+00	0.00e+00	0.00e+00	0.00e+00	0.00e+00	0.00e+00	0.00e+00	2.52e+01	2.48e+01	0.00e+00	0.00e+00	0.00e+00	2.52e+01	6.92e-02
run_01_594	1.20e+03	9.50e+02	1.06e-02	2.50e+01	1.08e-25	2.48e+01	0.00e+00	0.00e+00	0.00e+00	0.00e+00	0.00e+00	0.00e+00	0.00e+00	0.00e+00	0.00e+00	0.00e+00	0.00e+00	2.52e+01	2.48e+01	0.00e+00	0.00e+00	0.00e+00	2.52e+01	8.87e-02
run_01_595	1.20e+03	1.00e+03	1.32e-02	2.50e+01	8.66e-26	2.49e+01	0.00e+00	0.00e+00	0.00e+00	0.00e+00	0.00e+00	0.00e+00	0.00e+00	0.00e+00	0.00e+00	0.00e+00	0.00e+00	2.51e+01	2.49e+01	0.00e+00	0.00e+00	0.00e+00	2.51e+01	1.10e-01
run_01_596	1.20e+03	1.05e+03	1.59e-02	2.50e+01	7.16e-26	2.49e+01	0.00e+00	0.00e+00	0.00e+00	0.00e+00	0.00e+00	0.00e+00	0.00e+00	0.00e+00	0.00e+00	0.00e+00	0.00e+00	2.51e+01	2.49e+01	0.00e+00	0.00e+00	0.00e+00	2.51e+01	1.32e-01
run_01_597	1.20e+03	1.10e+03	1.88e-02	2.50e+01	6.09e-26	2.49e+01	0.00e+00	0.00e+00	0.00e+00	0.00e+00	0.00e+00	0.00e+00	0.00e+00	0.00e+00	0.00e+00	0.00e+00	0.00e+00	2.51e+01	2.49e+01	0.00e+00	0.00e+00	0.00e+00	2.51e+01	1.56e-01
run_01_598	1.20e+03	1.15e+03	2.16e-02	2.50e+01	5.47e-26	2.49e+01	0.00e+00	0.00e+00	0.00e+00	0.00e+00	0.00e+00	0.00e+00	0.00e+00	0.00e+00	0.00e+00	0.00e+00	0.00e+00	2.51e+01	2.49e+01	0.00e+00	0.00e+00	0.00e+00	2.51e+01	1.80e-01
run_01_599	1.20e+03	1.20e+03	2.34e-02	2.50e+01	5.32e-26	2.49e+01	0.00e+00	0.00e+00	0.00e+00	0.00e+00	0.00e+00	0.00e+00	0.00e+00	0.00e+00	0.00e+00	0.00e+00	0.00e+00	2.51e+01	2.49e+01	0.00e+00	0.00e+00	9.56e-02	2.51e+01	1.95e-01
run_01_600	1.20e+03	1.25e+03	2.44e-02	2.50e+01	5.10e-26	2.34e+01	0.00e+00	0.00e+00	0.00e+00	0.00e+00	0.00e+00	0.00e+00	0.00e+00	0.00e+00	0.00e+00	0.00e+00	0.00e+00	2.35e+01	2.34e+01	0.00e+00	0.00e+00	6.17e+00	2.35e+01	2.04e-01
run_01_601	1.25e+03	5.00e+01	2.70e+00	1.70e+01	3.53e-28	0.00e+00	0.00e+00	0.00e+00	0.00e+00	0.00e+00	0.00e+00	0.00e+00	0.00e+00	0.00e+00	0.00e+00	0.00e+00	0.00e+00	5.00e+01	0.00e+00	0.00e+00	0.00e+00	0.00e+00	5.00e+01	1.00e+00
run_01_602	1.25e+03	1.00e+02	6.31e-01	1.90e+01	1.68e-27	4.31e+00	0.00e+00	0.00e+00	0.00e+00	0.00e+00	0.00e+00	0.00e+00	0.00e+00	0.00e+00	0.00e+00	0.00e+00	0.00e+00	4.57e+01	4.31e+00	0.00e+00	0.00e+00	0.00e+00	4.57e+01	1.00e+00
run_01_603	1.25e+03	1.50e+02	2.01e-01	2.00e+01	5.58e-27	1.72e+01	0.00e+00	0.00e+00	0.00e+00	0.00e+00	0.00e+00	0.00e+00	0.00e+00	0.00e+00	0.00e+00	0.00e+00	0.00e+00	3.28e+01	1.72e+01	0.00e+00	0.00e+00	0.00e+00	3.28e+01	1.00e+00
run_01_604	1.25e+03	2.00e+02	9.43e-02	2.10e+01	1.24e-26	2.10e+01	0.00e+00	0.00e+00	0.00e+00	0.00e+00	0.00e+00	0.00e+00	0.00e+00	0.00e+00	0.00e+00	0.00e+00	0.00e+00	2.90e+01	2.10e+01	0.00e+00	0.00e+00	0.00e+00	2.90e+01	7.86e-01
run_01_605	1.25e+03	2.50e+02	5.14e-02	2.20e+01	2.35e-26	2.26e+01	0.00e+00	0.00e+00	0.00e+00	0.00e+00	0.00e+00	0.00e+00	0.00e+00	0.00e+00	0.00e+00	0.00e+00	0.00e+00	2.74e+01	2.26e+01	0.00e+00	0.00e+00	0.00e+00	2.74e+01	4.29e-01
run_01_606	1.25e+03	3.00e+02	2.97e-02	2.30e+01	4.20e-26	2.34e+01	0.00e+00	0.00e+00	0.00e+00	0.00e+00	0.00e+00	0.00e+00	0.00e+00	0.00e+00	0.00e+00	0.00e+00	0.00e+00	2.66e+01	2.34e+01	0.00e+00	0.00e+00	0.00e+00	2.66e+01	2.48e-01
run_01_607	1.25e+03	3.50e+02	1.73e-02	2.40e+01	7.47e-26	2.38e+01	0.00e+00	0.00e+00	0.00e+00	0.00e+00	0.00e+00	0.00e+00	0.00e+00	0.00e+00	0.00e+00	0.00e+00	0.00e+00	2.62e+01	2.38e+01	0.00e+00	0.00e+00	0.00e+00	2.62e+01	1.44e-01
run_01_608	1.25e+03	4.00e+02	9.81e-03	2.40e+01	1.38e-25	2.41e+01	0.00e+00	0.00e+00	0.00e+00	0.00e+00	0.00e+00	0.00e+00	0.00e+00	0.00e+00	0.00e+00	0.00e+00	0.00e+00	2.59e+01	2.41e+01	0.00e+00	0.00e+00	0.00e+00	2.59e+01	8.18e-02
run_01_609	1.25e+03	4.50e+02	5.13e-03	2.50e+01	2.81e-25	2.43e+01	0.00e+00	0.00e+00	0.00e+00	0.00e+00	0.00e+00	0.00e+00	0.00e+00	0.00e+00	0.00e+00	0.00e+00	0.00e+00	2.57e+01	2.43e+01	0.00e+00	0.00e+00	0.00e+00	2.57e+01	4.28e-02
run_01_610	1.25e+03	5.00e+02	2.27e-03	2.60e+01	7.31e-25	2.44e+01	0.00e+00	0.00e+00	0.00e+00	0.00e+00	0.00e+00	0.00e+00	0.00e+00	0.00e+00	0.00e+00	0.00e+00	0.00e+00	2.56e+01	2.44e+01	0.00e+00	0.00e+00	0.00e+00	2.56e+01	1.89e-02
run_01_611	1.25e+03	5.50e+02	6.25e-04	2.80e+01	5.44e-24	2.45e+01	0.00e+00	0.00e+00	0.00e+00	0.00e+00	0.00e+00	0.00e+00	0.00e+00	0.00e+00	0.00e+00	0.00e+00	0.00e+00	2.55e+01	2.45e+01	0.00e+00	0.00e+00	0.00e+00	2.55e+01	5.20e-03
run_01_612	1.25e+03	6.00e+02	2.12e-05	3.20e+01	1.81e-22	2.46e+01	0.00e+00	0.00e+00	0.00e+00	0.00e+00	0.00e+00	0.00e+00	0.00e+00	0.00e+00	0.00e+00	0.00e+00	0.00e+00	2.54e+01	2.46e+01	0.00e+00	0.00e+00	0.00e+00	2.54e+01	1.77e-04
run_01_613	1.25e+03	6.50e+02	1.33e-04	2.90e+01	7.51e-24	2.47e+01	0.00e+00	0.00e+00	0.00e+00	0.00e+00	0.00e+00	0.00e+00	0.00e+00	0.00e+00	0.00e+00	0.00e+00	0.00e+00	2.53e+01	2.47e+01	0.00e+00	0.00e+00	0.00e+00	2.53e+01	1.11e-03
run_01_614	1.25e+03	7.00e+02	8.30e-04	2.70e+01	1.35e-24	2.47e+01	0.00e+00	0.00e+00	0.00e+00	0.00e+00	0.00e+00	0.00e+00	0.00e+00	0.00e+00	0.00e+00	0.00e+00	0.00e+00	2.53e+01	2.47e+01	0.00e+00	0.00e+00	0.00e+00	2.53e+01	6.91e-03
run_01_615	1.25e+03	7.50e+02	1.97e-03	2.70e+01	5.87e-25	2.48e+01	0.00e+00	0.00e+00	0.00e+00	0.00e+00	0.00e+00	0.00e+00	0.00e+00	0.00e+00	0.00e+00	0.00e+00	0.00e+00	2.52e+01	2.48e+01	0.00e+00	0.00e+00	0.00e+00	2.52e+01	1.64e-02
run_01_616	1.25e+03	8.00e+02	3.46e-03	2.60e+01	3.34e-25	2.48e+01	0.00e+00	0.00e+00	0.00e+00	0.00e+00	0.00e+00	0.00e+00	0.00e+00	0.00e+00	0.00e+00	0.00e+00	0.00e+00	2.52e+01	2.48e+01	0.00e+00	0.00e+00	0.00e+00	2.52e+01	2.88e-02
run_01_617	1.25e+03	8.50e+02	5.25e-03	2.60e+01	2.20e-25	2.48e+01	0.00e+00	0.00e+00	0.00e+00	0.00e+00	0.00e+00	0.00e+00	0.00e+00	0.00e+00	0.00e+00	0.00e+00	0.00e+00	2.52e+01	2.48e+01	0.00e+00	0.00e+00	0.00e+00	2.52e+01	4.37e-02
run_01_618	1.25e+03	9.00e+02	7.29e-03	2.50e+01	1.57e-25	2.48e+01	0.00e+00	0.00e+00	0.00e+00	0.00e+00	0.00e+00	0.00e+00	0.00e+00	0.00e+00	0.00e+00	0.00e+00	0.00e+00	2.52e+01	2.48e+01	0.00e+00	0.00e+00	0.00e+00	2.52e+01	6.08e-02
run_01_619	1.25e+03	9.50e+02	9.56e-03	2.50e+01	1.20e-25	2.48e+01	0.00e+00	0.00e+00	0.00e+00	0.00e+00	0.00e+00	0.00e+00	0.00e+00	0.00e+00	0.00e+00	0.00e+00	0.00e+00	2.52e+01	2.48e+01	0.00e+00	0.00e+00	0.00e+00	2.52e+01	7.97e-02
run_01_620	1.25e+03	1.00e+03	1.20e-02	2.50e+01	9.48e-26	2.49e+01	0.00e+00	0.00e+00	0.00e+00	0.00e+00	0.00e+00	0.00e+00	0.00e+00	0.00e+00	0.00e+00	0.00e+00	0.00e+00	2.51e+01	2.49e+01	0.00e+00	0.00e+00	0.00e+00	2.51e+01	1.00e-01
run_01_621	1.25e+03	1.05e+03	1.47e-02	2.50e+01	7.73e-26	2.49e+01	0.00e+00	0.00e+00	0.00e+00	0.00e+00	0.00e+00	0.00e+00	0.00e+00	0.00e+00	0.00e+00	0.00e+00	0.00e+00	2.51e+01	2.49e+01	0.00e+00	0.00e+00	0.00e+00	2.51e+01	1.23e-01
run_01_622	1.25e+03	1.10e+03	1.75e-02	2.50e+01	6.47e-26	2.49e+01	0.00e+00	0.00e+00	0.00e+00	0.00e+00	0.00e+00	0.00e+00	0.00e+00	0.00e+00	0.00e+00	0.00e+00	0.00e+00	2.51e+01	2.49e+01	0.00e+00	0.00e+00	0.00e+00	2.51e+01	1.46e-01
run_01_623	1.25e+03	1.15e+03	2.05e-02	2.50e+01	5.55e-26	2.49e+01	0.00e+00	0.00e+00	0.00e+00	0.00e+00	0.00e+00	0.00e+00	0.00e+00	0.00e+00	0.00e+00	0.00e+00	0.00e+00	2.51e+01	2.49e+01	0.00e+00	0.00e+00	0.00e+00	2.51e+01	1.71e-01
run_01_624	1.25e+03	1.20e+03	2.34e-02	2.50e+01	5.03e-26	2.49e+01	0.00e+00	0.00e+00	0.00e+00	0.00e+00	0.00e+00	0.00e+00	0.00e+00	0.00e+00	0.00e+00	0.00e+00	0.00e+00	2.51e+01	2.49e+01	0.00e+00	0.00e+00	0.00e+00	2.51e+01	1.95e-01
run_01_625	1.25e+03	1.25e+03	2.52e-02	2.50e+01	4.90e-26	2.49e+01	0.00e+00	0.00e+00	0.00e+00	0.00e+00	0.00e+00	0.00e+00	0.00e+00	0.00e+00	0.00e+00	0.00e+00	0.00e+00	2.51e+01	2.49e+01	0.00e+00	0.00e+00	9.56e-02	2.51e+01	2.10e-01
run_01_626	1.30e+03	5.00e+01	3.13e+00	1.60e+01	3.02e-28	0.00e+00	0.00e+00	0.00e+00	0.00e+00	0.00e+00	0.00e+00	0.00e+00	0.00e+00	0.00e+00	0.00e+00	0.00e+00	0.00e+00	5.00e+01	0.00e+00	0.00e+00	0.00e+00	0.00e+00	5.00e+01	1.00e+00
run_01_627	1.30e+03	1.00e+02	7.36e-01	1.90e+01	1.43e-27	4.31e+00	0.00e+00	0.00e+00	0.00e+00	0.00e+00	0.00e+00	0.00e+00	0.00e+00	0.00e+00	0.00e+00	0.00e+00	0.00e+00	4.57e+01	4.31e+00	0.00e+00	0.00e+00	0.00e+00	4.57e+01	1.00e+00
run_01_628	1.30e+03	1.50e+02	2.36e-01	2.00e+01	4.73e-27	1.72e+01	0.00e+00	0.00e+00	0.00e+00	0.00e+00	0.00e+00	0.00e+00	0.00e+00	0.00e+00	0.00e+00	0.00e+00	0.00e+00	3.28e+01	1.72e+01	0.00e+00	0.00e+00	0.00e+00	3.28e+01	1.00e+00
run_01_629	1.30e+03	2.00e+02	1.11e-01	2.10e+01	1.04e-26	2.10e+01	0.00e+00	0.00e+00	0.00e+00	0.00e+00	0.00e+00	0.00e+00	0.00e+00	0.00e+00	0.00e+00	0.00e+00	0.00e+00	2.90e+01	2.10e+01	0.00e+00	0.00e+00	0.00e+00	2.90e+01	9.29e-01
run_01_630	1.30e+03	2.50e+02	6.15e-02	2.20e+01	1.94e-26	2.26e+01	0.00e+00	0.00e+00	0.00e+00	0.00e+00	0.00e+00	0.00e+00	0.00e+00	0.00e+00	0.00e+00	0.00e+00	0.00e+00	2.74e+01	2.26e+01	0.00e+00	0.00e+00	0.00e+00	2.74e+01	5.12e-01
run_01_631	1.30e+03	3.00e+02	3.61e-02	2.30e+01	3.42e-26	2.34e+01	0.00e+00	0.00e+00	0.00e+00	0.00e+00	0.00e+00	0.00e+00	0.00e+00	0.00e+00	0.00e+00	0.00e+00	0.00e+00	2.66e+01	2.34e+01	0.00e+00	0.00e+00	0.00e+00	2.66e+01	3.01e-01
run_01_632	1.30e+03	3.50e+02	2.16e-02	2.30e+01	5.94e-26	2.38e+01	0.00e+00	0.00e+00	0.00e+00	0.00e+00	0.00e+00	0.00e+00	0.00e+00	0.00e+00	0.00e+00	0.00e+00	0.00e+00	2.62e+01	2.38e+01	0.00e+00	0.00e+00	0.00e+00	2.62e+01	1.80e-01
run_01_633	1.30e+03	4.00e+02	1.26e-02	2.40e+01	1.05e-25	2.41e+01	0.00e+00	0.00e+00	0.00e+00	0.00e+00	0.00e+00	0.00e+00	0.00e+00	0.00e+00	0.00e+00	0.00e+00	0.00e+00	2.59e+01	2.41e+01	0.00e+00	0.00e+00	0.00e+00	2.59e+01	1.05e-01
run_01_634	1.30e+03	4.50e+02	7.00e-03	2.50e+01	2.00e-25	2.43e+01	0.00e+00	0.00e+00	0.00e+00	0.00e+00	0.00e+00	0.00e+00	0.00e+00	0.00e+00	0.00e+00	0.00e+00	0.00e+00	2.57e+01	2.43e+01	0.00e+00	0.00e+00	0.00e+00	2.57e+01	5.84e-02
run_01_635	1.30e+03	5.00e+02	3.45e-03	2.60e+01	4.43e-25	2.44e+01	0.00e+00	0.00e+00	0.00e+00	0.00e+00	0.00e+00	0.00e+00	0.00e+00	0.00e+00	0.00e+00	0.00e+00	0.00e+00	2.56e+01	2.44e+01	0.00e+00	0.00e+00	0.00e+00	2.56e+01	2.87e-02
run_01_636	1.30e+03	5.50e+02	1.30e-03	2.70e+01	1.72e-24	2.45e+01	0.00e+00	0.00e+00	0.00e+00	0.00e+00	0.00e+00	0.00e+00	0.00e+00	0.00e+00	0.00e+00	0.00e+00	0.00e+00	2.55e+01	2.45e+01	0.00e+00	0.00e+00	0.00e+00	2.55e+01	1.08e-02
run_01_637	1.30e+03	6.00e+02	1.62e-04	3.00e+01	3.15e-23	2.46e+01	0.00e+00	0.00e+00	0.00e+00	0.00e+00	0.00e+00	0.00e+00	0.00e+00	0.00e+00	0.00e+00	0.00e+00	0.00e+00	2.54e+01	2.46e+01	0.00e+00	0.00e+00	0.00e+00	2.54e+01	1.35e-03
run_01_638	1.30e+03	6.50e+02	2.89e-06	3.30e+01	2.17e-22	2.47e+01	0.00e+00	0.00e+00	0.00e+00	0.00e+00	0.00e+00	0.00e+00	0.00e+00	0.00e+00	0.00e+00	0.00e+00	0.00e+00	2.53e+01	2.47e+01	0.00e+00	0.00e+00	0.00e+00	2.53e+01	2.41e-05
run_01_639	1.30e+03	7.00e+02	4.22e-04	2.80e+01	2.56e-24	2.47e+01	0.00e+00	0.00e+00	0.00e+00	0.00e+00	0.00e+00	0.00e+00	0.00e+00	0.00e+00	0.00e+00	0.00e+00	0.00e+00	2.53e+01	2.47e+01	0.00e+00	0.00e+00	0.00e+00	2.53e+01	3.52e-03
run_01_640	1.30e+03	7.50e+02	1.36e-03	2.70e+01	8.35e-25	2.48e+01	0.00e+00	0.00e+00	0.00e+00	0.00e+00	0.00e+00	0.00e+00	0.00e+00	0.00e+00	0.00e+00	0.00e+00	0.00e+00	2.52e+01	2.48e+01	0.00e+00	0.00e+00	0.00e+00	2.52e+01	1.13e-02
run_01_641	1.30e+03	8.00e+02	2.70e-03	2.60e+01	4.24e-25	2.48e+01	0.00e+00	0.00e+00	0.00e+00	0.00e+00	0.00e+00	0.00e+00	0.00e+00	0.00e+00	0.00e+00	0.00e+00	0.00e+00	2.52e+01	2.48e+01	0.00e+00	0.00e+00	0.00e+00	2.52e+01	2.25e-02
run_01_642	1.30e+03	8.50e+02	4.36e-03	2.60e+01	2.64e-25	2.48e+01	0.00e+00	0.00e+00	0.00e+00	0.00e+00	0.00e+00	0.00e+00	0.00e+00	0.00e+00	0.00e+00	0.00e+00	0.00e+00	2.52e+01	2.48e+01	0.00e+00	0.00e+00	0.00e+00	2.52e+01	3.64e-02
run_01_643	1.30e+03	9.00e+02	6.30e-03	2.60e+01	1.83e-25	2.48e+01	0.00e+00	0.00e+00	0.00e+00	0.00e+00	0.00e+00	0.00e+00	0.00e+00	0.00e+00	0.00e+00	0.00e+00	0.00e+00	2.52e+01	2.48e+01	0.00e+00	0.00e+00	0.00e+00	2.52e+01	5.25e-02
run_01_644	1.30e+03	9.50e+02	8.49e-03	2.50e+01	1.34e-25	2.48e+01	0.00e+00	0.00e+00	0.00e+00	0.00e+00	0.00e+00	0.00e+00	0.00e+00	0.00e+00	0.00e+00	0.00e+00	0.00e+00	2.52e+01	2.48e+01	0.00e+00	0.00e+00	0.00e+00	2.52e+01	7.08e-02
run_01_645	1.30e+03	1.00e+03	1.09e-02	2.50e+01	1.05e-25	2.49e+01	0.00e+00	0.00e+00	0.00e+00	0.00e+00	0.00e+00	0.00e+00	0.00e+00	0.00e+00	0.00e+00	0.00e+00	0.00e+00	2.51e+01	2.49e+01	0.00e+00	0.00e+00	0.00e+00	2.51e+01	9.08e-02
run_01_646	1.30e+03	1.05e+03	1.35e-02	2.50e+01	8.41e-26	2.49e+01	0.00e+00	0.00e+00	0.00e+00	0.00e+00	0.00e+00	0.00e+00	0.00e+00	0.00e+00	0.00e+00	0.00e+00	0.00e+00	2.51e+01	2.49e+01	0.00e+00	0.00e+00	0.00e+00	2.51e+01	1.13e-01
run_01_647	1.30e+03	1.10e+03	1.63e-02	2.50e+01	6.95e-26	2.49e+01	0.00e+00	0.00e+00	0.00e+00	0.00e+00	0.00e+00	0.00e+00	0.00e+00	0.00e+00	0.00e+00	0.00e+00	0.00e+00	2.51e+01	2.49e+01	0.00e+00	0.00e+00	0.00e+00	2.51e+01	1.36e-01
run_01_648	1.30e+03	1.15e+03	1.93e-02	2.50e+01	5.87e-26	2.49e+01	0.00e+00	0.00e+00	0.00e+00	0.00e+00	0.00e+00	0.00e+00	0.00e+00	0.00e+00	0.00e+00	0.00e+00	0.00e+00	2.51e+01	2.49e+01	0.00e+00	0.00e+00	0.00e+00	2.51e+01	1.60e-01
run_01_649	1.30e+03	1.20e+03	2.24e-02	2.50e+01	5.08e-26	2.49e+01	0.00e+00	0.00e+00	0.00e+00	0.00e+00	0.00e+00	0.00e+00	0.00e+00	0.00e+00	0.00e+00	0.00e+00	0.00e+00	2.51e+01	2.49e+01	0.00e+00	0.00e+00	0.00e+00	2.51e+01	1.86e-01
run_01_650	1.30e+03	1.25e+03	2.54e-02	2.40e+01	4.64e-26	2.49e+01	0.00e+00	0.00e+00	0.00e+00	0.00e+00	0.00e+00	0.00e+00	0.00e+00	0.00e+00	0.00e+00	0.00e+00	0.00e+00	2.51e+01	2.49e+01	0.00e+00	0.00e+00	0.00e+00	2.51e+01	2.11e-01
run_01_651	1.35e+03	5.00e+01	3.61e+00	1.60e+01	2.59e-28	0.00e+00	0.00e+00	0.00e+00	0.00e+00	0.00e+00	0.00e+00	0.00e+00	0.00e+00	0.00e+00	0.00e+00	0.00e+00	0.00e+00	5.00e+01	0.00e+00	0.00e+00	0.00e+00	0.00e+00	5.00e+01	1.00e+00
run_01_652	1.35e+03	1.00e+02	8.52e-01	1.80e+01	1.23e-27	4.32e+00	0.00e+00	0.00e+00	0.00e+00	0.00e+00	0.00e+00	0.00e+00	0.00e+00	0.00e+00	0.00e+00	0.00e+00	0.00e+00	4.57e+01	4.32e+00	0.00e+00	0.00e+00	0.00e+00	4.57e+01	1.00e+00
run_01_653	1.35e+03	1.50e+02	2.74e-01	2.00e+01	4.03e-27	1.72e+01	0.00e+00	0.00e+00	0.00e+00	0.00e+00	0.00e+00	0.00e+00	0.00e+00	0.00e+00	0.00e+00	0.00e+00	0.00e+00	3.28e+01	1.72e+01	0.00e+00	0.00e+00	0.00e+00	3.28e+01	1.00e+00
run_01_654	1.35e+03	2.00e+02	1.31e-01	2.10e+01	8.77e-27	2.10e+01	0.00e+00	0.00e+00	0.00e+00	0.00e+00	0.00e+00	0.00e+00	0.00e+00	0.00e+00	0.00e+00	0.00e+00	0.00e+00	2.90e+01	2.10e+01	0.00e+00	0.00e+00	0.00e+00	2.90e+01	1.00e+00
run_01_655	1.35e+03	2.50e+02	7.28e-02	2.20e+01	1.63e-26	2.26e+01	0.00e+00	0.00e+00	0.00e+00	0.00e+00	0.00e+00	0.00e+00	0.00e+00	0.00e+00	0.00e+00	0.00e+00	0.00e+00	2.74e+01	2.26e+01	0.00e+00	0.00e+00	0.00e+00	2.74e+01	6.07e-01
run_01_656	1.35e+03	3.00e+02	4.34e-02	2.30e+01	2.82e-26	2.34e+01	0.00e+00	0.00e+00	0.00e+00	0.00e+00	0.00e+00	0.00e+00	0.00e+00	0.00e+00	0.00e+00	0.00e+00	0.00e+00	2.66e+01	2.34e+01	0.00e+00	0.00e+00	0.00e+00	2.66e+01	3.61e-01
run_01_657	1.35e+03	3.50e+02	2.64e-02	2.30e+01	4.78e-26	2.38e+01	0.00e+00	0.00e+00	0.00e+00	0.00e+00	0.00e+00	0.00e+00	0.00e+00	0.00e+00	0.00e+00	0.00e+00	0.00e+00	2.62e+01	2.38e+01	0.00e+00	0.00e+00	0.00e+00	2.62e+01	2.20e-01
run_01_658	1.35e+03	4.00e+02	1.60e-02	2.40e+01	8.22e-26	2.41e+01	0.00e+00	0.00e+00	0.00e+00	0.00e+00	0.00e+00	0.00e+00	0.00e+00	0.00e+00	0.00e+00	0.00e+00	0.00e+00	2.59e+01	2.41e+01	0.00e+00	0.00e+00	0.00e+00	2.59e+01	1.33e-01
run_01_659	1.35e+03	4.50e+02	9.24e-03	2.50e+01	1.48e-25	2.43e+01	0.00e+00	0.00e+00	0.00e+00	0.00e+00	0.00e+00	0.00e+00	0.00e+00	0.00e+00	0.00e+00	0.00e+00	0.00e+00	2.57e+01	2.43e+01	0.00e+00	0.00e+00	0.00e+00	2.57e+01	7.70e-02
run_01_660	1.35e+03	5.00e+02	4.91e-03	2.50e+01	3.00e-25	2.44e+01	0.00e+00	0.00e+00	0.00e+00	0.00e+00	0.00e+00	0.00e+00	0.00e+00	0.00e+00	0.00e+00	0.00e+00	0.00e+00	2.56e+01	2.44e+01	0.00e+00	0.00e+00	0.00e+00	2.56e+01	4.09e-02
run_01_661	1.35e+03	5.50e+02	2.19e-03	2.60e+01	8.16e-25	2.45e+01	0.00e+00	0.00e+00	0.00e+00	0.00e+00	0.00e+00	0.00e+00	0.00e+00	0.00e+00	0.00e+00	0.00e+00	0.00e+00	2.55e+01	2.45e+01	0.00e+00	0.00e+00	0.00e+00	2.55e+01	1.82e-02
run_01_662	1.35e+03	6.00e+02	5.72e-04	2.80e+01	7.13e-24	2.46e+01	0.00e+00	0.00e+00	0.00e+00	0.00e+00	0.00e+00	0.00e+00	0.00e+00	0.00e+00	0.00e+00	0.00e+00	0.00e+00	2.54e+01	2.46e+01	0.00e+00	0.00e+00	0.00e+00	2.54e+01	4.76e-03
run_01_663	1.35e+03	6.50e+02	1.92e-05	3.20e+01	1.93e-22	2.47e+01	0.00e+00	0.00e+00	0.00e+00	0.00e+00	0.00e+00	0.00e+00	0.00e+00	0.00e+00	0.00e+00	0.00e+00	0.00e+00	2.53e+01	2.47e+01	0.00e+00	0.00e+00	0.00e+00	2.53e+01	1.60e-04
run_01_664	1.35e+03	7.00e+02	1.36e-04	2.90e+01	7.20e-24	2.47e+01	0.00e+00	0.00e+00	0.00e+00	0.00e+00	0.00e+00	0.00e+00	0.00e+00	0.00e+00	0.00e+00	0.00e+00	0.00e+00	2.53e+01	2.47e+01	0.00e+00	0.00e+00	0.00e+00	2.53e+01	1.14e-03
run_01_665	1.35e+03	7.50e+02	8.44e-04	2.70e+01	1.31e-24	2.48e+01	0.00e+00	0.00e+00	0.00e+00	0.00e+00	0.00e+00	0.00e+00	0.00e+00	0.00e+00	0.00e+00	0.00e+00	0.00e+00	2.52e+01	2.48e+01	0.00e+00	0.00e+00	0.00e+00	2.52e+01	7.03e-03
run_01_666	1.35e+03	8.00e+02	2.00e-03	2.70e+01	5.72e-25	2.48e+01	0.00e+00	0.00e+00	0.00e+00	0.00e+00	0.00e+00	0.00e+00	0.00e+00	0.00e+00	0.00e+00	0.00e+00	0.00e+00	2.52e+01	2.48e+01	0.00e+00	0.00e+00	0.00e+00	2.52e+01	1.67e-02
run_01_667	1.35e+03	8.50e+02	3.52e-03	2.60e+01	3.25e-25	2.48e+01	0.00e+00	0.00e+00	0.00e+00	0.00e+00	0.00e+00	0.00e+00	0.00e+00	0.00e+00	0.00e+00	0.00e+00	0.00e+00	2.52e+01	2.48e+01	0.00e+00	0.00e+00	0.00e+00	2.52e+01	2.94e-02
run_01_668	1.35e+03	9.00e+02	5.35e-03	2.60e+01	2.15e-25	2.48e+01	0.00e+00	0.00e+00	0.00e+00	0.00e+00	0.00e+00	0.00e+00	0.00e+00	0.00e+00	0.00e+00	0.00e+00	0.00e+00	2.52e+01	2.48e+01	0.00e+00	0.00e+00	0.00e+00	2.52e+01	4.46e-02
run_01_669	1.35e+03	9.50e+02	7.45e-03	2.50e+01	1.53e-25	2.48e+01	0.00e+00	0.00e+00	0.00e+00	0.00e+00	0.00e+00	0.00e+00	0.00e+00	0.00e+00	0.00e+00	0.00e+00	0.00e+00	2.52e+01	2.48e+01	0.00e+00	0.00e+00	0.00e+00	2.52e+01	6.20e-02
run_01_670	1.35e+03	1.00e+03	9.77e-03	2.50e+01	1.16e-25	2.49e+01	0.00e+00	0.00e+00	0.00e+00	0.00e+00	0.00e+00	0.00e+00	0.00e+00	0.00e+00	0.00e+00	0.00e+00	0.00e+00	2.51e+01	2.49e+01	0.00e+00	0.00e+00	0.00e+00	2.51e+01	8.15e-02
run_01_671	1.35e+03	1.05e+03	1.23e-02	2.50e+01	9.22e-26	2.49e+01	0.00e+00	0.00e+00	0.00e+00	0.00e+00	0.00e+00	0.00e+00	0.00e+00	0.00e+00	0.00e+00	0.00e+00	0.00e+00	2.51e+01	2.49e+01	0.00e+00	0.00e+00	0.00e+00	2.51e+01	1.03e-01
run_01_672	1.35e+03	1.10e+03	1.51e-02	2.50e+01	7.52e-26	2.49e+01	0.00e+00	0.00e+00	0.00e+00	0.00e+00	0.00e+00	0.00e+00	0.00e+00	0.00e+00	0.00e+00	0.00e+00	0.00e+00	2.51e+01	2.49e+01	0.00e+00	0.00e+00	0.00e+00	2.51e+01	1.25e-01
run_01_673	1.35e+03	1.15e+03	1.80e-02	2.50e+01	6.28e-26	2.49e+01	0.00e+00	0.00e+00	0.00e+00	0.00e+00	0.00e+00	0.00e+00	0.00e+00	0.00e+00	0.00e+00	0.00e+00	0.00e+00	2.51e+01	2.49e+01	0.00e+00	0.00e+00	0.00e+00	2.51e+01	1.50e-01
run_01_674	1.35e+03	1.20e+03	2.11e-02	2.50e+01	5.35e-26	2.49e+01	0.00e+00	0.00e+00	0.00e+00	0.00e+00	0.00e+00	0.00e+00	0.00e+00	0.00e+00	0.00e+00	0.00e+00	0.00e+00	2.51e+01	2.49e+01	0.00e+00	0.00e+00	0.00e+00	2.51e+01	1.75e-01
run_01_675	1.35e+03	1.25e+03	2.43e-02	2.40e+01	4.65e-26	2.49e+01	0.00e+00	0.00e+00	0.00e+00	0.00e+00	0.00e+00	0.00e+00	0.00e+00	0.00e+00	0.00e+00	0.00e+00	0.00e+00	2.51e+01	2.49e+01	0.00e+00	0.00e+00	0.00e+00	2.51e+01	2.02e-01
run_01_676	1.40e+03	5.00e+01	4.15e+00	1.60e+01	2.24e-28	0.00e+00	0.00e+00	0.00e+00	0.00e+00	0.00e+00	0.00e+00	0.00e+00	0.00e+00	0.00e+00	0.00e+00	0.00e+00	0.00e+00	5.00e+01	0.00e+00	0.00e+00	0.00e+00	0.00e+00	5.00e+01	1.00e+00
run_01_677	1.40e+03	1.00e+02	9.81e-01	1.80e+01	1.06e-27	4.32e+00	0.00e+00	0.00e+00	0.00e+00	0.00e+00	0.00e+00	0.00e+00	0.00e+00	0.00e+00	0.00e+00	0.00e+00	0.00e+00	4.57e+01	4.32e+00	0.00e+00	0.00e+00	0.00e+00	4.57e+01	1.00e+00
run_01_678	1.40e+03	1.50e+02	3.17e-01	2.00e+01	3.45e-27	1.72e+01	0.00e+00	0.00e+00	0.00e+00	0.00e+00	0.00e+00	0.00e+00	0.00e+00	0.00e+00	0.00e+00	0.00e+00	0.00e+00	3.28e+01	1.72e+01	0.00e+00	0.00e+00	0.00e+00	3.28e+01	1.00e+00
run_01_679	1.40e+03	2.00e+02	1.52e-01	2.10e+01	7.47e-27	2.10e+01	0.00e+00	0.00e+00	0.00e+00	0.00e+00	0.00e+00	0.00e+00	0.00e+00	0.00e+00	0.00e+00	0.00e+00	0.00e+00	2.90e+01	2.10e+01	0.00e+00	0.00e+00	0.00e+00	2.90e+01	1.00e+00
run_01_680	1.40e+03	2.50e+02	8.56e-02	2.20e+01	1.37e-26	2.26e+01	0.00e+00	0.00e+00	0.00e+00	0.00e+00	0.00e+00	0.00e+00	0.00e+00	0.00e+00	0.00e+00	0.00e+00	0.00e+00	2.74e+01	2.26e+01	0.00e+00	0.00e+00	0.00e+00	2.74e+01	7.13e-01
run_01_681	1.40e+03	3.00e+02	5.16e-02	2.20e+01	2.35e-26	2.34e+01	0.00e+00	0.00e+00	0.00e+00	0.00e+00	0.00e+00	0.00e+00	0.00e+00	0.00e+00	0.00e+00	0.00e+00	0.00e+00	2.66e+01	2.34e+01	0.00e+00	0.00e+00	0.00e+00	2.66e+01	4.30e-01
run_01_682	1.40e+03	3.50e+02	3.20e-02	2.30e+01	3.91e-26	2.38e+01	0.00e+00	0.00e+00	0.00e+00	0.00e+00	0.00e+00	0.00e+00	0.00e+00	0.00e+00	0.00e+00	0.00e+00	0.00e+00	2.62e+01	2.38e+01	0.00e+00	0.00e+00	0.00e+00	2.62e+01	2.66e-01
run_01_683	1.40e+03	4.00e+02	1.98e-02	2.40e+01	6.54e-26	2.41e+01	0.00e+00	0.00e+00	0.00e+00	0.00e+00	0.00e+00	0.00e+00	0.00e+00	0.00e+00	0.00e+00	0.00e+00	0.00e+00	2.59e+01	2.41e+01	0.00e+00	0.00e+00	0.00e+00	2.59e+01	1.65e-01
run_01_684	1.40e+03	4.50e+02	1.19e-02	2.40e+01	1.14e-25	2.43e+01	0.00e+00	0.00e+00	0.00e+00	0.00e+00	0.00e+00	0.00e+00	0.00e+00	0.00e+00	0.00e+00	0.00e+00	0.00e+00	2.57e+01	2.43e+01	0.00e+00	0.00e+00	0.00e+00	2.57e+01	9.89e-02
run_01_685	1.40e+03	5.00e+02	6.68e-03	2.50e+01	2.13e-25	2.44e+01	0.00e+00	0.00e+00	0.00e+00	0.00e+00	0.00e+00	0.00e+00	0.00e+00	0.00e+00	0.00e+00	0.00e+00	0.00e+00	2.56e+01	2.44e+01	0.00e+00	0.00e+00	0.00e+00	2.56e+01	5.57e-02
run_01_686	1.40e+03	5.50e+02	3.32e-03	2.60e+01	4.75e-25	2.45e+01	0.00e+00	0.00e+00	0.00e+00	0.00e+00	0.00e+00	0.00e+00	0.00e+00	0.00e+00	0.00e+00	0.00e+00	0.00e+00	2.55e+01	2.45e+01	0.00e+00	0.00e+00	0.00e+00	2.55e+01	2.76e-02
run_01_687	1.40e+03	6.00e+02	1.23e-03	2.70e+01	2.12e-24	2.46e+01	0.00e+00	0.00e+00	0.00e+00	0.00e+00	0.00e+00	0.00e+00	0.00e+00	0.00e+00	0.00e+00	0.00e+00	0.00e+00	2.54e+01	2.46e+01	0.00e+00	0.00e+00	0.00e+00	2.54e+01	1.03e-02
run_01_688	1.40e+03	6.50e+02	1.41e-04	3.00e+01	3.80e-23	2.47e+01	0.00e+00	0.00e+00	0.00e+00	0.00e+00	0.00e+00	0.00e+00	0.00e+00	0.00e+00	0.00e+00	0.00e+00	0.00e+00	2.53e+01	2.47e+01	0.00e+00	0.00e+00	0.00e+00	2.53e+01	1.18e-03
run_01_689	1.40e+03	7.00e+02	3.03e-06	3.30e+01	2.01e-22	2.47e+01	0.00e+00	0.00e+00	0.00e+00	0.00e+00	0.00e+00	0.00e+00	0.00e+00	0.00e+00	0.00e+00	0.00e+00	0.00e+00	2.53e+01	2.47e+01	0.00e+00	0.00e+00	0.00e+00	2.53e+01	2.52e-05
run_01_690	1.40e+03	7.50e+02	4.30e-04	2.80e+01	2.48e-24	2.48e+01	0.00e+00	0.00e+00	0.00e+00	0.00e+00	0.00e+00	0.00e+00	0.00e+00	0.00e+00	0.00e+00	0.00e+00	0.00e+00	2.52e+01	2.48e+01	0.00e+00	0.00e+00	0.00e+00	2.52e+01	3.58e-03
run_01_691	1.40e+03	8.00e+02	1.38e-03	2.70e+01	8.14e-25	2.48e+01	0.00e+00	0.00e+00	0.00e+00	0.00e+00	0.00e+00	0.00e+00	0.00e+00	0.00e+00	0.00e+00	0.00e+00	0.00e+00	2.52e+01	2.48e+01	0.00e+00	0.00e+00	0.00e+00	2.52e+01	1.15e-02
run_01_692	1.40e+03	8.50e+02	2.74e-03	2.60e+01	4.14e-25	2.48e+01	0.00e+00	0.00e+00	0.00e+00	0.00e+00	0.00e+00	0.00e+00	0.00e+00	0.00e+00	0.00e+00	0.00e+00	0.00e+00	2.52e+01	2.48e+01	0.00e+00	0.00e+00	0.00e+00	2.52e+01	2.29e-02
run_01_693	1.40e+03	9.00e+02	4.44e-03	2.60e+01	2.58e-25	2.48e+01	0.00e+00	0.00e+00	0.00e+00	0.00e+00	0.00e+00	0.00e+00	0.00e+00	0.00e+00	0.00e+00	0.00e+00	0.00e+00	2.52e+01	2.48e+01	0.00e+00	0.00e+00	0.00e+00	2.52e+01	3.70e-02
run_01_694	1.40e+03	9.50e+02	6.43e-03	2.60e+01	1.78e-25	2.48e+01	0.00e+00	0.00e+00	0.00e+00	0.00e+00	0.00e+00	0.00e+00	0.00e+00	0.00e+00	0.00e+00	0.00e+00	0.00e+00	2.52e+01	2.48e+01	0.00e+00	0.00e+00	0.00e+00	2.52e+01	5.36e-02
run_01_695	1.40e+03	1.00e+03	8.67e-03	2.50e+01	1.31e-25	2.49e+01	0.00e+00	0.00e+00	0.00e+00	0.00e+00	0.00e+00	0.00e+00	0.00e+00	0.00e+00	0.00e+00	0.00e+00	0.00e+00	2.51e+01	2.49e+01	0.00e+00	0.00e+00	0.00e+00	2.51e+01	7.22e-02
run_01_696	1.40e+03	1.05e+03	1.11e-02	2.50e+01	1.02e-25	2.49e+01	0.00e+00	0.00e+00	0.00e+00	0.00e+00	0.00e+00	0.00e+00	0.00e+00	0.00e+00	0.00e+00	0.00e+00	0.00e+00	2.51e+01	2.49e+01	0.00e+00	0.00e+00	0.00e+00	2.51e+01	9.28e-02
run_01_697	1.40e+03	1.10e+03	1.38e-02	2.50e+01	8.19e-26	2.49e+01	0.00e+00	0.00e+00	0.00e+00	0.00e+00	0.00e+00	0.00e+00	0.00e+00	0.00e+00	0.00e+00	0.00e+00	0.00e+00	2.51e+01	2.49e+01	0.00e+00	0.00e+00	0.00e+00	2.51e+01	1.15e-01
run_01_698	1.40e+03	1.15e+03	1.67e-02	2.50e+01	6.76e-26	2.49e+01	0.00e+00	0.00e+00	0.00e+00	0.00e+00	0.00e+00	0.00e+00	0.00e+00	0.00e+00	0.00e+00	0.00e+00	0.00e+00	2.51e+01	2.49e+01	0.00e+00	0.00e+00	0.00e+00	2.51e+01	1.39e-01
run_01_699	1.40e+03	1.20e+03	1.97e-02	2.50e+01	5.70e-26	2.49e+01	0.00e+00	0.00e+00	0.00e+00	0.00e+00	0.00e+00	0.00e+00	0.00e+00	0.00e+00	0.00e+00	0.00e+00	0.00e+00	2.51e+01	2.49e+01	0.00e+00	0.00e+00	0.00e+00	2.51e+01	1.64e-01
run_01_700	1.40e+03	1.25e+03	2.29e-02	2.50e+01	4.89e-26	2.49e+01	0.00e+00	0.00e+00	0.00e+00	0.00e+00	0.00e+00	0.00e+00	0.00e+00	0.00e+00	0.00e+00	0.00e+00	0.00e+00	2.51e+01	2.49e+01	0.00e+00	0.00e+00	0.00e+00	2.51e+01	1.91e-01
run_01_701	1.45e+03	5.00e+01	4.74e+00	1.60e+01	1.94e-28	0.00e+00	0.00e+00	0.00e+00	0.00e+00	0.00e+00	0.00e+00	0.00e+00	0.00e+00	0.00e+00	0.00e+00	0.00e+00	0.00e+00	5.00e+01	0.00e+00	0.00e+00	0.00e+00	0.00e+00	5.00e+01	1.00e+00
run_01_702	1.45e+03	1.00e+02	1.12e+00	1.80e+01	9.19e-28	4.32e+00	0.00e+00	0.00e+00	0.00e+00	0.00e+00	0.00e+00	0.00e+00	0.00e+00	0.00e+00	0.00e+00	0.00e+00	0.00e+00	4.57e+01	4.32e+00	0.00e+00	0.00e+00	0.00e+00	4.57e+01	1.00e+00
run_01_703	1.45e+03	1.50e+02	3.65e-01	2.00e+01	2.98e-27	1.72e+01	0.00e+00	0.00e+00	0.00e+00	0.00e+00	0.00e+00	0.00e+00	0.00e+00	0.00e+00	0.00e+00	0.00e+00	0.00e+00	3.28e+01	1.72e+01	0.00e+00	0.00e+00	0.00e+00	3.28e+01	1.00e+00
run_01_704	1.45e+03	2.00e+02	1.76e-01	2.10e+01	6.41e-27	2.10e+01	0.00e+00	0.00e+00	0.00e+00	0.00e+00	0.00e+00	0.00e+00	0.00e+00	0.00e+00	0.00e+00	0.00e+00	0.00e+00	2.90e+01	2.10e+01	0.00e+00	0.00e+00	0.00e+00	2.90e+01	1.00e+00
run_01_705	1.45e+03	2.50e+02	9.98e-02	2.20e+01	1.17e-26	2.26e+01	0.00e+00	0.00e+00	0.00e+00	0.00e+00	0.00e+00	0.00e+00	0.00e+00	0.00e+00	0.00e+00	0.00e+00	0.00e+00	2.74e+01	2.26e+01	0.00e+00	0.00e+00	0.00e+00	2.74e+01	8.31e-01
run_01_706	1.45e+03	3.00e+02	6.08e-02	2.20e+01	1.97e-26	2.34e+01	0.00e+00	0.00e+00	0.00e+00	0.00e+00	0.00e+00	0.00e+00	0.00e+00	0.00e+00	0.00e+00	0.00e+00	0.00e+00	2.66e+01	2.34e+01	0.00e+00	0.00e+00	0.00e+00	2.66e+01	5.07e-01
run_01_707	1.45e+03	3.50e+02	3.83e-02	2.30e+01	3.23e-26	2.38e+01	0.00e+00	0.00e+00	0.00e+00	0.00e+00	0.00e+00	0.00e+00	0.00e+00	0.00e+00	0.00e+00	0.00e+00	0.00e+00	2.62e+01	2.38e+01	0.00e+00	0.00e+00	0.00e+00	2.62e+01	3.19e-01
run_01_708	1.45e+03	4.00e+02	2.41e-02	2.40e+01	5.28e-26	2.41e+01	0.00e+00	0.00e+00	0.00e+00	0.00e+00	0.00e+00	0.00e+00	0.00e+00	0.00e+00	0.00e+00	0.00e+00	0.00e+00	2.59e+01	2.41e+01	0.00e+00	0.00e+00	0.00e+00	2.59e+01	2.01e-01
run_01_709	1.45e+03	4.50e+02	1.49e-02	2.40e+01	8.89e-26	2.43e+01	0.00e+00	0.00e+00	0.00e+00	0.00e+00	0.00e+00	0.00e+00	0.00e+00	0.00e+00	0.00e+00	0.00e+00	0.00e+00	2.57e+01	2.43e+01	0.00e+00	0.00e+00	0.00e+00	2.57e+01	1.24e-01
run_01_710	1.45e+03	5.00e+02	8.79e-03	2.50e+01	1.58e-25	2.44e+01	0.00e+00	0.00e+00	0.00e+00	0.00e+00	0.00e+00	0.00e+00	0.00e+00	0.00e+00	0.00e+00	0.00e+00	0.00e+00	2.56e+01	2.44e+01	0.00e+00	0.00e+00	0.00e+00	2.56e+01	7.32e-02
run_01_711	1.45e+03	5.50e+02	4.72e-03	2.60e+01	3.15e-25	2.45e+01	0.00e+00	0.00e+00	0.00e+00	0.00e+00	0.00e+00	0.00e+00	0.00e+00	0.00e+00	0.00e+00	0.00e+00	0.00e+00	2.55e+01	2.45e+01	0.00e+00	0.00e+00	0.00e+00	2.55e+01	3.93e-02
run_01_712	1.45e+03	6.00e+02	2.11e-03	2.70e+01	8.81e-25	2.46e+01	0.00e+00	0.00e+00	0.00e+00	0.00e+00	0.00e+00	0.00e+00	0.00e+00	0.00e+00	0.00e+00	0.00e+00	0.00e+00	2.54e+01	2.46e+01	0.00e+00	0.00e+00	0.00e+00	2.54e+01	1.75e-02
run_01_713	1.45e+03	6.50e+02	5.19e-04	2.80e+01	9.15e-24	2.47e+01	0.00e+00	0.00e+00	0.00e+00	0.00e+00	0.00e+00	0.00e+00	0.00e+00	0.00e+00	0.00e+00	0.00e+00	0.00e+00	2.53e+01	2.47e+01	0.00e+00	0.00e+00	0.00e+00	2.53e+01	4.32e-03
run_01_714	1.45e+03	7.00e+02	1.74e-05	3.20e+01	2.04e-22	2.47e+01	0.00e+00	0.00e+00	0.00e+00	0.00e+00	0.00e+00	0.00e+00	0.00e+00	0.00e+00	0.00e+00	0.00e+00	0.00e+00	2.53e+01	2.47e+01	0.00e+00	0.00e+00	0.00e+00	2.53e+01	1.45e-04
run_01_715	1.45e+03	7.50e+02	1.39e-04	2.90e+01	6.92e-24	2.48e+01	0.00e+00	0.00e+00	0.00e+00	0.00e+00	0.00e+00	0.00e+00	0.00e+00	0.00e+00	0.00e+00	0.00e+00	0.00e+00	2.52e+01	2.48e+01	0.00e+00	0.00e+00	0.00e+00	2.52e+01	1.16e-03
run_01_716	1.45e+03	8.00e+02	8.57e-04	2.70e+01	1.28e-24	2.48e+01	0.00e+00	0.00e+00	0.00e+00	0.00e+00	0.00e+00	0.00e+00	0.00e+00	0.00e+00	0.00e+00	0.00e+00	0.00e+00	2.52e+01	2.48e+01	0.00e+00	0.00e+00	0.00e+00	2.52e+01	7.14e-03
run_01_717	1.45e+03	8.50e+02	2.03e-03	2.70e+01	5.58e-25	2.48e+01	0.00e+00	0.00e+00	0.00e+00	0.00e+00	0.00e+00	0.00e+00	0.00e+00	0.00e+00	0.00e+00	0.00e+00	0.00e+00	2.52e+01	2.48e+01	0.00e+00	0.00e+00	0.00e+00	2.52e+01	1.69e-02
run_01_718	1.45e+03	9.00e+02	3.58e-03	2.60e+01	3.17e-25	2.48e+01	0.00e+00	0.00e+00	0.00e+00	0.00e+00	0.00e+00	0.00e+00	0.00e+00	0.00e+00	0.00e+00	0.00e+00	0.00e+00	2.52e+01	2.48e+01	0.00e+00	0.00e+00	0.00e+00	2.52e+01	2.99e-02
run_01_719	1.45e+03	9.50e+02	5.45e-03	2.60e+01	2.10e-25	2.48e+01	0.00e+00	0.00e+00	0.00e+00	0.00e+00	0.00e+00	0.00e+00	0.00e+00	0.00e+00	0.00e+00	0.00e+00	0.00e+00	2.52e+01	2.48e+01	0.00e+00	0.00e+00	0.00e+00	2.52e+01	4.54e-02
run_01_720	1.45e+03	1.00e+03	7.59e-03	2.50e+01	1.49e-25	2.49e+01	0.00e+00	0.00e+00	0.00e+00	0.00e+00	0.00e+00	0.00e+00	0.00e+00	0.00e+00	0.00e+00	0.00e+00	0.00e+00	2.51e+01	2.49e+01	0.00e+00	0.00e+00	0.00e+00	2.51e+01	6.32e-02
run_01_721	1.45e+03	1.05e+03	9.97e-03	2.50e+01	1.14e-25	2.49e+01	0.00e+00	0.00e+00	0.00e+00	0.00e+00	0.00e+00	0.00e+00	0.00e+00	0.00e+00	0.00e+00	0.00e+00	0.00e+00	2.51e+01	2.49e+01	0.00e+00	0.00e+00	0.00e+00	2.51e+01	8.31e-02
run_01_722	1.45e+03	1.10e+03	1.26e-02	2.50e+01	8.98e-26	2.49e+01	0.00e+00	0.00e+00	0.00e+00	0.00e+00	0.00e+00	0.00e+00	0.00e+00	0.00e+00	0.00e+00	0.00e+00	0.00e+00	2.51e+01	2.49e+01	0.00e+00	0.00e+00	0.00e+00	2.51e+01	1.05e-01
run_01_723	1.45e+03	1.15e+03	1.54e-02	2.50e+01	7.32e-26	2.49e+01	0.00e+00	0.00e+00	0.00e+00	0.00e+00	0.00e+00	0.00e+00	0.00e+00	0.00e+00	0.00e+00	0.00e+00	0.00e+00	2.51e+01	2.49e+01	0.00e+00	0.00e+00	0.00e+00	2.51e+01	1.28e-01
run_01_724	1.45e+03	1.20e+03	1.84e-02	2.50e+01	6.11e-26	2.49e+01	0.00e+00	0.00e+00	0.00e+00	0.00e+00	0.00e+00	0.00e+00	0.00e+00	0.00e+00	0.00e+00	0.00e+00	0.00e+00	2.51e+01	2.49e+01	0.00e+00	0.00e+00	0.00e+00	2.51e+01	1.53e-01
run_01_725	1.45e+03	1.25e+03	2.15e-02	2.50e+01	5.20e-26	2.49e+01	0.00e+00	0.00e+00	0.00e+00	0.00e+00	0.00e+00	0.00e+00	0.00e+00	0.00e+00	0.00e+00	0.00e+00	0.00e+00	2.51e+01	2.49e+01	0.00e+00	0.00e+00	0.00e+00	2.51e+01	1.79e-01
run_01_726	1.50e+03	5.00e+01	5.39e+00	1.60e+01	1.70e-28	0.00e+00	0.00e+00	0.00e+00	0.00e+00	0.00e+00	0.00e+00	0.00e+00	0.00e+00	0.00e+00	0.00e+00	0.00e+00	0.00e+00	5.00e+01	0.00e+00	0.00e+00	0.00e+00	0.00e+00	5.00e+01	1.00e+00
run_01_727	1.50e+03	1.00e+02	1.28e+00	1.80e+01	8.00e-28	4.32e+00	0.00e+00	0.00e+00	0.00e+00	0.00e+00	0.00e+00	0.00e+00	0.00e+00	0.00e+00	0.00e+00	0.00e+00	0.00e+00	4.57e+01	4.32e+00	0.00e+00	0.00e+00	0.00e+00	4.57e+01	1.00e+00
run_01_728	1.50e+03	1.50e+02	4.18e-01	2.00e+01	2.59e-27	1.72e+01	0.00e+00	0.00e+00	0.00e+00	0.00e+00	0.00e+00	0.00e+00	0.00e+00	0.00e+00	0.00e+00	0.00e+00	0.00e+00	3.28e+01	1.72e+01	0.00e+00	0.00e+00	0.00e+00	3.28e+01	1.00e+00
run_01_729	1.50e+03	2.00e+02	2.03e-01	2.10e+01	5.53e-27	2.10e+01	0.00e+00	0.00e+00	0.00e+00	0.00e+00	0.00e+00	0.00e+00	0.00e+00	0.00e+00	0.00e+00	0.00e+00	0.00e+00	2.90e+01	2.10e+01	0.00e+00	0.00e+00	0.00e+00	2.90e+01	1.00e+00
run_01_730	1.50e+03	2.50e+02	1.16e-01	2.10e+01	1.00e-26	2.26e+01	0.00e+00	0.00e+00	0.00e+00	0.00e+00	0.00e+00	0.00e+00	0.00e+00	0.00e+00	0.00e+00	0.00e+00	0.00e+00	2.74e+01	2.26e+01	0.00e+00	0.00e+00	0.00e+00	2.74e+01	9.63e-01
run_01_731	1.50e+03	3.00e+02	7.12e-02	2.20e+01	1.67e-26	2.34e+01	0.00e+00	0.00e+00	0.00e+00	0.00e+00	0.00e+00	0.00e+00	0.00e+00	0.00e+00	0.00e+00	0.00e+00	0.00e+00	2.66e+01	2.34e+01	0.00e+00	0.00e+00	0.00e+00	2.66e+01	5.93e-01
run_01_732	1.50e+03	3.50e+02	4.53e-02	2.30e+01	2.70e-26	2.38e+01	0.00e+00	0.00e+00	0.00e+00	0.00e+00	0.00e+00	0.00e+00	0.00e+00	0.00e+00	0.00e+00	0.00e+00	0.00e+00	2.62e+01	2.38e+01	0.00e+00	0.00e+00	0.00e+00	2.62e+01	3.78e-01
run_01_733	1.50e+03	4.00e+02	2.91e-02	2.30e+01	4.35e-26	2.41e+01	0.00e+00	0.00e+00	0.00e+00	0.00e+00	0.00e+00	0.00e+00	0.00e+00	0.00e+00	0.00e+00	0.00e+00	0.00e+00	2.59e+01	2.41e+01	0.00e+00	0.00e+00	0.00e+00	2.59e+01	2.42e-01
run_01_734	1.50e+03	4.50e+02	1.84e-02	2.40e+01	7.09e-26	2.43e+01	0.00e+00	0.00e+00	0.00e+00	0.00e+00	0.00e+00	0.00e+00	0.00e+00	0.00e+00	0.00e+00	0.00e+00	0.00e+00	2.57e+01	2.43e+01	0.00e+00	0.00e+00	0.00e+00	2.57e+01	1.54e-01
run_01_735	1.50e+03	5.00e+02	1.13e-02	2.50e+01	1.21e-25	2.44e+01	0.00e+00	0.00e+00	0.00e+00	0.00e+00	0.00e+00	0.00e+00	0.00e+00	0.00e+00	0.00e+00	0.00e+00	0.00e+00	2.56e+01	2.44e+01	0.00e+00	0.00e+00	0.00e+00	2.56e+01	9.38e-02
run_01_736	1.50e+03	5.50e+02	6.41e-03	2.50e+01	2.26e-25	2.45e+01	0.00e+00	0.00e+00	0.00e+00	0.00e+00	0.00e+00	0.00e+00	0.00e+00	0.00e+00	0.00e+00	0.00e+00	0.00e+00	2.55e+01	2.45e+01	0.00e+00	0.00e+00	0.00e+00	2.55e+01	5.34e-02
run_01_737	1.50e+03	6.00e+02	3.21e-03	2.60e+01	5.14e-25	2.46e+01	0.00e+00	0.00e+00	0.00e+00	0.00e+00	0.00e+00	0.00e+00	0.00e+00	0.00e+00	0.00e+00	0.00e+00	0.00e+00	2.54e+01	2.46e+01	0.00e+00	0.00e+00	0.00e+00	2.54e+01	2.67e-02
run_01_738	1.50e+03	6.50e+02	1.17e-03	2.70e+01	2.69e-24	2.47e+01	0.00e+00	0.00e+00	0.00e+00	0.00e+00	0.00e+00	0.00e+00	0.00e+00	0.00e+00	0.00e+00	0.00e+00	0.00e+00	2.53e+01	2.47e+01	0.00e+00	0.00e+00	0.00e+00	2.53e+01	9.72e-03
run_01_739	1.50e+03	7.00e+02	1.22e-04	3.00e+01	4.55e-23	2.47e+01	0.00e+00	0.00e+00	0.00e+00	0.00e+00	0.00e+00	0.00e+00	0.00e+00	0.00e+00	0.00e+00	0.00e+00	0.00e+00	2.53e+01	2.47e+01	0.00e+00	0.00e+00	0.00e+00	2.53e+01	1.01e-03
run_01_740	1.50e+03	7.50e+02	3.16e-06	3.30e+01	1.86e-22	2.48e+01	0.00e+00	0.00e+00	0.00e+00	0.00e+00	0.00e+00	0.00e+00	0.00e+00	0.00e+00	0.00e+00	0.00e+00	0.00e+00	2.52e+01	2.48e+01	0.00e+00	0.00e+00	0.00e+00	2.52e+01	2.64e-05
run_01_741	1.50e+03	8.00e+02	4.37e-04	2.80e+01	2.41e-24	2.48e+01	0.00e+00	0.00e+00	0.00e+00	0.00e+00	0.00e+00	0.00e+00	0.00e+00	0.00e+00	0.00e+00	0.00e+00	0.00e+00	2.52e+01	2.48e+01	0.00e+00	0.00e+00	0.00e+00	2.52e+01	3.64e-03
run_01_742	1.50e+03	8.50e+02	1.40e-03	2.70e+01	7.94e-25	2.48e+01	0.00e+00	0.00e+00	0.00e+00	0.00e+00	0.00e+00	0.00e+00	0.00e+00	0.00e+00	0.00e+00	0.00e+00	0.00e+00	2.52e+01	2.48e+01	0.00e+00	0.00e+00	0.00e+00	2.52e+01	1.17e-02
run_01_743	1.50e+03	9.00e+02	2.79e-03	2.60e+01	4.04e-25	2.48e+01	0.00e+00	0.00e+00	0.00e+00	0.00e+00	0.00e+00	0.00e+00	0.00e+00	0.00e+00	0.00e+00	0.00e+00	0.00e+00	2.52e+01	2.48e+01	0.00e+00	0.00e+00	0.00e+00	2.52e+01	2.32e-02
run_01_744	1.50e+03	9.50e+02	4.52e-03	2.60e+01	2.52e-25	2.48e+01	0.00e+00	0.00e+00	0.00e+00	0.00e+00	0.00e+00	0.00e+00	0.00e+00	0.00e+00	0.00e+00	0.00e+00	0.00e+00	2.52e+01	2.48e+01	0.00e+00	0.00e+00	0.00e+00	2.52e+01	3.76e-02
run_01_745	1.50e+03	1.00e+03	6.54e-03	2.60e+01	1.74e-25	2.49e+01	0.00e+00	0.00e+00	0.00e+00	0.00e+00	0.00e+00	0.00e+00	0.00e+00	0.00e+00	0.00e+00	0.00e+00	0.00e+00	2.51e+01	2.49e+01	0.00e+00	0.00e+00	0.00e+00	2.51e+01	5.45e-02
run_01_746	1.50e+03	1.05e+03	8.83e-03	2.50e+01	1.28e-25	2.49e+01	0.00e+00	0.00e+00	0.00e+00	0.00e+00	0.00e+00	0.00e+00	0.00e+00	0.00e+00	0.00e+00	0.00e+00	0.00e+00	2.51e+01	2.49e+01	0.00e+00	0.00e+00	0.00e+00	2.51e+01	7.36e-02
run_01_747	1.50e+03	1.10e+03	1.14e-02	2.50e+01	9.93e-26	2.49e+01	0.00e+00	0.00e+00	0.00e+00	0.00e+00	0.00e+00	0.00e+00	0.00e+00	0.00e+00	0.00e+00	0.00e+00	0.00e+00	2.51e+01	2.49e+01	0.00e+00	0.00e+00	0.00e+00	2.51e+01	9.46e-02
run_01_748	1.50e+03	1.15e+03	1.41e-02	2.50e+01	7.99e-26	2.49e+01	0.00e+00	0.00e+00	0.00e+00	0.00e+00	0.00e+00	0.00e+00	0.00e+00	0.00e+00	0.00e+00	0.00e+00	0.00e+00	2.51e+01	2.49e+01	0.00e+00	0.00e+00	0.00e+00	2.51e+01	1.17e-01
run_01_749	1.50e+03	1.20e+03	1.70e-02	2.50e+01	6.59e-26	2.49e+01	0.00e+00	0.00e+00	0.00e+00	0.00e+00	0.00e+00	0.00e+00	0.00e+00	0.00e+00	0.00e+00	0.00e+00	0.00e+00	2.51e+01	2.49e+01	0.00e+00	0.00e+00	0.00e+00	2.51e+01	1.42e-01
run_01_750	1.50e+03	1.25e+03	2.01e-02	2.50e+01	5.55e-26	2.49e+01	0.00e+00	0.00e+00	0.00e+00	0.00e+00	0.00e+00	0.00e+00	0.00e+00	0.00e+00	0.00e+00	0.00e+00	0.00e+00	2.51e+01	2.49e+01	0.00e+00	0.00e+00	0.00e+00	2.51e+01	1.68e-01
run_01_751	1.55e+03	5.00e+01	6.10e+00	1.60e+01	1.49e-28	0.00e+00	0.00e+00	0.00e+00	0.00e+00	0.00e+00	0.00e+00	0.00e+00	0.00e+00	0.00e+00	0.00e+00	0.00e+00	0.00e+00	5.00e+01	0.00e+00	0.00e+00	0.00e+00	0.00e+00	5.00e+01	1.00e+00
run_01_752	1.55e+03	1.00e+02	1.45e+00	1.80e+01	7.00e-28	4.32e+00	0.00e+00	0.00e+00	0.00e+00	0.00e+00	0.00e+00	0.00e+00	0.00e+00	0.00e+00	0.00e+00	0.00e+00	0.00e+00	4.57e+01	4.32e+00	0.00e+00	0.00e+00	0.00e+00	4.57e+01	1.00e+00
run_01_753	1.55e+03	1.50e+02	4.76e-01	1.90e+01	2.26e-27	1.72e+01	0.00e+00	0.00e+00	0.00e+00	0.00e+00	0.00e+00	0.00e+00	0.00e+00	0.00e+00	0.00e+00	0.00e+00	0.00e+00	3.28e+01	1.72e+01	0.00e+00	0.00e+00	0.00e+00	3.28e+01	1.00e+00
run_01_754	1.55e+03	2.00e+02	2.32e-01	2.00e+01	4.80e-27	2.10e+01	0.00e+00	0.00e+00	0.00e+00	0.00e+00	0.00e+00	0.00e+00	0.00e+00	0.00e+00	0.00e+00	0.00e+00	0.00e+00	2.90e+01	2.10e+01	0.00e+00	0.00e+00	0.00e+00	2.90e+01	1.00e+00
run_01_755	1.55e+03	2.50e+02	1.33e-01	2.10e+01	8.63e-27	2.26e+01	0.00e+00	0.00e+00	0.00e+00	0.00e+00	0.00e+00	0.00e+00	0.00e+00	0.00e+00	0.00e+00	0.00e+00	0.00e+00	2.74e+01	2.26e+01	0.00e+00	0.00e+00	0.00e+00	2.74e+01	1.00e+00
run_01_756	1.55e+03	3.00e+02	8.26e-02	2.20e+01	1.43e-26	2.34e+01	0.00e+00	0.00e+00	0.00e+00	0.00e+00	0.00e+00	0.00e+00	0.00e+00	0.00e+00	0.00e+00	0.00e+00	0.00e+00	2.66e+01	2.34e+01	0.00e+00	0.00e+00	0.00e+00	2.66e+01	6.88e-01
run_01_757	1.55e+03	3.50e+02	5.32e-02	2.30e+01	2.28e-26	2.38e+01	0.00e+00	0.00e+00	0.00e+00	0.00e+00	0.00e+00	0.00e+00	0.00e+00	0.00e+00	0.00e+00	0.00e+00	0.00e+00	2.62e+01	2.38e+01	0.00e+00	0.00e+00	0.00e+00	2.62e+01	4.43e-01
run_01_758	1.55e+03	4.00e+02	3.47e-02	2.30e+01	3.61e-26	2.41e+01	0.00e+00	0.00e+00	0.00e+00	0.00e+00	0.00e+00	0.00e+00	0.00e+00	0.00e+00	0.00e+00	0.00e+00	0.00e+00	2.59e+01	2.41e+01	0.00e+00	0.00e+00	0.00e+00	2.59e+01	2.89e-01
run_01_759	1.55e+03	4.50e+02	2.24e-02	2.40e+01	5.74e-26	2.43e+01	0.00e+00	0.00e+00	0.00e+00	0.00e+00	0.00e+00	0.00e+00	0.00e+00	0.00e+00	0.00e+00	0.00e+00	0.00e+00	2.57e+01	2.43e+01	0.00e+00	0.00e+00	0.00e+00	2.57e+01	1.87e-01
run_01_760	1.55e+03	5.00e+02	1.41e-02	2.40e+01	9.50e-26	2.44e+01	0.00e+00	0.00e+00	0.00e+00	0.00e+00	0.00e+00	0.00e+00	0.00e+00	0.00e+00	0.00e+00	0.00e+00	0.00e+00	2.56e+01	2.44e+01	0.00e+00	0.00e+00	0.00e+00	2.56e+01	1.18e-01
run_01_761	1.55e+03	5.50e+02	8.42e-03	2.50e+01	1.67e-25	2.45e+01	0.00e+00	0.00e+00	0.00e+00	0.00e+00	0.00e+00	0.00e+00	0.00e+00	0.00e+00	0.00e+00	0.00e+00	0.00e+00	2.55e+01	2.45e+01	0.00e+00	0.00e+00	0.00e+00	2.55e+01	7.02e-02
run_01_762	1.55e+03	6.00e+02	4.56e-03	2.60e+01	3.34e-25	2.46e+01	0.00e+00	0.00e+00	0.00e+00	0.00e+00	0.00e+00	0.00e+00	0.00e+00	0.00e+00	0.00e+00	0.00e+00	0.00e+00	2.54e+01	2.46e+01	0.00e+00	0.00e+00	0.00e+00	2.54e+01	3.80e-02
run_01_763	1.55e+03	6.50e+02	2.03e-03	2.70e+01	1.02e-24	2.47e+01	0.00e+00	0.00e+00	0.00e+00	0.00e+00	0.00e+00	0.00e+00	0.00e+00	0.00e+00	0.00e+00	0.00e+00	0.00e+00	2.53e+01	2.47e+01	0.00e+00	0.00e+00	0.00e+00	2.53e+01	1.69e-02
run_01_764	1.55e+03	7.00e+02	4.65e-04	2.90e+01	1.05e-23	2.47e+01	0.00e+00	0.00e+00	0.00e+00	0.00e+00	0.00e+00	0.00e+00	0.00e+00	0.00e+00	0.00e+00	0.00e+00	0.00e+00	2.53e+01	2.47e+01	0.00e+00	0.00e+00	0.00e+00	2.53e+01	3.87e-03
run_01_765	1.55e+03	7.50e+02	1.60e-05	3.20e+01	2.13e-22	2.48e+01	0.00e+00	0.00e+00	0.00e+00	0.00e+00	0.00e+00	0.00e+00	0.00e+00	0.00e+00	0.00e+00	0.00e+00	0.00e+00	2.52e+01	2.48e+01	0.00e+00	0.00e+00	0.00e+00	2.52e+01	1.34e-04
run_01_766	1.55e+03	8.00e+02	1.42e-04	2.90e+01	6.65e-24	2.48e+01	0.00e+00	0.00e+00	0.00e+00	0.00e+00	0.00e+00	0.00e+00	0.00e+00	0.00e+00	0.00e+00	0.00e+00	0.00e+00	2.52e+01	2.48e+01	0.00e+00	0.00e+00	0.00e+00	2.52e+01	1.19e-03
run_01_767	1.55e+03	8.50e+02	8.69e-04	2.80e+01	1.26e-24	2.48e+01	0.00e+00	0.00e+00	0.00e+00	0.00e+00	0.00e+00	0.00e+00	0.00e+00	0.00e+00	0.00e+00	0.00e+00	0.00e+00	2.52e+01	2.48e+01	0.00e+00	0.00e+00	0.00e+00	2.52e+01	7.24e-03
run_01_768	1.55e+03	9.00e+02	2.06e-03	2.70e+01	5.45e-25	2.48e+01	0.00e+00	0.00e+00	0.00e+00	0.00e+00	0.00e+00	0.00e+00	0.00e+00	0.00e+00	0.00e+00	0.00e+00	0.00e+00	2.52e+01	2.48e+01	0.00e+00	0.00e+00	0.00e+00	2.52e+01	1.72e-02
run_01_769	1.55e+03	9.50e+02	3.64e-03	2.60e+01	3.10e-25	2.48e+01	0.00e+00	0.00e+00	0.00e+00	0.00e+00	0.00e+00	0.00e+00	0.00e+00	0.00e+00	0.00e+00	0.00e+00	0.00e+00	2.52e+01	2.48e+01	0.00e+00	0.00e+00	0.00e+00	2.52e+01	3.03e-02
run_01_770	1.55e+03	1.00e+03	5.54e-03	2.60e+01	2.05e-25	2.49e+01	0.00e+00	0.00e+00	0.00e+00	0.00e+00	0.00e+00	0.00e+00	0.00e+00	0.00e+00	0.00e+00	0.00e+00	0.00e+00	2.51e+01	2.49e+01	0.00e+00	0.00e+00	0.00e+00	2.51e+01	4.61e-02
run_01_771	1.55e+03	1.05e+03	7.72e-03	2.60e+01	1.47e-25	2.49e+01	0.00e+00	0.00e+00	0.00e+00	0.00e+00	0.00e+00	0.00e+00	0.00e+00	0.00e+00	0.00e+00	0.00e+00	0.00e+00	2.51e+01	2.49e+01	0.00e+00	0.00e+00	0.00e+00	2.51e+01	6.43e-02
run_01_772	1.55e+03	1.10e+03	1.02e-02	2.50e+01	1.11e-25	2.49e+01	0.00e+00	0.00e+00	0.00e+00	0.00e+00	0.00e+00	0.00e+00	0.00e+00	0.00e+00	0.00e+00	0.00e+00	0.00e+00	2.51e+01	2.49e+01	0.00e+00	0.00e+00	0.00e+00	2.51e+01	8.46e-02
run_01_773	1.55e+03	1.15e+03	1.28e-02	2.50e+01	8.77e-26	2.49e+01	0.00e+00	0.00e+00	0.00e+00	0.00e+00	0.00e+00	0.00e+00	0.00e+00	0.00e+00	0.00e+00	0.00e+00	0.00e+00	2.51e+01	2.49e+01	0.00e+00	0.00e+00	0.00e+00	2.51e+01	1.07e-01
run_01_774	1.55e+03	1.20e+03	1.57e-02	2.50e+01	7.15e-26	2.49e+01	0.00e+00	0.00e+00	0.00e+00	0.00e+00	0.00e+00	0.00e+00	0.00e+00	0.00e+00	0.00e+00	0.00e+00	0.00e+00	2.51e+01	2.49e+01	0.00e+00	0.00e+00	0.00e+00	2.51e+01	1.31e-01
run_01_775	1.55e+03	1.25e+03	1.87e-02	2.50e+01	5.96e-26	2.49e+01	0.00e+00	0.00e+00	0.00e+00	0.00e+00	0.00e+00	0.00e+00	0.00e+00	0.00e+00	0.00e+00	0.00e+00	0.00e+00	2.51e+01	2.49e+01	0.00e+00	0.00e+00	0.00e+00	2.51e+01	1.56e-01
run_01_776	1.60e+03	5.00e+01	6.88e+00	1.60e+01	1.31e-28	0.00e+00	0.00e+00	0.00e+00	0.00e+00	0.00e+00	0.00e+00	0.00e+00	0.00e+00	0.00e+00	0.00e+00	0.00e+00	0.00e+00	5.00e+01	0.00e+00	0.00e+00	0.00e+00	0.00e+00	5.00e+01	1.00e+00
run_01_777	1.60e+03	1.00e+02	1.64e+00	1.80e+01	6.15e-28	4.32e+00	0.00e+00	0.00e+00	0.00e+00	0.00e+00	0.00e+00	0.00e+00	0.00e+00	0.00e+00	0.00e+00	0.00e+00	0.00e+00	4.57e+01	4.32e+00	0.00e+00	0.00e+00	0.00e+00	4.57e+01	1.00e+00
run_01_778	1.60e+03	1.50e+02	5.40e-01	1.90e+01	1.98e-27	1.72e+01	0.00e+00	0.00e+00	0.00e+00	0.00e+00	0.00e+00	0.00e+00	0.00e+00	0.00e+00	0.00e+00	0.00e+00	0.00e+00	3.28e+01	1.72e+01	0.00e+00	0.00e+00	0.00e+00	3.28e+01	1.00e+00
run_01_779	1.60e+03	2.00e+02	2.64e-01	2.00e+01	4.19e-27	2.10e+01	0.00e+00	0.00e+00	0.00e+00	0.00e+00	0.00e+00	0.00e+00	0.00e+00	0.00e+00	0.00e+00	0.00e+00	0.00e+00	2.90e+01	2.10e+01	0.00e+00	0.00e+00	0.00e+00	2.90e+01	1.00e+00
run_01_780	1.60e+03	2.50e+02	1.52e-01	2.10e+01	7.48e-27	2.26e+01	0.00e+00	0.00e+00	0.00e+00	0.00e+00	0.00e+00	0.00e+00	0.00e+00	0.00e+00	0.00e+00	0.00e+00	0.00e+00	2.74e+01	2.26e+01	0.00e+00	0.00e+00	0.00e+00	2.74e+01	1.00e+00
run_01_781	1.60e+03	3.00e+02	9.53e-02	2.20e+01	1.23e-26	2.34e+01	0.00e+00	0.00e+00	0.00e+00	0.00e+00	0.00e+00	0.00e+00	0.00e+00	0.00e+00	0.00e+00	0.00e+00	0.00e+00	2.66e+01	2.34e+01	0.00e+00	0.00e+00	0.00e+00	2.66e+01	7.94e-01
run_01_782	1.60e+03	3.50e+02	6.20e-02	2.20e+01	1.94e-26	2.38e+01	0.00e+00	0.00e+00	0.00e+00	0.00e+00	0.00e+00	0.00e+00	0.00e+00	0.00e+00	0.00e+00	0.00e+00	0.00e+00	2.62e+01	2.38e+01	0.00e+00	0.00e+00	0.00e+00	2.62e+01	5.17e-01
run_01_783	1.60e+03	4.00e+02	4.09e-02	2.30e+01	3.02e-26	2.41e+01	0.00e+00	0.00e+00	0.00e+00	0.00e+00	0.00e+00	0.00e+00	0.00e+00	0.00e+00	0.00e+00	0.00e+00	0.00e+00	2.59e+01	2.41e+01	0.00e+00	0.00e+00	0.00e+00	2.59e+01	3.41e-01
run_01_784	1.60e+03	4.50e+02	2.70e-02	2.40e+01	4.72e-26	2.43e+01	0.00e+00	0.00e+00	0.00e+00	0.00e+00	0.00e+00	0.00e+00	0.00e+00	0.00e+00	0.00e+00	0.00e+00	0.00e+00	2.57e+01	2.43e+01	0.00e+00	0.00e+00	0.00e+00	2.57e+01	2.25e-01
run_01_785	1.60e+03	5.00e+02	1.74e-02	2.40e+01	7.59e-26	2.44e+01	0.00e+00	0.00e+00	0.00e+00	0.00e+00	0.00e+00	0.00e+00	0.00e+00	0.00e+00	0.00e+00	0.00e+00	0.00e+00	2.56e+01	2.44e+01	0.00e+00	0.00e+00	0.00e+00	2.56e+01	1.45e-01
run_01_786	1.60e+03	5.50e+02	1.08e-02	2.50e+01	1.28e-25	2.45e+01	0.00e+00	0.00e+00	0.00e+00	0.00e+00	0.00e+00	0.00e+00	0.00e+00	0.00e+00	0.00e+00	0.00e+00	0.00e+00	2.55e+01	2.45e+01	0.00e+00	0.00e+00	0.00e+00	2.55e+01	8.97e-02
run_01_787	1.60e+03	6.00e+02	6.19e-03	2.50e+01	2.38e-25	2.46e+01	0.00e+00	0.00e+00	0.00e+00	0.00e+00	0.00e+00	0.00e+00	0.00e+00	0.00e+00	0.00e+00	0.00e+00	0.00e+00	2.54e+01	2.46e+01	0.00e+00	0.00e+00	0.00e+00	2.54e+01	5.16e-02
run_01_788	1.60e+03	6.50e+02	3.10e-03	2.60e+01	5.64e-25	2.47e+01	0.00e+00	0.00e+00	0.00e+00	0.00e+00	0.00e+00	0.00e+00	0.00e+00	0.00e+00	0.00e+00	0.00e+00	0.00e+00	2.53e+01	2.47e+01	0.00e+00	0.00e+00	0.00e+00	2.53e+01	2.59e-02
run_01_789	1.60e+03	7.00e+02	1.10e-03	2.80e+01	3.03e-24	2.47e+01	0.00e+00	0.00e+00	0.00e+00	0.00e+00	0.00e+00	0.00e+00	0.00e+00	0.00e+00	0.00e+00	0.00e+00	0.00e+00	2.53e+01	2.47e+01	0.00e+00	0.00e+00	0.00e+00	2.53e+01	9.13e-03
run_01_790	1.60e+03	7.50e+02	1.07e-04	3.00e+01	5.25e-23	2.48e+01	0.00e+00	0.00e+00	0.00e+00	0.00e+00	0.00e+00	0.00e+00	0.00e+00	0.00e+00	0.00e+00	0.00e+00	0.00e+00	2.52e+01	2.48e+01	0.00e+00	0.00e+00	0.00e+00	2.52e+01	8.88e-04
run_01_791	1.60e+03	8.00e+02	3.30e-06	3.30e+01	1.74e-22	2.48e+01	0.00e+00	0.00e+00	0.00e+00	0.00e+00	0.00e+00	0.00e+00	0.00e+00	0.00e+00	0.00e+00	0.00e+00	0.00e+00	2.52e+01	2.48e+01	0.00e+00	0.00e+00	0.00e+00	2.52e+01	2.75e-05
run_01_792	1.60e+03	8.50e+02	4.44e-04	2.80e+01	2.34e-24	2.48e+01	0.00e+00	0.00e+00	0.00e+00	0.00e+00	0.00e+00	0.00e+00	0.00e+00	0.00e+00	0.00e+00	0.00e+00	0.00e+00	2.52e+01	2.48e+01	0.00e+00	0.00e+00	0.00e+00	2.52e+01	3.70e-03
run_01_793	1.60e+03	9.00e+02	1.42e-03	2.70e+01	7.75e-25	2.48e+01	0.00e+00	0.00e+00	0.00e+00	0.00e+00	0.00e+00	0.00e+00	0.00e+00	0.00e+00	0.00e+00	0.00e+00	0.00e+00	2.52e+01	2.48e+01	0.00e+00	0.00e+00	0.00e+00	2.52e+01	1.19e-02
run_01_794	1.60e+03	9.50e+02	2.83e-03	2.60e+01	3.95e-25	2.48e+01	0.00e+00	0.00e+00	0.00e+00	0.00e+00	0.00e+00	0.00e+00	0.00e+00	0.00e+00	0.00e+00	0.00e+00	0.00e+00	2.52e+01	2.48e+01	0.00e+00	0.00e+00	0.00e+00	2.52e+01	2.36e-02
run_01_795	1.60e+03	1.00e+03	4.58e-03	2.60e+01	2.46e-25	2.49e+01	0.00e+00	0.00e+00	0.00e+00	0.00e+00	0.00e+00	0.00e+00	0.00e+00	0.00e+00	0.00e+00	0.00e+00	0.00e+00	2.51e+01	2.49e+01	0.00e+00	0.00e+00	0.00e+00	2.51e+01	3.82e-02
run_01_796	1.60e+03	1.05e+03	6.65e-03	2.60e+01	1.70e-25	2.49e+01	0.00e+00	0.00e+00	0.00e+00	0.00e+00	0.00e+00	0.00e+00	0.00e+00	0.00e+00	0.00e+00	0.00e+00	0.00e+00	2.51e+01	2.49e+01	0.00e+00	0.00e+00	0.00e+00	2.51e+01	5.54e-02
run_01_797	1.60e+03	1.10e+03	8.98e-03	2.50e+01	1.25e-25	2.49e+01	0.00e+00	0.00e+00	0.00e+00	0.00e+00	0.00e+00	0.00e+00	0.00e+00	0.00e+00	0.00e+00	0.00e+00	0.00e+00	2.51e+01	2.49e+01	0.00e+00	0.00e+00	0.00e+00	2.51e+01	7.48e-02
run_01_798	1.60e+03	1.15e+03	1.16e-02	2.50e+01	9.71e-26	2.49e+01	0.00e+00	0.00e+00	0.00e+00	0.00e+00	0.00e+00	0.00e+00	0.00e+00	0.00e+00	0.00e+00	0.00e+00	0.00e+00	2.51e+01	2.49e+01	0.00e+00	0.00e+00	0.00e+00	2.51e+01	9.63e-02
run_01_799	1.60e+03	1.20e+03	1.44e-02	2.50e+01	7.80e-26	2.49e+01	0.00e+00	0.00e+00	0.00e+00	0.00e+00	0.00e+00	0.00e+00	0.00e+00	0.00e+00	0.00e+00	0.00e+00	0.00e+00	2.51e+01	2.49e+01	0.00e+00	0.00e+00	0.00e+00	2.51e+01	1.20e-01
run_01_800	1.60e+03	1.25e+03	1.74e-02	2.50e+01	6.44e-26	2.49e+01	0.00e+00	0.00e+00	0.00e+00	0.00e+00	0.00e+00	0.00e+00	0.00e+00	0.00e+00	0.00e+00	0.00e+00	0.00e+00	2.51e+01	2.49e+01	0.00e+00	0.00e+00	0.00e+00	2.51e+01	1.45e-01
run_01_801	1.65e+03	5.00e+01	7.73e+00	1.50e+01	1.16e-28	0.00e+00	0.00e+00	0.00e+00	0.00e+00	0.00e+00	0.00e+00	0.00e+00	0.00e+00	0.00e+00	0.00e+00	0.00e+00	0.00e+00	5.00e+01	0.00e+00	0.00e+00	0.00e+00	0.00e+00	5.00e+01	1.00e+00
run_01_802	1.65e+03	1.00e+02	1.85e+00	1.80e+01	5.43e-28	4.32e+00	0.00e+00	0.00e+00	0.00e+00	0.00e+00	0.00e+00	0.00e+00	0.00e+00	0.00e+00	0.00e+00	0.00e+00	0.00e+00	4.57e+01	4.32e+00	0.00e+00	0.00e+00	0.00e+00	4.57e+01	1.00e+00
run_01_803	1.65e+03	1.50e+02	6.09e-01	1.90e+01	1.74e-27	1.72e+01	0.00e+00	0.00e+00	0.00e+00	0.00e+00	0.00e+00	0.00e+00	0.00e+00	0.00e+00	0.00e+00	0.00e+00	0.00e+00	3.28e+01	1.72e+01	0.00e+00	0.00e+00	0.00e+00	3.28e+01	1.00e+00
run_01_804	1.65e+03	2.00e+02	2.99e-01	2.00e+01	3.67e-27	2.10e+01	0.00e+00	0.00e+00	0.00e+00	0.00e+00	0.00e+00	0.00e+00	0.00e+00	0.00e+00	0.00e+00	0.00e+00	0.00e+00	2.90e+01	2.10e+01	0.00e+00	0.00e+00	0.00e+00	2.90e+01	1.00e+00
run_01_805	1.65e+03	2.50e+02	1.74e-01	2.10e+01	6.52e-27	2.26e+01	0.00e+00	0.00e+00	0.00e+00	0.00e+00	0.00e+00	0.00e+00	0.00e+00	0.00e+00	0.00e+00	0.00e+00	0.00e+00	2.74e+01	2.26e+01	0.00e+00	0.00e+00	0.00e+00	2.74e+01	1.00e+00
run_01_806	1.65e+03	3.00e+02	1.09e-01	2.20e+01	1.06e-26	2.34e+01	0.00e+00	0.00e+00	0.00e+00	0.00e+00	0.00e+00	0.00e+00	0.00e+00	0.00e+00	0.00e+00	0.00e+00	0.00e+00	2.66e+01	2.34e+01	0.00e+00	0.00e+00	0.00e+00	2.66e+01	9.11e-01
run_01_807	1.65e+03	3.50e+02	7.17e-02	2.20e+01	1.67e-26	2.38e+01	0.00e+00	0.00e+00	0.00e+00	0.00e+00	0.00e+00	0.00e+00	0.00e+00	0.00e+00	0.00e+00	0.00e+00	0.00e+00	2.62e+01	2.38e+01	0.00e+00	0.00e+00	0.00e+00	2.62e+01	5.98e-01
run_01_808	1.65e+03	4.00e+02	4.79e-02	2.30e+01	2.56e-26	2.41e+01	0.00e+00	0.00e+00	0.00e+00	0.00e+00	0.00e+00	0.00e+00	0.00e+00	0.00e+00	0.00e+00	0.00e+00	0.00e+00	2.59e+01	2.41e+01	0.00e+00	0.00e+00	0.00e+00	2.59e+01	3.99e-01
run_01_809	1.65e+03	4.50e+02	3.21e-02	2.30e+01	3.94e-26	2.43e+01	0.00e+00	0.00e+00	0.00e+00	0.00e+00	0.00e+00	0.00e+00	0.00e+00	0.00e+00	0.00e+00	0.00e+00	0.00e+00	2.57e+01	2.43e+01	0.00e+00	0.00e+00	0.00e+00	2.57e+01	2.67e-01
run_01_810	1.65e+03	5.00e+02	2.11e-02	2.40e+01	6.16e-26	2.44e+01	0.00e+00	0.00e+00	0.00e+00	0.00e+00	0.00e+00	0.00e+00	0.00e+00	0.00e+00	0.00e+00	0.00e+00	0.00e+00	2.56e+01	2.44e+01	0.00e+00	0.00e+00	0.00e+00	2.56e+01	1.76e-01
run_01_811	1.65e+03	5.50e+02	1.35e-02	2.40e+01	1.01e-25	2.45e+01	0.00e+00	0.00e+00	0.00e+00	0.00e+00	0.00e+00	0.00e+00	0.00e+00	0.00e+00	0.00e+00	0.00e+00	0.00e+00	2.55e+01	2.45e+01	0.00e+00	0.00e+00	0.00e+00	2.55e+01	1.12e-01
run_01_812	1.65e+03	6.00e+02	8.11e-03	2.50e+01	1.76e-25	2.46e+01	0.00e+00	0.00e+00	0.00e+00	0.00e+00	0.00e+00	0.00e+00	0.00e+00	0.00e+00	0.00e+00	0.00e+00	0.00e+00	2.54e+01	2.46e+01	0.00e+00	0.00e+00	0.00e+00	2.54e+01	6.76e-02
run_01_813	1.65e+03	6.50e+02	4.42e-03	2.60e+01	3.55e-25	2.47e+01	0.00e+00	0.00e+00	0.00e+00	0.00e+00	0.00e+00	0.00e+00	0.00e+00	0.00e+00	0.00e+00	0.00e+00	0.00e+00	2.53e+01	2.47e+01	0.00e+00	0.00e+00	0.00e+00	2.53e+01	3.68e-02
run_01_814	1.65e+03	7.00e+02	1.95e-03	2.70e+01	1.21e-24	2.47e+01	0.00e+00	0.00e+00	0.00e+00	0.00e+00	0.00e+00	0.00e+00	0.00e+00	0.00e+00	0.00e+00	0.00e+00	0.00e+00	2.53e+01	2.47e+01	0.00e+00	0.00e+00	0.00e+00	2.53e+01	1.62e-02
run_01_815	1.65e+03	7.50e+02	4.17e-04	2.90e+01	1.28e-23	2.48e+01	0.00e+00	0.00e+00	0.00e+00	0.00e+00	0.00e+00	0.00e+00	0.00e+00	0.00e+00	0.00e+00	0.00e+00	0.00e+00	2.52e+01	2.48e+01	0.00e+00	0.00e+00	0.00e+00	2.52e+01	3.47e-03
run_01_816	1.65e+03	8.00e+02	1.51e-05	3.20e+01	2.16e-22	2.48e+01	0.00e+00	0.00e+00	0.00e+00	0.00e+00	0.00e+00	0.00e+00	0.00e+00	0.00e+00	0.00e+00	0.00e+00	0.00e+00	2.52e+01	2.48e+01	0.00e+00	0.00e+00	0.00e+00	2.52e+01	1.26e-04
run_01_817	1.65e+03	8.50e+02	1.45e-04	2.90e+01	6.41e-24	2.48e+01	0.00e+00	0.00e+00	0.00e+00	0.00e+00	0.00e+00	0.00e+00	0.00e+00	0.00e+00	0.00e+00	0.00e+00	0.00e+00	2.52e+01	2.48e+01	0.00e+00	0.00e+00	0.00e+00	2.52e+01	1.21e-03
run_01_818	1.65e+03	9.00e+02	8.82e-04	2.80e+01	1.23e-24	2.48e+01	0.00e+00	0.00e+00	0.00e+00	0.00e+00	0.00e+00	0.00e+00	0.00e+00	0.00e+00	0.00e+00	0.00e+00	0.00e+00	2.52e+01	2.48e+01	0.00e+00	0.00e+00	0.00e+00	2.52e+01	7.35e-03
run_01_819	1.65e+03	9.50e+02	2.09e-03	2.70e+01	5.33e-25	2.48e+01	0.00e+00	0.00e+00	0.00e+00	0.00e+00	0.00e+00	0.00e+00	0.00e+00	0.00e+00	0.00e+00	0.00e+00	0.00e+00	2.52e+01	2.48e+01	0.00e+00	0.00e+00	0.00e+00	2.52e+01	1.74e-02
run_01_820	1.65e+03	1.00e+03	3.69e-03	2.60e+01	3.04e-25	2.49e+01	0.00e+00	0.00e+00	0.00e+00	0.00e+00	0.00e+00	0.00e+00	0.00e+00	0.00e+00	0.00e+00	0.00e+00	0.00e+00	2.51e+01	2.49e+01	0.00e+00	0.00e+00	0.00e+00	2.51e+01	3.08e-02
run_01_821	1.65e+03	1.05e+03	5.62e-03	2.60e+01	2.01e-25	2.49e+01	0.00e+00	0.00e+00	0.00e+00	0.00e+00	0.00e+00	0.00e+00	0.00e+00	0.00e+00	0.00e+00	0.00e+00	0.00e+00	2.51e+01	2.49e+01	0.00e+00	0.00e+00	0.00e+00	2.51e+01	4.68e-02
run_01_822	1.65e+03	1.10e+03	7.84e-03	2.60e+01	1.44e-25	2.49e+01	0.00e+00	0.00e+00	0.00e+00	0.00e+00	0.00e+00	0.00e+00	0.00e+00	0.00e+00	0.00e+00	0.00e+00	0.00e+00	2.51e+01	2.49e+01	0.00e+00	0.00e+00	0.00e+00	2.51e+01	6.53e-02
run_01_823	1.65e+03	1.15e+03	1.03e-02	2.50e+01	1.08e-25	2.49e+01	0.00e+00	0.00e+00	0.00e+00	0.00e+00	0.00e+00	0.00e+00	0.00e+00	0.00e+00	0.00e+00	0.00e+00	0.00e+00	2.51e+01	2.49e+01	0.00e+00	0.00e+00	0.00e+00	2.51e+01	8.60e-02
run_01_824	1.65e+03	1.20e+03	1.30e-02	2.50e+01	8.58e-26	2.49e+01	0.00e+00	0.00e+00	0.00e+00	0.00e+00	0.00e+00	0.00e+00	0.00e+00	0.00e+00	0.00e+00	0.00e+00	0.00e+00	2.51e+01	2.49e+01	0.00e+00	0.00e+00	0.00e+00	2.51e+01	1.09e-01
run_01_825	1.65e+03	1.25e+03	1.60e-02	2.50e+01	6.99e-26	2.49e+01	0.00e+00	0.00e+00	0.00e+00	0.00e+00	0.00e+00	0.00e+00	0.00e+00	0.00e+00	0.00e+00	0.00e+00	0.00e+00	2.51e+01	2.49e+01	0.00e+00	0.00e+00	0.00e+00	2.51e+01	1.33e-01
run_01_826	1.70e+03	5.00e+01	8.65e+00	1.50e+01	1.03e-28	0.00e+00	0.00e+00	0.00e+00	0.00e+00	0.00e+00	0.00e+00	0.00e+00	0.00e+00	0.00e+00	0.00e+00	0.00e+00	0.00e+00	5.00e+01	0.00e+00	0.00e+00	0.00e+00	0.00e+00	5.00e+01	1.00e+00
run_01_827	1.70e+03	1.00e+02	2.08e+00	1.80e+01	4.81e-28	4.32e+00	0.00e+00	0.00e+00	0.00e+00	0.00e+00	0.00e+00	0.00e+00	0.00e+00	0.00e+00	0.00e+00	0.00e+00	0.00e+00	4.57e+01	4.32e+00	0.00e+00	0.00e+00	0.00e+00	4.57e+01	1.00e+00
run_01_828	1.70e+03	1.50e+02	6.85e-01	1.90e+01	1.54e-27	1.72e+01	0.00e+00	0.00e+00	0.00e+00	0.00e+00	0.00e+00	0.00e+00	0.00e+00	0.00e+00	0.00e+00	0.00e+00	0.00e+00	3.28e+01	1.72e+01	0.00e+00	0.00e+00	0.00e+00	3.28e+01	1.00e+00
run_01_829	1.70e+03	2.00e+02	3.38e-01	2.00e+01	3.23e-27	2.10e+01	0.00e+00	0.00e+00	0.00e+00	0.00e+00	0.00e+00	0.00e+00	0.00e+00	0.00e+00	0.00e+00	0.00e+00	0.00e+00	2.90e+01	2.10e+01	0.00e+00	0.00e+00	0.00e+00	2.90e+01	1.00e+00
run_01_830	1.70e+03	2.50e+02	1.97e-01	2.10e+01	5.72e-27	2.26e+01	0.00e+00	0.00e+00	0.00e+00	0.00e+00	0.00e+00	0.00e+00	0.00e+00	0.00e+00	0.00e+00	0.00e+00	0.00e+00	2.74e+01	2.26e+01	0.00e+00	0.00e+00	0.00e+00	2.74e+01	1.00e+00
run_01_831	1.70e+03	3.00e+02	1.25e-01	2.20e+01	9.27e-27	2.34e+01	0.00e+00	0.00e+00	0.00e+00	0.00e+00	0.00e+00	0.00e+00	0.00e+00	0.00e+00	0.00e+00	0.00e+00	0.00e+00	2.66e+01	2.34e+01	0.00e+00	0.00e+00	0.00e+00	2.66e+01	1.00e+00
run_01_832	1.70e+03	3.50e+02	8.25e-02	2.20e+01	1.44e-26	2.38e+01	0.00e+00	0.00e+00	0.00e+00	0.00e+00	0.00e+00	0.00e+00	0.00e+00	0.00e+00	0.00e+00	0.00e+00	0.00e+00	2.62e+01	2.38e+01	0.00e+00	0.00e+00	0.00e+00	2.62e+01	6.87e-01
run_01_833	1.70e+03	4.00e+02	5.57e-02	2.30e+01	2.19e-26	2.41e+01	0.00e+00	0.00e+00	0.00e+00	0.00e+00	0.00e+00	0.00e+00	0.00e+00	0.00e+00	0.00e+00	0.00e+00	0.00e+00	2.59e+01	2.41e+01	0.00e+00	0.00e+00	0.00e+00	2.59e+01	4.64e-01
run_01_834	1.70e+03	4.50e+02	3.77e-02	2.30e+01	3.31e-26	2.43e+01	0.00e+00	0.00e+00	0.00e+00	0.00e+00	0.00e+00	0.00e+00	0.00e+00	0.00e+00	0.00e+00	0.00e+00	0.00e+00	2.57e+01	2.43e+01	0.00e+00	0.00e+00	0.00e+00	2.57e+01	3.14e-01
run_01_835	1.70e+03	5.00e+02	2.53e-02	2.40e+01	5.08e-26	2.44e+01	0.00e+00	0.00e+00	0.00e+00	0.00e+00	0.00e+00	0.00e+00	0.00e+00	0.00e+00	0.00e+00	0.00e+00	0.00e+00	2.56e+01	2.44e+01	0.00e+00	0.00e+00	0.00e+00	2.56e+01	2.11e-01
run_01_836	1.70e+03	5.50e+02	1.66e-02	2.40e+01	8.05e-26	2.45e+01	0.00e+00	0.00e+00	0.00e+00	0.00e+00	0.00e+00	0.00e+00	0.00e+00	0.00e+00	0.00e+00	0.00e+00	0.00e+00	2.55e+01	2.45e+01	0.00e+00	0.00e+00	0.00e+00	2.55e+01	1.38e-01
run_01_837	1.70e+03	6.00e+02	1.04e-02	2.50e+01	1.34e-25	2.46e+01	0.00e+00	0.00e+00	0.00e+00	0.00e+00	0.00e+00	0.00e+00	0.00e+00	0.00e+00	0.00e+00	0.00e+00	0.00e+00	2.54e+01	2.46e+01	0.00e+00	0.00e+00	0.00e+00	2.54e+01	8.63e-02
run_01_838	1.70e+03	6.50e+02	5.99e-03	2.50e+01	2.51e-25	2.47e+01	0.00e+00	0.00e+00	0.00e+00	0.00e+00	0.00e+00	0.00e+00	0.00e+00	0.00e+00	0.00e+00	0.00e+00	0.00e+00	2.53e+01	2.47e+01	0.00e+00	0.00e+00	0.00e+00	2.53e+01	4.99e-02
run_01_839	1.70e+03	7.00e+02	3.01e-03	2.60e+01	6.34e-25	2.47e+01	0.00e+00	0.00e+00	0.00e+00	0.00e+00	0.00e+00	0.00e+00	0.00e+00	0.00e+00	0.00e+00	0.00e+00	0.00e+00	2.53e+01	2.47e+01	0.00e+00	0.00e+00	0.00e+00	2.53e+01	2.51e-02
run_01_840	1.70e+03	7.50e+02	1.02e-03	2.80e+01	3.83e-24	2.48e+01	0.00e+00	0.00e+00	0.00e+00	0.00e+00	0.00e+00	0.00e+00	0.00e+00	0.00e+00	0.00e+00	0.00e+00	0.00e+00	2.52e+01	2.48e+01	0.00e+00	0.00e+00	0.00e+00	2.52e+01	8.50e-03
run_01_841	1.70e+03	8.00e+02	9.38e-05	3.10e+01	5.59e-23	2.48e+01	0.00e+00	0.00e+00	0.00e+00	0.00e+00	0.00e+00	0.00e+00	0.00e+00	0.00e+00	0.00e+00	0.00e+00	0.00e+00	2.52e+01	2.48e+01	0.00e+00	0.00e+00	0.00e+00	2.52e+01	7.82e-04
run_01_842	1.70e+03	8.50e+02	3.44e-06	3.30e+01	1.62e-22	2.48e+01	0.00e+00	0.00e+00	0.00e+00	0.00e+00	0.00e+00	0.00e+00	0.00e+00	0.00e+00	0.00e+00	0.00e+00	0.00e+00	2.52e+01	2.48e+01	0.00e+00	0.00e+00	0.00e+00	2.52e+01	2.87e-05
run_01_843	1.70e+03	9.00e+02	4.51e-04	2.80e+01	2.27e-24	2.48e+01	0.00e+00	0.00e+00	0.00e+00	0.00e+00	0.00e+00	0.00e+00	0.00e+00	0.00e+00	0.00e+00	0.00e+00	0.00e+00	2.52e+01	2.48e+01	0.00e+00	0.00e+00	0.00e+00	2.52e+01	3.76e-03
run_01_844	1.70e+03	9.50e+02	1.44e-03	2.70e+01	7.57e-25	2.48e+01	0.00e+00	0.00e+00	0.00e+00	0.00e+00	0.00e+00	0.00e+00	0.00e+00	0.00e+00	0.00e+00	0.00e+00	0.00e+00	2.52e+01	2.48e+01	0.00e+00	0.00e+00	0.00e+00	2.52e+01	1.20e-02
run_01_845	1.70e+03	1.00e+03	2.87e-03	2.60e+01	3.87e-25	2.49e+01	0.00e+00	0.00e+00	0.00e+00	0.00e+00	0.00e+00	0.00e+00	0.00e+00	0.00e+00	0.00e+00	0.00e+00	0.00e+00	2.51e+01	2.49e+01	0.00e+00	0.00e+00	0.00e+00	2.51e+01	2.39e-02
run_01_846	1.70e+03	1.05e+03	4.65e-03	2.60e+01	2.41e-25	2.49e+01	0.00e+00	0.00e+00	0.00e+00	0.00e+00	0.00e+00	0.00e+00	0.00e+00	0.00e+00	0.00e+00	0.00e+00	0.00e+00	2.51e+01	2.49e+01	0.00e+00	0.00e+00	0.00e+00	2.51e+01	3.87e-02
run_01_847	1.70e+03	1.10e+03	6.75e-03	2.60e+01	1.67e-25	2.49e+01	0.00e+00	0.00e+00	0.00e+00	0.00e+00	0.00e+00	0.00e+00	0.00e+00	0.00e+00	0.00e+00	0.00e+00	0.00e+00	2.51e+01	2.49e+01	0.00e+00	0.00e+00	0.00e+00	2.51e+01	5.62e-02
run_01_848	1.70e+03	1.15e+03	9.12e-03	2.50e+01	1.22e-25	2.49e+01	0.00e+00	0.00e+00	0.00e+00	0.00e+00	0.00e+00	0.00e+00	0.00e+00	0.00e+00	0.00e+00	0.00e+00	0.00e+00	2.51e+01	2.49e+01	0.00e+00	0.00e+00	0.00e+00	2.51e+01	7.60e-02
run_01_849	1.70e+03	1.20e+03	1.17e-02	2.50e+01	9.50e-26	2.49e+01	0.00e+00	0.00e+00	0.00e+00	0.00e+00	0.00e+00	0.00e+00	0.00e+00	0.00e+00	0.00e+00	0.00e+00	0.00e+00	2.51e+01	2.49e+01	0.00e+00	0.00e+00	0.00e+00	2.51e+01	9.79e-02
run_01_850	1.70e+03	1.25e+03	1.46e-02	2.50e+01	7.64e-26	2.49e+01	0.00e+00	0.00e+00	0.00e+00	0.00e+00	0.00e+00	0.00e+00	0.00e+00	0.00e+00	0.00e+00	0.00e+00	0.00e+00	2.51e+01	2.49e+01	0.00e+00	0.00e+00	0.00e+00	2.51e+01	1.22e-01
run_01_851	1.75e+03	5.00e+01	9.66e+00	1.50e+01	9.13e-29	0.00e+00	0.00e+00	0.00e+00	0.00e+00	0.00e+00	0.00e+00	0.00e+00	0.00e+00	0.00e+00	0.00e+00	0.00e+00	0.00e+00	5.00e+01	0.00e+00	0.00e+00	0.00e+00	0.00e+00	5.00e+01	1.00e+00
run_01_852	1.75e+03	1.00e+02	2.32e+00	1.70e+01	4.28e-28	4.33e+00	0.00e+00	0.00e+00	0.00e+00	0.00e+00	0.00e+00	0.00e+00	0.00e+00	0.00e+00	0.00e+00	0.00e+00	0.00e+00	4.57e+01	4.33e+00	0.00e+00	0.00e+00	0.00e+00	4.57e+01	1.00e+00
run_01_853	1.75e+03	1.50e+02	7.68e-01	1.90e+01	1.36e-27	1.72e+01	0.00e+00	0.00e+00	0.00e+00	0.00e+00	0.00e+00	0.00e+00	0.00e+00	0.00e+00	0.00e+00	0.00e+00	0.00e+00	3.28e+01	1.72e+01	0.00e+00	0.00e+00	0.00e+00	3.28e+01	1.00e+00
run_01_854	1.75e+03	2.00e+02	3.80e-01	2.00e+01	2.86e-27	2.10e+01	0.00e+00	0.00e+00	0.00e+00	0.00e+00	0.00e+00	0.00e+00	0.00e+00	0.00e+00	0.00e+00	0.00e+00	0.00e+00	2.90e+01	2.10e+01	0.00e+00	0.00e+00	0.00e+00	2.90e+01	1.00e+00
run_01_855	1.75e+03	2.50e+02	2.22e-01	2.10e+01	5.03e-27	2.26e+01	0.00e+00	0.00e+00	0.00e+00	0.00e+00	0.00e+00	0.00e+00	0.00e+00	0.00e+00	0.00e+00	0.00e+00	0.00e+00	2.74e+01	2.26e+01	0.00e+00	0.00e+00	0.00e+00	2.74e+01	1.00e+00
run_01_856	1.75e+03	3.00e+02	1.42e-01	2.10e+01	8.12e-27	2.34e+01	0.00e+00	0.00e+00	0.00e+00	0.00e+00	0.00e+00	0.00e+00	0.00e+00	0.00e+00	0.00e+00	0.00e+00	0.00e+00	2.66e+01	2.34e+01	0.00e+00	0.00e+00	0.00e+00	2.66e+01	1.00e+00
run_01_857	1.75e+03	3.50e+02	9.43e-02	2.20e+01	1.25e-26	2.38e+01	0.00e+00	0.00e+00	0.00e+00	0.00e+00	0.00e+00	0.00e+00	0.00e+00	0.00e+00	0.00e+00	0.00e+00	0.00e+00	2.62e+01	2.38e+01	0.00e+00	0.00e+00	0.00e+00	2.62e+01	7.86e-01
run_01_858	1.75e+03	4.00e+02	6.42e-02	2.20e+01	1.88e-26	2.41e+01	0.00e+00	0.00e+00	0.00e+00	0.00e+00	0.00e+00	0.00e+00	0.00e+00	0.00e+00	0.00e+00	0.00e+00	0.00e+00	2.59e+01	2.41e+01	0.00e+00	0.00e+00	0.00e+00	2.59e+01	5.35e-01
run_01_859	1.75e+03	4.50e+02	4.40e-02	2.30e+01	2.81e-26	2.43e+01	0.00e+00	0.00e+00	0.00e+00	0.00e+00	0.00e+00	0.00e+00	0.00e+00	0.00e+00	0.00e+00	0.00e+00	0.00e+00	2.57e+01	2.43e+01	0.00e+00	0.00e+00	0.00e+00	2.57e+01	3.67e-01
run_01_860	1.75e+03	5.00e+02	3.00e-02	2.40e+01	4.23e-26	2.44e+01	0.00e+00	0.00e+00	0.00e+00	0.00e+00	0.00e+00	0.00e+00	0.00e+00	0.00e+00	0.00e+00	0.00e+00	0.00e+00	2.56e+01	2.44e+01	0.00e+00	0.00e+00	0.00e+00	2.56e+01	2.50e-01
run_01_861	1.75e+03	5.50e+02	2.01e-02	2.40e+01	6.55e-26	2.45e+01	0.00e+00	0.00e+00	0.00e+00	0.00e+00	0.00e+00	0.00e+00	0.00e+00	0.00e+00	0.00e+00	0.00e+00	0.00e+00	2.55e+01	2.45e+01	0.00e+00	0.00e+00	0.00e+00	2.55e+01	1.67e-01
run_01_862	1.75e+03	6.00e+02	1.29e-02	2.50e+01	1.05e-25	2.46e+01	0.00e+00	0.00e+00	0.00e+00	0.00e+00	0.00e+00	0.00e+00	0.00e+00	0.00e+00	0.00e+00	0.00e+00	0.00e+00	2.54e+01	2.46e+01	0.00e+00	0.00e+00	0.00e+00	2.54e+01	1.08e-01
run_01_863	1.75e+03	6.50e+02	7.85e-03	2.50e+01	1.84e-25	2.47e+01	0.00e+00	0.00e+00	0.00e+00	0.00e+00	0.00e+00	0.00e+00	0.00e+00	0.00e+00	0.00e+00	0.00e+00	0.00e+00	2.53e+01	2.47e+01	0.00e+00	0.00e+00	0.00e+00	2.53e+01	6.54e-02
run_01_864	1.75e+03	7.00e+02	4.29e-03	2.60e+01	3.81e-25	2.47e+01	0.00e+00	0.00e+00	0.00e+00	0.00e+00	0.00e+00	0.00e+00	0.00e+00	0.00e+00	0.00e+00	0.00e+00	0.00e+00	2.53e+01	2.47e+01	0.00e+00	0.00e+00	0.00e+00	2.53e+01	3.57e-02
run_01_865	1.75e+03	7.50e+02	1.87e-03	2.70e+01	1.47e-24	2.48e+01	0.00e+00	0.00e+00	0.00e+00	0.00e+00	0.00e+00	0.00e+00	0.00e+00	0.00e+00	0.00e+00	0.00e+00	0.00e+00	2.52e+01	2.48e+01	0.00e+00	0.00e+00	0.00e+00	2.52e+01	1.55e-02
run_01_866	1.75e+03	8.00e+02	3.70e-04	2.90e+01	1.56e-23	2.48e+01	0.00e+00	0.00e+00	0.00e+00	0.00e+00	0.00e+00	0.00e+00	0.00e+00	0.00e+00	0.00e+00	0.00e+00	0.00e+00	2.52e+01	2.48e+01	0.00e+00	0.00e+00	0.00e+00	2.52e+01	3.09e-03
run_01_867	1.75e+03	8.50e+02	1.42e-05	3.20e+01	2.21e-22	2.48e+01	0.00e+00	0.00e+00	0.00e+00	0.00e+00	0.00e+00	0.00e+00	0.00e+00	0.00e+00	0.00e+00	0.00e+00	0.00e+00	2.52e+01	2.48e+01	0.00e+00	0.00e+00	0.00e+00	2.52e+01	1.18e-04
run_01_868	1.75e+03	9.00e+02	1.48e-04	2.90e+01	6.18e-24	2.48e+01	0.00e+00	0.00e+00	0.00e+00	0.00e+00	0.00e+00	0.00e+00	0.00e+00	0.00e+00	0.00e+00	0.00e+00	0.00e+00	2.52e+01	2.48e+01	0.00e+00	0.00e+00	0.00e+00	2.52e+01	1.24e-03
run_01_869	1.75e+03	9.50e+02	8.94e-04	2.80e+01	1.20e-24	2.48e+01	0.00e+00	0.00e+00	0.00e+00	0.00e+00	0.00e+00	0.00e+00	0.00e+00	0.00e+00	0.00e+00	0.00e+00	0.00e+00	2.52e+01	2.48e+01	0.00e+00	0.00e+00	0.00e+00	2.52e+01	7.45e-03
run_01_870	1.75e+03	1.00e+03	2.12e-03	2.70e+01	5.22e-25	2.49e+01	0.00e+00	0.00e+00	0.00e+00	0.00e+00	0.00e+00	0.00e+00	0.00e+00	0.00e+00	0.00e+00	0.00e+00	0.00e+00	2.51e+01	2.49e+01	0.00e+00	0.00e+00	0.00e+00	2.51e+01	1.77e-02
run_01_871	1.75e+03	1.05e+03	3.74e-03	2.60e+01	2.98e-25	2.49e+01	0.00e+00	0.00e+00	0.00e+00	0.00e+00	0.00e+00	0.00e+00	0.00e+00	0.00e+00	0.00e+00	0.00e+00	0.00e+00	2.51e+01	2.49e+01	0.00e+00	0.00e+00	0.00e+00	2.51e+01	3.12e-02
run_01_872	1.75e+03	1.10e+03	5.70e-03	2.60e+01	1.97e-25	2.49e+01	0.00e+00	0.00e+00	0.00e+00	0.00e+00	0.00e+00	0.00e+00	0.00e+00	0.00e+00	0.00e+00	0.00e+00	0.00e+00	2.51e+01	2.49e+01	0.00e+00	0.00e+00	0.00e+00	2.51e+01	4.75e-02
run_01_873	1.75e+03	1.15e+03	7.96e-03	2.60e+01	1.41e-25	2.49e+01	0.00e+00	0.00e+00	0.00e+00	0.00e+00	0.00e+00	0.00e+00	0.00e+00	0.00e+00	0.00e+00	0.00e+00	0.00e+00	2.51e+01	2.49e+01	0.00e+00	0.00e+00	0.00e+00	2.51e+01	6.63e-02
run_01_874	1.75e+03	1.20e+03	1.05e-02	2.50e+01	1.06e-25	2.49e+01	0.00e+00	0.00e+00	0.00e+00	0.00e+00	0.00e+00	0.00e+00	0.00e+00	0.00e+00	0.00e+00	0.00e+00	0.00e+00	2.51e+01	2.49e+01	0.00e+00	0.00e+00	0.00e+00	2.51e+01	8.74e-02
run_01_875	1.75e+03	1.25e+03	1.33e-02	2.50e+01	8.40e-26	2.49e+01	0.00e+00	0.00e+00	0.00e+00	0.00e+00	0.00e+00	0.00e+00	0.00e+00	0.00e+00	0.00e+00	0.00e+00	0.00e+00	2.51e+01	2.49e+01	0.00e+00	0.00e+00	0.00e+00	2.51e+01	1.10e-01
run_01_876	1.80e+03	5.00e+01	1.07e+01	1.50e+01	8.15e-29	0.00e+00	0.00e+00	0.00e+00	0.00e+00	0.00e+00	0.00e+00	0.00e+00	0.00e+00	0.00e+00	0.00e+00	0.00e+00	0.00e+00	5.00e+01	0.00e+00	0.00e+00	0.00e+00	0.00e+00	5.00e+01	1.00e+00
run_01_877	1.80e+03	1.00e+02	2.58e+00	1.70e+01	3.82e-28	4.33e+00	0.00e+00	0.00e+00	0.00e+00	0.00e+00	0.00e+00	0.00e+00	0.00e+00	0.00e+00	0.00e+00	0.00e+00	0.00e+00	4.57e+01	4.33e+00	0.00e+00	0.00e+00	0.00e+00	4.57e+01	1.00e+00
run_01_878	1.80e+03	1.50e+02	8.57e-01	1.90e+01	1.21e-27	1.72e+01	0.00e+00	0.00e+00	0.00e+00	0.00e+00	0.00e+00	0.00e+00	0.00e+00	0.00e+00	0.00e+00	0.00e+00	0.00e+00	3.28e+01	1.72e+01	0.00e+00	0.00e+00	0.00e+00	3.28e+01	1.00e+00
run_01_879	1.80e+03	2.00e+02	4.25e-01	2.00e+01	2.54e-27	2.10e+01	0.00e+00	0.00e+00	0.00e+00	0.00e+00	0.00e+00	0.00e+00	0.00e+00	0.00e+00	0.00e+00	0.00e+00	0.00e+00	2.90e+01	2.10e+01	0.00e+00	0.00e+00	0.00e+00	2.90e+01	1.00e+00
run_01_880	1.80e+03	2.50e+02	2.50e-01	2.10e+01	4.45e-27	2.26e+01	0.00e+00	0.00e+00	0.00e+00	0.00e+00	0.00e+00	0.00e+00	0.00e+00	0.00e+00	0.00e+00	0.00e+00	0.00e+00	2.74e+01	2.26e+01	0.00e+00	0.00e+00	0.00e+00	2.74e+01	1.00e+00
run_01_881	1.80e+03	3.00e+02	1.60e-01	2.10e+01	7.14e-27	2.34e+01	0.00e+00	0.00e+00	0.00e+00	0.00e+00	0.00e+00	0.00e+00	0.00e+00	0.00e+00	0.00e+00	0.00e+00	0.00e+00	2.66e+01	2.34e+01	0.00e+00	0.00e+00	0.00e+00	2.66e+01	1.00e+00
run_01_882	1.80e+03	3.50e+02	1.07e-01	2.20e+01	1.09e-26	2.38e+01	0.00e+00	0.00e+00	0.00e+00	0.00e+00	0.00e+00	0.00e+00	0.00e+00	0.00e+00	0.00e+00	0.00e+00	0.00e+00	2.62e+01	2.38e+01	0.00e+00	0.00e+00	0.00e+00	2.62e+01	8.93e-01
run_01_883	1.80e+03	4.00e+02	7.36e-02	2.20e+01	1.63e-26	2.41e+01	0.00e+00	0.00e+00	0.00e+00	0.00e+00	0.00e+00	0.00e+00	0.00e+00	0.00e+00	0.00e+00	0.00e+00	0.00e+00	2.59e+01	2.41e+01	0.00e+00	0.00e+00	0.00e+00	2.59e+01	6.13e-01
run_01_884	1.80e+03	4.50e+02	5.10e-02	2.30e+01	2.41e-26	2.43e+01	0.00e+00	0.00e+00	0.00e+00	0.00e+00	0.00e+00	0.00e+00	0.00e+00	0.00e+00	0.00e+00	0.00e+00	0.00e+00	2.57e+01	2.43e+01	0.00e+00	0.00e+00	0.00e+00	2.57e+01	4.25e-01
run_01_885	1.80e+03	5.00e+02	3.53e-02	2.30e+01	3.58e-26	2.44e+01	0.00e+00	0.00e+00	0.00e+00	0.00e+00	0.00e+00	0.00e+00	0.00e+00	0.00e+00	0.00e+00	0.00e+00	0.00e+00	2.56e+01	2.44e+01	0.00e+00	0.00e+00	0.00e+00	2.56e+01	2.94e-01
run_01_886	1.80e+03	5.50e+02	2.40e-02	2.40e+01	5.40e-26	2.45e+01	0.00e+00	0.00e+00	0.00e+00	0.00e+00	0.00e+00	0.00e+00	0.00e+00	0.00e+00	0.00e+00	0.00e+00	0.00e+00	2.55e+01	2.45e+01	0.00e+00	0.00e+00	0.00e+00	2.55e+01	2.00e-01
run_01_887	1.80e+03	6.00e+02	1.59e-02	2.40e+01	8.48e-26	2.46e+01	0.00e+00	0.00e+00	0.00e+00	0.00e+00	0.00e+00	0.00e+00	0.00e+00	0.00e+00	0.00e+00	0.00e+00	0.00e+00	2.54e+01	2.46e+01	0.00e+00	0.00e+00	0.00e+00	2.54e+01	1.32e-01
run_01_888	1.80e+03	6.50e+02	1.00e-02	2.50e+01	1.41e-25	2.47e+01	0.00e+00	0.00e+00	0.00e+00	0.00e+00	0.00e+00	0.00e+00	0.00e+00	0.00e+00	0.00e+00	0.00e+00	0.00e+00	2.53e+01	2.47e+01	0.00e+00	0.00e+00	0.00e+00	2.53e+01	8.34e-02
run_01_889	1.80e+03	7.00e+02	5.82e-03	2.60e+01	2.61e-25	2.47e+01	0.00e+00	0.00e+00	0.00e+00	0.00e+00	0.00e+00	0.00e+00	0.00e+00	0.00e+00	0.00e+00	0.00e+00	0.00e+00	2.53e+01	2.47e+01	0.00e+00	0.00e+00	0.00e+00	2.53e+01	4.85e-02
run_01_890	1.80e+03	7.50e+02	2.91e-03	2.60e+01	7.28e-25	2.48e+01	0.00e+00	0.00e+00	0.00e+00	0.00e+00	0.00e+00	0.00e+00	0.00e+00	0.00e+00	0.00e+00	0.00e+00	0.00e+00	2.52e+01	2.48e+01	0.00e+00	0.00e+00	0.00e+00	2.52e+01	2.43e-02
run_01_891	1.80e+03	8.00e+02	9.44e-04	2.80e+01	4.77e-24	2.48e+01	0.00e+00	0.00e+00	0.00e+00	0.00e+00	0.00e+00	0.00e+00	0.00e+00	0.00e+00	0.00e+00	0.00e+00	0.00e+00	2.52e+01	2.48e+01	0.00e+00	0.00e+00	0.00e+00	2.52e+01	7.87e-03
run_01_892	1.80e+03	8.50e+02	8.43e-05	3.10e+01	6.16e-23	2.48e+01	0.00e+00	0.00e+00	0.00e+00	0.00e+00	0.00e+00	0.00e+00	0.00e+00	0.00e+00	0.00e+00	0.00e+00	0.00e+00	2.52e+01	2.48e+01	0.00e+00	0.00e+00	0.00e+00	2.52e+01	7.02e-04
run_01_893	1.80e+03	9.00e+02	3.58e-06	3.30e+01	1.52e-22	2.48e+01	0.00e+00	0.00e+00	0.00e+00	0.00e+00	0.00e+00	0.00e+00	0.00e+00	0.00e+00	0.00e+00	0.00e+00	0.00e+00	2.52e+01	2.48e+01	0.00e+00	0.00e+00	0.00e+00	2.52e+01	2.98e-05
run_01_894	1.80e+03	9.50e+02	4.58e-04	2.80e+01	2.21e-24	2.48e+01	0.00e+00	0.00e+00	0.00e+00	0.00e+00	0.00e+00	0.00e+00	0.00e+00	0.00e+00	0.00e+00	0.00e+00	0.00e+00	2.52e+01	2.48e+01	0.00e+00	0.00e+00	0.00e+00	2.52e+01	3.81e-03
run_01_895	1.80e+03	1.00e+03	1.46e-03	2.70e+01	7.41e-25	2.49e+01	0.00e+00	0.00e+00	0.00e+00	0.00e+00	0.00e+00	0.00e+00	0.00e+00	0.00e+00	0.00e+00	0.00e+00	0.00e+00	2.51e+01	2.49e+01	0.00e+00	0.00e+00	0.00e+00	2.51e+01	1.22e-02
run_01_896	1.80e+03	1.05e+03	2.90e-03	2.60e+01	3.79e-25	2.49e+01	0.00e+00	0.00e+00	0.00e+00	0.00e+00	0.00e+00	0.00e+00	0.00e+00	0.00e+00	0.00e+00	0.00e+00	0.00e+00	2.51e+01	2.49e+01	0.00e+00	0.00e+00	0.00e+00	2.51e+01	2.42e-02
run_01_897	1.80e+03	1.10e+03	4.71e-03	2.60e+01	2.37e-25	2.49e+01	0.00e+00	0.00e+00	0.00e+00	0.00e+00	0.00e+00	0.00e+00	0.00e+00	0.00e+00	0.00e+00	0.00e+00	0.00e+00	2.51e+01	2.49e+01	0.00e+00	0.00e+00	0.00e+00	2.51e+01	3.93e-02
run_01_898	1.80e+03	1.15e+03	6.84e-03	2.60e+01	1.64e-25	2.49e+01	0.00e+00	0.00e+00	0.00e+00	0.00e+00	0.00e+00	0.00e+00	0.00e+00	0.00e+00	0.00e+00	0.00e+00	0.00e+00	2.51e+01	2.49e+01	0.00e+00	0.00e+00	0.00e+00	2.51e+01	5.70e-02
run_01_899	1.80e+03	1.20e+03	9.26e-03	2.50e+01	1.20e-25	2.49e+01	0.00e+00	0.00e+00	0.00e+00	0.00e+00	0.00e+00	0.00e+00	0.00e+00	0.00e+00	0.00e+00	0.00e+00	0.00e+00	2.51e+01	2.49e+01	0.00e+00	0.00e+00	0.00e+00	2.51e+01	7.71e-02
run_01_900	1.80e+03	1.25e+03	1.19e-02	2.50e+01	9.32e-26	2.49e+01	0.00e+00	0.00e+00	0.00e+00	0.00e+00	0.00e+00	0.00e+00	0.00e+00	0.00e+00	0.00e+00	0.00e+00	0.00e+00	2.51e+01	2.49e+01	0.00e+00	0.00e+00	0.00e+00	2.51e+01	9.94e-02
run_01_901	1.85e+03	5.00e+01	1.19e+01	1.50e+01	7.30e-29	0.00e+00	0.00e+00	0.00e+00	0.00e+00	0.00e+00	0.00e+00	0.00e+00	0.00e+00	0.00e+00	0.00e+00	0.00e+00	0.00e+00	5.00e+01	0.00e+00	0.00e+00	0.00e+00	0.00e+00	5.00e+01	1.00e+00
run_01_902	1.85e+03	1.00e+02	2.87e+00	1.70e+01	3.42e-28	4.33e+00	0.00e+00	0.00e+00	0.00e+00	0.00e+00	0.00e+00	0.00e+00	0.00e+00	0.00e+00	0.00e+00	0.00e+00	0.00e+00	4.57e+01	4.33e+00	0.00e+00	0.00e+00	0.00e+00	4.57e+01	1.00e+00
run_01_903	1.85e+03	1.50e+02	9.54e-01	1.90e+01	1.08e-27	1.72e+01	0.00e+00	0.00e+00	0.00e+00	0.00e+00	0.00e+00	0.00e+00	0.00e+00	0.00e+00	0.00e+00	0.00e+00	0.00e+00	3.28e+01	1.72e+01	0.00e+00	0.00e+00	0.00e+00	3.28e+01	1.00e+00
run_01_904	1.85e+03	2.00e+02	4.75e-01	2.00e+01	2.26e-27	2.10e+01	0.00e+00	0.00e+00	0.00e+00	0.00e+00	0.00e+00	0.00e+00	0.00e+00	0.00e+00	0.00e+00	0.00e+00	0.00e+00	2.90e+01	2.10e+01	0.00e+00	0.00e+00	0.00e+00	2.90e+01	1.00e+00
run_01_905	1.85e+03	2.50e+02	2.80e-01	2.00e+01	3.95e-27	2.26e+01	0.00e+00	0.00e+00	0.00e+00	0.00e+00	0.00e+00	0.00e+00	0.00e+00	0.00e+00	0.00e+00	0.00e+00	0.00e+00	2.74e+01	2.26e+01	0.00e+00	0.00e+00	0.00e+00	2.74e+01	1.00e+00
run_01_906	1.85e+03	3.00e+02	1.80e-01	2.10e+01	6.31e-27	2.34e+01	0.00e+00	0.00e+00	0.00e+00	0.00e+00	0.00e+00	0.00e+00	0.00e+00	0.00e+00	0.00e+00	0.00e+00	0.00e+00	2.66e+01	2.34e+01	0.00e+00	0.00e+00	0.00e+00	2.66e+01	1.00e+00
run_01_907	1.85e+03	3.50e+02	1.21e-01	2.20e+01	9.58e-27	2.38e+01	0.00e+00	0.00e+00	0.00e+00	0.00e+00	0.00e+00	0.00e+00	0.00e+00	0.00e+00	0.00e+00	0.00e+00	0.00e+00	2.62e+01	2.38e+01	0.00e+00	0.00e+00	0.00e+00	2.62e+01	1.00e+00
run_01_908	1.85e+03	4.00e+02	8.39e-02	2.20e+01	1.42e-26	2.41e+01	0.00e+00	0.00e+00	0.00e+00	0.00e+00	0.00e+00	0.00e+00	0.00e+00	0.00e+00	0.00e+00	0.00e+00	0.00e+00	2.59e+01	2.41e+01	0.00e+00	0.00e+00	0.00e+00	2.59e+01	6.99e-01
run_01_909	1.85e+03	4.50e+02	5.87e-02	2.30e+01	2.07e-26	2.43e+01	0.00e+00	0.00e+00	0.00e+00	0.00e+00	0.00e+00	0.00e+00	0.00e+00	0.00e+00	0.00e+00	0.00e+00	0.00e+00	2.57e+01	2.43e+01	0.00e+00	0.00e+00	0.00e+00	2.57e+01	4.89e-01
run_01_910	1.85e+03	5.00e+02	4.11e-02	2.30e+01	3.04e-26	2.44e+01	0.00e+00	0.00e+00	0.00e+00	0.00e+00	0.00e+00	0.00e+00	0.00e+00	0.00e+00	0.00e+00	0.00e+00	0.00e+00	2.56e+01	2.44e+01	0.00e+00	0.00e+00	0.00e+00	2.56e+01	3.42e-01
run_01_911	1.85e+03	5.50e+02	2.84e-02	2.40e+01	4.51e-26	2.45e+01	0.00e+00	0.00e+00	0.00e+00	0.00e+00	0.00e+00	0.00e+00	0.00e+00	0.00e+00	0.00e+00	0.00e+00	0.00e+00	2.55e+01	2.45e+01	0.00e+00	0.00e+00	0.00e+00	2.55e+01	2.37e-01
run_01_912	1.85e+03	6.00e+02	1.92e-02	2.40e+01	6.91e-26	2.46e+01	0.00e+00	0.00e+00	0.00e+00	0.00e+00	0.00e+00	0.00e+00	0.00e+00	0.00e+00	0.00e+00	0.00e+00	0.00e+00	2.54e+01	2.46e+01	0.00e+00	0.00e+00	0.00e+00	2.54e+01	1.60e-01
run_01_913	1.85e+03	6.50e+02	1.25e-02	2.50e+01	1.10e-25	2.47e+01	0.00e+00	0.00e+00	0.00e+00	0.00e+00	0.00e+00	0.00e+00	0.00e+00	0.00e+00	0.00e+00	0.00e+00	0.00e+00	2.53e+01	2.47e+01	0.00e+00	0.00e+00	0.00e+00	2.53e+01	1.04e-01
run_01_914	1.85e+03	7.00e+02	7.62e-03	2.50e+01	1.93e-25	2.47e+01	0.00e+00	0.00e+00	0.00e+00	0.00e+00	0.00e+00	0.00e+00	0.00e+00	0.00e+00	0.00e+00	0.00e+00	0.00e+00	2.53e+01	2.47e+01	0.00e+00	0.00e+00	0.00e+00	2.53e+01	6.35e-02
run_01_915	1.85e+03	7.50e+02	4.17e-03	2.60e+01	4.14e-25	2.48e+01	0.00e+00	0.00e+00	0.00e+00	0.00e+00	0.00e+00	0.00e+00	0.00e+00	0.00e+00	0.00e+00	0.00e+00	0.00e+00	2.52e+01	2.48e+01	0.00e+00	0.00e+00	0.00e+00	2.52e+01	3.48e-02
run_01_916	1.85e+03	8.00e+02	1.78e-03	2.70e+01	1.82e-24	2.48e+01	0.00e+00	0.00e+00	0.00e+00	0.00e+00	0.00e+00	0.00e+00	0.00e+00	0.00e+00	0.00e+00	0.00e+00	0.00e+00	2.52e+01	2.48e+01	0.00e+00	0.00e+00	0.00e+00	2.52e+01	1.48e-02
run_01_917	1.85e+03	8.50e+02	3.29e-04	2.90e+01	1.86e-23	2.48e+01	0.00e+00	0.00e+00	0.00e+00	0.00e+00	0.00e+00	0.00e+00	0.00e+00	0.00e+00	0.00e+00	0.00e+00	0.00e+00	2.52e+01	2.48e+01	0.00e+00	0.00e+00	0.00e+00	2.52e+01	2.74e-03
run_01_918	1.85e+03	9.00e+02	1.35e-05	3.20e+01	2.23e-22	2.48e+01	0.00e+00	0.00e+00	0.00e+00	0.00e+00	0.00e+00	0.00e+00	0.00e+00	0.00e+00	0.00e+00	0.00e+00	0.00e+00	2.52e+01	2.48e+01	0.00e+00	0.00e+00	0.00e+00	2.52e+01	1.12e-04
run_01_919	1.85e+03	9.50e+02	1.51e-04	2.90e+01	5.97e-24	2.48e+01	0.00e+00	0.00e+00	0.00e+00	0.00e+00	0.00e+00	0.00e+00	0.00e+00	0.00e+00	0.00e+00	0.00e+00	0.00e+00	2.52e+01	2.48e+01	0.00e+00	0.00e+00	0.00e+00	2.52e+01	1.26e-03
run_01_920	1.85e+03	1.00e+03	9.05e-04	2.80e+01	1.17e-24	2.49e+01	0.00e+00	0.00e+00	0.00e+00	0.00e+00	0.00e+00	0.00e+00	0.00e+00	0.00e+00	0.00e+00	0.00e+00	0.00e+00	2.51e+01	2.49e+01	0.00e+00	0.00e+00	0.00e+00	2.51e+01	7.54e-03
run_01_921	1.85e+03	1.05e+03	2.14e-03	2.70e+01	5.12e-25	2.49e+01	0.00e+00	0.00e+00	0.00e+00	0.00e+00	0.00e+00	0.00e+00	0.00e+00	0.00e+00	0.00e+00	0.00e+00	0.00e+00	2.51e+01	2.49e+01	0.00e+00	0.00e+00	0.00e+00	2.51e+01	1.79e-02
run_01_922	1.85e+03	1.10e+03	3.79e-03	2.60e+01	2.92e-25	2.49e+01	0.00e+00	0.00e+00	0.00e+00	0.00e+00	0.00e+00	0.00e+00	0.00e+00	0.00e+00	0.00e+00	0.00e+00	0.00e+00	2.51e+01	2.49e+01	0.00e+00	0.00e+00	0.00e+00	2.51e+01	3.15e-02
run_01_923	1.85e+03	1.15e+03	5.77e-03	2.60e+01	1.93e-25	2.49e+01	0.00e+00	0.00e+00	0.00e+00	0.00e+00	0.00e+00	0.00e+00	0.00e+00	0.00e+00	0.00e+00	0.00e+00	0.00e+00	2.51e+01	2.49e+01	0.00e+00	0.00e+00	0.00e+00	2.51e+01	4.81e-02
run_01_924	1.85e+03	1.20e+03	8.07e-03	2.60e+01	1.39e-25	2.49e+01	0.00e+00	0.00e+00	0.00e+00	0.00e+00	0.00e+00	0.00e+00	0.00e+00	0.00e+00	0.00e+00	0.00e+00	0.00e+00	2.51e+01	2.49e+01	0.00e+00	0.00e+00	0.00e+00	2.51e+01	6.72e-02
run_01_925	1.85e+03	1.25e+03	1.06e-02	2.50e+01	1.04e-25	2.49e+01	0.00e+00	0.00e+00	0.00e+00	0.00e+00	0.00e+00	0.00e+00	0.00e+00	0.00e+00	0.00e+00	0.00e+00	0.00e+00	2.51e+01	2.49e+01	0.00e+00	0.00e+00	0.00e+00	2.51e+01	8.86e-02
run_01_926	1.90e+03	5.00e+01	1.32e+01	1.50e+01	6.56e-29	0.00e+00	0.00e+00	0.00e+00	0.00e+00	0.00e+00	0.00e+00	0.00e+00	0.00e+00	0.00e+00	0.00e+00	0.00e+00	0.00e+00	5.00e+01	0.00e+00	0.00e+00	0.00e+00	0.00e+00	5.00e+01	1.00e+00
run_01_927	1.90e+03	1.00e+02	3.18e+00	1.70e+01	3.07e-28	4.33e+00	0.00e+00	0.00e+00	0.00e+00	0.00e+00	0.00e+00	0.00e+00	0.00e+00	0.00e+00	0.00e+00	0.00e+00	0.00e+00	4.57e+01	4.33e+00	0.00e+00	0.00e+00	0.00e+00	4.57e+01	1.00e+00
run_01_928	1.90e+03	1.50e+02	1.06e+00	1.90e+01	9.72e-28	1.72e+01	0.00e+00	0.00e+00	0.00e+00	0.00e+00	0.00e+00	0.00e+00	0.00e+00	0.00e+00	0.00e+00	0.00e+00	0.00e+00	3.28e+01	1.72e+01	0.00e+00	0.00e+00	0.00e+00	3.28e+01	1.00e+00
run_01_929	1.90e+03	2.00e+02	5.28e-01	2.00e+01	2.02e-27	2.10e+01	0.00e+00	0.00e+00	0.00e+00	0.00e+00	0.00e+00	0.00e+00	0.00e+00	0.00e+00	0.00e+00	0.00e+00	0.00e+00	2.90e+01	2.10e+01	0.00e+00	0.00e+00	0.00e+00	2.90e+01	1.00e+00
run_01_930	1.90e+03	2.50e+02	3.13e-01	2.00e+01	3.52e-27	2.26e+01	0.00e+00	0.00e+00	0.00e+00	0.00e+00	0.00e+00	0.00e+00	0.00e+00	0.00e+00	0.00e+00	0.00e+00	0.00e+00	2.74e+01	2.26e+01	0.00e+00	0.00e+00	0.00e+00	2.74e+01	1.00e+00
run_01_931	1.90e+03	3.00e+02	2.02e-01	2.10e+01	5.59e-27	2.34e+01	0.00e+00	0.00e+00	0.00e+00	0.00e+00	0.00e+00	0.00e+00	0.00e+00	0.00e+00	0.00e+00	0.00e+00	0.00e+00	2.66e+01	2.34e+01	0.00e+00	0.00e+00	0.00e+00	2.66e+01	1.00e+00
run_01_932	1.90e+03	3.50e+02	1.37e-01	2.20e+01	8.45e-27	2.38e+01	0.00e+00	0.00e+00	0.00e+00	0.00e+00	0.00e+00	0.00e+00	0.00e+00	0.00e+00	0.00e+00	0.00e+00	0.00e+00	2.62e+01	2.38e+01	0.00e+00	0.00e+00	0.00e+00	2.62e+01	1.00e+00
run_01_933	1.90e+03	4.00e+02	9.51e-02	2.20e+01	1.24e-26	2.41e+01	0.00e+00	0.00e+00	0.00e+00	0.00e+00	0.00e+00	0.00e+00	0.00e+00	0.00e+00	0.00e+00	0.00e+00	0.00e+00	2.59e+01	2.41e+01	0.00e+00	0.00e+00	0.00e+00	2.59e+01	7.93e-01
run_01_934	1.90e+03	4.50e+02	6.71e-02	2.30e+01	1.80e-26	2.43e+01	0.00e+00	0.00e+00	0.00e+00	0.00e+00	0.00e+00	0.00e+00	0.00e+00	0.00e+00	0.00e+00	0.00e+00	0.00e+00	2.57e+01	2.43e+01	0.00e+00	0.00e+00	0.00e+00	2.57e+01	5.59e-01
run_01_935	1.90e+03	5.00e+02	4.75e-02	2.30e+01	2.61e-26	2.44e+01	0.00e+00	0.00e+00	0.00e+00	0.00e+00	0.00e+00	0.00e+00	0.00e+00	0.00e+00	0.00e+00	0.00e+00	0.00e+00	2.56e+01	2.44e+01	0.00e+00	0.00e+00	0.00e+00	2.56e+01	3.95e-01
run_01_936	1.90e+03	5.50e+02	3.33e-02	2.30e+01	3.82e-26	2.45e+01	0.00e+00	0.00e+00	0.00e+00	0.00e+00	0.00e+00	0.00e+00	0.00e+00	0.00e+00	0.00e+00	0.00e+00	0.00e+00	2.55e+01	2.45e+01	0.00e+00	0.00e+00	0.00e+00	2.55e+01	2.77e-01
run_01_937	1.90e+03	6.00e+02	2.29e-02	2.40e+01	5.70e-26	2.46e+01	0.00e+00	0.00e+00	0.00e+00	0.00e+00	0.00e+00	0.00e+00	0.00e+00	0.00e+00	0.00e+00	0.00e+00	0.00e+00	2.54e+01	2.46e+01	0.00e+00	0.00e+00	0.00e+00	2.54e+01	1.91e-01
run_01_938	1.90e+03	6.50e+02	1.53e-02	2.40e+01	8.90e-26	2.47e+01	0.00e+00	0.00e+00	0.00e+00	0.00e+00	0.00e+00	0.00e+00	0.00e+00	0.00e+00	0.00e+00	0.00e+00	0.00e+00	2.53e+01	2.47e+01	0.00e+00	0.00e+00	0.00e+00	2.53e+01	1.28e-01
run_01_939	1.90e+03	7.00e+02	9.70e-03	2.50e+01	1.47e-25	2.47e+01	0.00e+00	0.00e+00	0.00e+00	0.00e+00	0.00e+00	0.00e+00	0.00e+00	0.00e+00	0.00e+00	0.00e+00	0.00e+00	2.53e+01	2.47e+01	0.00e+00	0.00e+00	0.00e+00	2.53e+01	8.09e-02
run_01_940	1.90e+03	7.50e+02	5.66e-03	2.60e+01	2.76e-25	2.48e+01	0.00e+00	0.00e+00	0.00e+00	0.00e+00	0.00e+00	0.00e+00	0.00e+00	0.00e+00	0.00e+00	0.00e+00	0.00e+00	2.52e+01	2.48e+01	0.00e+00	0.00e+00	0.00e+00	2.52e+01	4.72e-02
run_01_941	1.90e+03	8.00e+02	2.82e-03	2.70e+01	7.79e-25	2.48e+01	0.00e+00	0.00e+00	0.00e+00	0.00e+00	0.00e+00	0.00e+00	0.00e+00	0.00e+00	0.00e+00	0.00e+00	0.00e+00	2.52e+01	2.48e+01	0.00e+00	0.00e+00	0.00e+00	2.52e+01	2.35e-02
run_01_942	1.90e+03	8.50e+02	8.66e-04	2.80e+01	5.91e-24	2.48e+01	0.00e+00	0.00e+00	0.00e+00	0.00e+00	0.00e+00	0.00e+00	0.00e+00	0.00e+00	0.00e+00	0.00e+00	0.00e+00	2.52e+01	2.48e+01	0.00e+00	0.00e+00	0.00e+00	2.52e+01	7.22e-03
run_01_943	1.90e+03	9.00e+02	7.58e-05	3.10e+01	6.73e-23	2.48e+01	0.00e+00	0.00e+00	0.00e+00	0.00e+00	0.00e+00	0.00e+00	0.00e+00	0.00e+00	0.00e+00	0.00e+00	0.00e+00	2.52e+01	2.48e+01	0.00e+00	0.00e+00	0.00e+00	2.52e+01	6.31e-04
run_01_944	1.90e+03	9.50e+02	3.72e-06	3.30e+01	1.43e-22	2.48e+01	0.00e+00	0.00e+00	0.00e+00	0.00e+00	0.00e+00	0.00e+00	0.00e+00	0.00e+00	0.00e+00	0.00e+00	0.00e+00	2.52e+01	2.48e+01	0.00e+00	0.00e+00	0.00e+00	2.52e+01	3.10e-05
run_01_945	1.90e+03	1.00e+03	4.64e-04	2.80e+01	2.15e-24	2.49e+01	0.00e+00	0.00e+00	0.00e+00	0.00e+00	0.00e+00	0.00e+00	0.00e+00	0.00e+00	0.00e+00	0.00e+00	0.00e+00	2.51e+01	2.49e+01	0.00e+00	0.00e+00	0.00e+00	2.51e+01	3.87e-03
run_01_946	1.90e+03	1.05e+03	1.48e-03	2.70e+01	7.25e-25	2.49e+01	0.00e+00	0.00e+00	0.00e+00	0.00e+00	0.00e+00	0.00e+00	0.00e+00	0.00e+00	0.00e+00	0.00e+00	0.00e+00	2.51e+01	2.49e+01	0.00e+00	0.00e+00	0.00e+00	2.51e+01	1.23e-02
run_01_947	1.90e+03	1.10e+03	2.93e-03	2.70e+01	3.77e-25	2.49e+01	0.00e+00	0.00e+00	0.00e+00	0.00e+00	0.00e+00	0.00e+00	0.00e+00	0.00e+00	0.00e+00	0.00e+00	0.00e+00	2.51e+01	2.49e+01	0.00e+00	0.00e+00	0.00e+00	2.51e+01	2.45e-02
run_01_948	1.90e+03	1.15e+03	4.77e-03	2.60e+01	2.32e-25	2.49e+01	0.00e+00	0.00e+00	0.00e+00	0.00e+00	0.00e+00	0.00e+00	0.00e+00	0.00e+00	0.00e+00	0.00e+00	0.00e+00	2.51e+01	2.49e+01	0.00e+00	0.00e+00	0.00e+00	2.51e+01	3.97e-02
run_01_949	1.90e+03	1.20e+03	6.93e-03	2.60e+01	1.61e-25	2.49e+01	0.00e+00	0.00e+00	0.00e+00	0.00e+00	0.00e+00	0.00e+00	0.00e+00	0.00e+00	0.00e+00	0.00e+00	0.00e+00	2.51e+01	2.49e+01	0.00e+00	0.00e+00	0.00e+00	2.51e+01	5.77e-02
run_01_950	1.90e+03	1.25e+03	9.38e-03	2.50e+01	1.18e-25	2.49e+01	0.00e+00	0.00e+00	0.00e+00	0.00e+00	0.00e+00	0.00e+00	0.00e+00	0.00e+00	0.00e+00	0.00e+00	0.00e+00	2.51e+01	2.49e+01	0.00e+00	0.00e+00	0.00e+00	2.51e+01	7.82e-02
run_01_951	1.95e+03	5.00e+01	1.45e+01	1.50e+01	5.91e-29	0.00e+00	0.00e+00	0.00e+00	0.00e+00	0.00e+00	0.00e+00	0.00e+00	0.00e+00	0.00e+00	0.00e+00	0.00e+00	0.00e+00	5.00e+01	0.00e+00	0.00e+00	0.00e+00	0.00e+00	5.00e+01	1.00e+00
run_01_952	1.95e+03	1.00e+02	3.51e+00	1.70e+01	2.76e-28	4.33e+00	0.00e+00	0.00e+00	0.00e+00	0.00e+00	0.00e+00	0.00e+00	0.00e+00	0.00e+00	0.00e+00	0.00e+00	0.00e+00	4.57e+01	4.33e+00	0.00e+00	0.00e+00	0.00e+00	4.57e+01	1.00e+00
run_01_953	1.95e+03	1.50e+02	1.17e+00	1.80e+01	8.75e-28	1.72e+01	0.00e+00	0.00e+00	0.00e+00	0.00e+00	0.00e+00	0.00e+00	0.00e+00	0.00e+00	0.00e+00	0.00e+00	0.00e+00	3.28e+01	1.72e+01	0.00e+00	0.00e+00	0.00e+00	3.28e+01	1.00e+00
run_01_954	1.95e+03	2.00e+02	5.86e-01	2.00e+01	1.81e-27	2.10e+01	0.00e+00	0.00e+00	0.00e+00	0.00e+00	0.00e+00	0.00e+00	0.00e+00	0.00e+00	0.00e+00	0.00e+00	0.00e+00	2.90e+01	2.10e+01	0.00e+00	0.00e+00	0.00e+00	2.90e+01	1.00e+00
run_01_955	1.95e+03	2.50e+02	3.48e-01	2.00e+01	3.15e-27	2.26e+01	0.00e+00	0.00e+00	0.00e+00	0.00e+00	0.00e+00	0.00e+00	0.00e+00	0.00e+00	0.00e+00	0.00e+00	0.00e+00	2.74e+01	2.26e+01	0.00e+00	0.00e+00	0.00e+00	2.74e+01	1.00e+00
run_01_956	1.95e+03	3.00e+02	2.25e-01	2.10e+01	4.98e-27	2.34e+01	0.00e+00	0.00e+00	0.00e+00	0.00e+00	0.00e+00	0.00e+00	0.00e+00	0.00e+00	0.00e+00	0.00e+00	0.00e+00	2.66e+01	2.34e+01	0.00e+00	0.00e+00	0.00e+00	2.66e+01	1.00e+00
run_01_957	1.95e+03	3.50e+02	1.53e-01	2.10e+01	7.49e-27	2.38e+01	0.00e+00	0.00e+00	0.00e+00	0.00e+00	0.00e+00	0.00e+00	0.00e+00	0.00e+00	0.00e+00	0.00e+00	0.00e+00	2.62e+01	2.38e+01	0.00e+00	0.00e+00	0.00e+00	2.62e+01	1.00e+00
run_01_958	1.95e+03	4.00e+02	1.07e-01	2.20e+01	1.09e-26	2.41e+01	0.00e+00	0.00e+00	0.00e+00	0.00e+00	0.00e+00	0.00e+00	0.00e+00	0.00e+00	0.00e+00	0.00e+00	0.00e+00	2.59e+01	2.41e+01	0.00e+00	0.00e+00	0.00e+00	2.59e+01	8.95e-01
run_01_959	1.95e+03	4.50e+02	7.63e-02	2.20e+01	1.57e-26	2.43e+01	0.00e+00	0.00e+00	0.00e+00	0.00e+00	0.00e+00	0.00e+00	0.00e+00	0.00e+00	0.00e+00	0.00e+00	0.00e+00	2.57e+01	2.43e+01	0.00e+00	0.00e+00	0.00e+00	2.57e+01	6.36e-01
run_01_960	1.95e+03	5.00e+02	5.45e-02	2.30e+01	2.25e-26	2.44e+01	0.00e+00	0.00e+00	0.00e+00	0.00e+00	0.00e+00	0.00e+00	0.00e+00	0.00e+00	0.00e+00	0.00e+00	0.00e+00	2.56e+01	2.44e+01	0.00e+00	0.00e+00	0.00e+00	2.56e+01	4.54e-01
run_01_961	1.95e+03	5.50e+02	3.87e-02	2.30e+01	3.26e-26	2.45e+01	0.00e+00	0.00e+00	0.00e+00	0.00e+00	0.00e+00	0.00e+00	0.00e+00	0.00e+00	0.00e+00	0.00e+00	0.00e+00	2.55e+01	2.45e+01	0.00e+00	0.00e+00	0.00e+00	2.55e+01	3.22e-01
run_01_962	1.95e+03	6.00e+02	2.71e-02	2.40e+01	4.77e-26	2.46e+01	0.00e+00	0.00e+00	0.00e+00	0.00e+00	0.00e+00	0.00e+00	0.00e+00	0.00e+00	0.00e+00	0.00e+00	0.00e+00	2.54e+01	2.46e+01	0.00e+00	0.00e+00	0.00e+00	2.54e+01	2.26e-01
run_01_963	1.95e+03	6.50e+02	1.85e-02	2.40e+01	7.25e-26	2.47e+01	0.00e+00	0.00e+00	0.00e+00	0.00e+00	0.00e+00	0.00e+00	0.00e+00	0.00e+00	0.00e+00	0.00e+00	0.00e+00	2.53e+01	2.47e+01	0.00e+00	0.00e+00	0.00e+00	2.53e+01	1.54e-01
run_01_964	1.95e+03	7.00e+02	1.21e-02	2.50e+01	1.15e-25	2.47e+01	0.00e+00	0.00e+00	0.00e+00	0.00e+00	0.00e+00	0.00e+00	0.00e+00	0.00e+00	0.00e+00	0.00e+00	0.00e+00	2.53e+01	2.47e+01	0.00e+00	0.00e+00	0.00e+00	2.53e+01	1.01e-01
run_01_965	1.95e+03	7.50e+02	7.41e-03	2.50e+01	2.03e-25	2.48e+01	0.00e+00	0.00e+00	0.00e+00	0.00e+00	0.00e+00	0.00e+00	0.00e+00	0.00e+00	0.00e+00	0.00e+00	0.00e+00	2.52e+01	2.48e+01	0.00e+00	0.00e+00	0.00e+00	2.52e+01	6.18e-02
run_01_966	1.95e+03	8.00e+02	4.06e-03	2.60e+01	4.58e-25	2.48e+01	0.00e+00	0.00e+00	0.00e+00	0.00e+00	0.00e+00	0.00e+00	0.00e+00	0.00e+00	0.00e+00	0.00e+00	0.00e+00	2.52e+01	2.48e+01	0.00e+00	0.00e+00	0.00e+00	2.52e+01	3.38e-02
run_01_967	1.95e+03	8.50e+02	1.68e-03	2.70e+01	2.24e-24	2.48e+01	0.00e+00	0.00e+00	0.00e+00	0.00e+00	0.00e+00	0.00e+00	0.00e+00	0.00e+00	0.00e+00	0.00e+00	0.00e+00	2.52e+01	2.48e+01	0.00e+00	0.00e+00	0.00e+00	2.52e+01	1.40e-02
run_01_968	1.95e+03	9.00e+02	2.93e-04	3.00e+01	1.97e-23	2.48e+01	0.00e+00	0.00e+00	0.00e+00	0.00e+00	0.00e+00	0.00e+00	0.00e+00	0.00e+00	0.00e+00	0.00e+00	0.00e+00	2.52e+01	2.48e+01	0.00e+00	0.00e+00	0.00e+00	2.52e+01	2.44e-03
run_01_969	1.95e+03	9.50e+02	1.29e-05	3.20e+01	2.24e-22	2.48e+01	0.00e+00	0.00e+00	0.00e+00	0.00e+00	0.00e+00	0.00e+00	0.00e+00	0.00e+00	0.00e+00	0.00e+00	0.00e+00	2.52e+01	2.48e+01	0.00e+00	0.00e+00	0.00e+00	2.52e+01	1.07e-04
run_01_970	1.95e+03	1.00e+03	1.54e-04	2.90e+01	5.78e-24	2.49e+01	0.00e+00	0.00e+00	0.00e+00	0.00e+00	0.00e+00	0.00e+00	0.00e+00	0.00e+00	0.00e+00	0.00e+00	0.00e+00	2.51e+01	2.49e+01	0.00e+00	0.00e+00	0.00e+00	2.51e+01	1.28e-03
run_01_971	1.95e+03	1.05e+03	9.16e-04	2.80e+01	1.15e-24	2.49e+01	0.00e+00	0.00e+00	0.00e+00	0.00e+00	0.00e+00	0.00e+00	0.00e+00	0.00e+00	0.00e+00	0.00e+00	0.00e+00	2.51e+01	2.49e+01	0.00e+00	0.00e+00	0.00e+00	2.51e+01	7.64e-03
run_01_972	1.95e+03	1.10e+03	2.17e-03	2.70e+01	5.02e-25	2.49e+01	0.00e+00	0.00e+00	0.00e+00	0.00e+00	0.00e+00	0.00e+00	0.00e+00	0.00e+00	0.00e+00	0.00e+00	0.00e+00	2.51e+01	2.49e+01	0.00e+00	0.00e+00	0.00e+00	2.51e+01	1.81e-02
run_01_973	1.95e+03	1.15e+03	3.83e-03	2.60e+01	2.86e-25	2.49e+01	0.00e+00	0.00e+00	0.00e+00	0.00e+00	0.00e+00	0.00e+00	0.00e+00	0.00e+00	0.00e+00	0.00e+00	0.00e+00	2.51e+01	2.49e+01	0.00e+00	0.00e+00	0.00e+00	2.51e+01	3.19e-02
run_01_974	1.95e+03	1.20e+03	5.84e-03	2.60e+01	1.90e-25	2.49e+01	0.00e+00	0.00e+00	0.00e+00	0.00e+00	0.00e+00	0.00e+00	0.00e+00	0.00e+00	0.00e+00	0.00e+00	0.00e+00	2.51e+01	2.49e+01	0.00e+00	0.00e+00	0.00e+00	2.51e+01	4.87e-02
run_01_975	1.95e+03	1.25e+03	8.17e-03	2.60e+01	1.36e-25	2.49e+01	0.00e+00	0.00e+00	0.00e+00	0.00e+00	0.00e+00	0.00e+00	0.00e+00	0.00e+00	0.00e+00	0.00e+00	0.00e+00	2.51e+01	2.49e+01	0.00e+00	0.00e+00	0.00e+00	2.51e+01	6.81e-02
run_01_976	2.00e+03	5.00e+01	1.60e+01	1.50e+01	5.34e-29	0.00e+00	0.00e+00	0.00e+00	0.00e+00	0.00e+00	0.00e+00	0.00e+00	0.00e+00	0.00e+00	0.00e+00	0.00e+00	0.00e+00	5.00e+01	0.00e+00	0.00e+00	0.00e+00	0.00e+00	5.00e+01	1.00e+00
run_01_977	2.00e+03	1.00e+02	3.87e+00	1.70e+01	2.49e-28	4.33e+00	0.00e+00	0.00e+00	0.00e+00	0.00e+00	0.00e+00	0.00e+00	0.00e+00	0.00e+00	0.00e+00	0.00e+00	0.00e+00	4.57e+01	4.33e+00	0.00e+00	0.00e+00	0.00e+00	4.57e+01	1.00e+00
run_01_978	2.00e+03	1.50e+02	1.29e+00	1.80e+01	7.88e-28	1.72e+01	0.00e+00	0.00e+00	0.00e+00	0.00e+00	0.00e+00	0.00e+00	0.00e+00	0.00e+00	0.00e+00	0.00e+00	0.00e+00	3.28e+01	1.72e+01	0.00e+00	0.00e+00	0.00e+00	3.28e+01	1.00e+00
run_01_979	2.00e+03	2.00e+02	6.48e-01	1.90e+01	1.63e-27	2.10e+01	0.00e+00	0.00e+00	0.00e+00	0.00e+00	0.00e+00	0.00e+00	0.00e+00	0.00e+00	0.00e+00	0.00e+00	0.00e+00	2.90e+01	2.10e+01	0.00e+00	0.00e+00	0.00e+00	2.90e+01	1.00e+00
run_01_980	2.00e+03	2.50e+02	3.86e-01	2.00e+01	2.82e-27	2.26e+01	0.00e+00	0.00e+00	0.00e+00	0.00e+00	0.00e+00	0.00e+00	0.00e+00	0.00e+00	0.00e+00	0.00e+00	0.00e+00	2.74e+01	2.26e+01	0.00e+00	0.00e+00	0.00e+00	2.74e+01	1.00e+00
run_01_981	2.00e+03	3.00e+02	2.51e-01	2.10e+01	4.45e-27	2.34e+01	0.00e+00	0.00e+00	0.00e+00	0.00e+00	0.00e+00	0.00e+00	0.00e+00	0.00e+00	0.00e+00	0.00e+00	0.00e+00	2.66e+01	2.34e+01	0.00e+00	0.00e+00	0.00e+00	2.66e+01	1.00e+00
run_01_982	2.00e+03	3.50e+02	1.71e-01	2.10e+01	6.67e-27	2.38e+01	0.00e+00	0.00e+00	0.00e+00	0.00e+00	0.00e+00	0.00e+00	0.00e+00	0.00e+00	0.00e+00	0.00e+00	0.00e+00	2.62e+01	2.38e+01	0.00e+00	0.00e+00	0.00e+00	2.62e+01	1.00e+00
run_01_983	2.00e+03	4.00e+02	1.21e-01	2.20e+01	9.67e-27	2.41e+01	0.00e+00	0.00e+00	0.00e+00	0.00e+00	0.00e+00	0.00e+00	0.00e+00	0.00e+00	0.00e+00	0.00e+00	0.00e+00	2.59e+01	2.41e+01	0.00e+00	0.00e+00	0.00e+00	2.59e+01	1.00e+00
run_01_984	2.00e+03	4.50e+02	8.63e-02	2.20e+01	1.38e-26	2.43e+01	0.00e+00	0.00e+00	0.00e+00	0.00e+00	0.00e+00	0.00e+00	0.00e+00	0.00e+00	0.00e+00	0.00e+00	0.00e+00	2.57e+01	2.43e+01	0.00e+00	0.00e+00	0.00e+00	2.57e+01	7.20e-01
run_01_985	2.00e+03	5.00e+02	6.22e-02	2.30e+01	1.96e-26	2.44e+01	0.00e+00	0.00e+00	0.00e+00	0.00e+00	0.00e+00	0.00e+00	0.00e+00	0.00e+00	0.00e+00	0.00e+00	0.00e+00	2.56e+01	2.44e+01	0.00e+00	0.00e+00	0.00e+00	2.56e+01	5.18e-01
run_01_986	2.00e+03	5.50e+02	4.46e-02	2.30e+01	2.80e-26	2.45e+01	0.00e+00	0.00e+00	0.00e+00	0.00e+00	0.00e+00	0.00e+00	0.00e+00	0.00e+00	0.00e+00	0.00e+00	0.00e+00	2.55e+01	2.45e+01	0.00e+00	0.00e+00	0.00e+00	2.55e+01	3.72e-01
run_01_987	2.00e+03	6.00e+02	3.17e-02	2.40e+01	4.03e-26	2.46e+01	0.00e+00	0.00e+00	0.00e+00	0.00e+00	0.00e+00	0.00e+00	0.00e+00	0.00e+00	0.00e+00	0.00e+00	0.00e+00	2.54e+01	2.46e+01	0.00e+00	0.00e+00	0.00e+00	2.54e+01	2.64e-01
run_01_988	2.00e+03	6.50e+02	2.20e-02	2.40e+01	5.99e-26	2.47e+01	0.00e+00	0.00e+00	0.00e+00	0.00e+00	0.00e+00	0.00e+00	0.00e+00	0.00e+00	0.00e+00	0.00e+00	0.00e+00	2.53e+01	2.47e+01	0.00e+00	0.00e+00	0.00e+00	2.53e+01	1.84e-01
run_01_989	2.00e+03	7.00e+02	1.48e-02	2.50e+01	9.22e-26	2.47e+01	0.00e+00	0.00e+00	0.00e+00	0.00e+00	0.00e+00	0.00e+00	0.00e+00	0.00e+00	0.00e+00	0.00e+00	0.00e+00	2.53e+01	2.47e+01	0.00e+00	0.00e+00	0.00e+00	2.53e+01	1.23e-01
run_01_990	2.00e+03	7.50e+02	9.44e-03	2.50e+01	1.53e-25	2.48e+01	0.00e+00	0.00e+00	0.00e+00	0.00e+00	0.00e+00	0.00e+00	0.00e+00	0.00e+00	0.00e+00	0.00e+00	0.00e+00	2.52e+01	2.48e+01	0.00e+00	0.00e+00	0.00e+00	2.52e+01	7.86e-02
run_01_991	2.00e+03	8.00e+02	5.52e-03	2.60e+01	2.94e-25	2.48e+01	0.00e+00	0.00e+00	0.00e+00	0.00e+00	0.00e+00	0.00e+00	0.00e+00	0.00e+00	0.00e+00	0.00e+00	0.00e+00	2.52e+01	2.48e+01	0.00e+00	0.00e+00	0.00e+00	2.52e+01	4.60e-02
run_01_992	2.00e+03	8.50e+02	2.72e-03	2.70e+01	9.14e-25	2.48e+01	0.00e+00	0.00e+00	0.00e+00	0.00e+00	0.00e+00	0.00e+00	0.00e+00	0.00e+00	0.00e+00	0.00e+00	0.00e+00	2.52e+01	2.48e+01	0.00e+00	0.00e+00	0.00e+00	2.52e+01	2.26e-02
run_01_993	2.00e+03	9.00e+02	7.92e-04	2.80e+01	7.14e-24	2.48e+01	0.00e+00	0.00e+00	0.00e+00	0.00e+00	0.00e+00	0.00e+00	0.00e+00	0.00e+00	0.00e+00	0.00e+00	0.00e+00	2.52e+01	2.48e+01	0.00e+00	0.00e+00	0.00e+00	2.52e+01	6.60e-03
run_01_994	2.00e+03	9.50e+02	6.88e-05	3.10e+01	7.25e-23	2.48e+01	0.00e+00	0.00e+00	0.00e+00	0.00e+00	0.00e+00	0.00e+00	0.00e+00	0.00e+00	0.00e+00	0.00e+00	0.00e+00	2.52e+01	2.48e+01	0.00e+00	0.00e+00	0.00e+00	2.52e+01	5.73e-04
run_01_995	2.00e+03	1.00e+03	3.86e-06	3.30e+01	1.35e-22	2.49e+01	0.00e+00	0.00e+00	0.00e+00	0.00e+00	0.00e+00	0.00e+00	0.00e+00	0.00e+00	0.00e+00	0.00e+00	0.00e+00	2.51e+01	2.49e+01	0.00e+00	0.00e+00	0.00e+00	2.51e+01	3.21e-05
run_01_996	2.00e+03	1.05e+03	4.71e-04	2.80e+01	2.10e-24	2.49e+01	0.00e+00	0.00e+00	0.00e+00	0.00e+00	0.00e+00	0.00e+00	0.00e+00	0.00e+00	0.00e+00	0.00e+00	0.00e+00	2.51e+01	2.49e+01	0.00e+00	0.00e+00	0.00e+00	2.51e+01	3.92e-03
run_01_997	2.00e+03	1.10e+03	1.50e-03	2.70e+01	7.11e-25	2.49e+01	0.00e+00	0.00e+00	0.00e+00	0.00e+00	0.00e+00	0.00e+00	0.00e+00	0.00e+00	0.00e+00	0.00e+00	0.00e+00	2.51e+01	2.49e+01	0.00e+00	0.00e+00	0.00e+00	2.51e+01	1.25e-02
run_01_998	2.00e+03	1.15e+03	2.97e-03	2.70e+01	3.70e-25	2.49e+01	0.00e+00	0.00e+00	0.00e+00	0.00e+00	0.00e+00	0.00e+00	0.00e+00	0.00e+00	0.00e+00	0.00e+00	0.00e+00	2.51e+01	2.49e+01	0.00e+00	0.00e+00	0.00e+00	2.51e+01	2.47e-02
run_01_999	2.00e+03	1.20e+03	4.82e-03	2.60e+01	2.28e-25	2.49e+01	0.00e+00	0.00e+00	0.00e+00	0.00e+00	0.00e+00	0.00e+00	0.00e+00	0.00e+00	0.00e+00	0.00e+00	0.00e+00	2.51e+01	2.49e+01	0.00e+00	0.00e+00	0.00e+00	2.51e+01	4.02e-02
run_01_1000	2.00e+03	1.25e+03	7.01e-03	2.60e+01	1.58e-25	2.49e+01	0.00e+00	0.00e+00	0.00e+00	0.00e+00	0.00e+00	0.00e+00	0.00e+00	0.00e+00	0.00e+00	0.00e+00	0.00e+00	2.51e+01	2.49e+01	0.00e+00	0.00e+00	0.00e+00	2.51e+01	5.84e-02
run_01_1001	2.05e+03	5.00e+01	1.75e+01	1.50e+01	4.84e-29	0.00e+00	0.00e+00	0.00e+00	0.00e+00	0.00e+00	0.00e+00	0.00e+00	0.00e+00	0.00e+00	0.00e+00	0.00e+00	0.00e+00	5.00e+01	0.00e+00	0.00e+00	0.00e+00	0.00e+00	5.00e+01	1.00e+00
run_01_1002	2.05e+03	1.00e+02	4.25e+00	1.70e+01	2.26e-28	4.33e+00	0.00e+00	0.00e+00	0.00e+00	0.00e+00	0.00e+00	0.00e+00	0.00e+00	0.00e+00	0.00e+00	0.00e+00	0.00e+00	4.57e+01	4.33e+00	0.00e+00	0.00e+00	0.00e+00	4.57e+01	1.00e+00
run_01_1003	2.05e+03	1.50e+02	1.42e+00	1.80e+01	7.12e-28	1.72e+01	0.00e+00	0.00e+00	0.00e+00	0.00e+00	0.00e+00	0.00e+00	0.00e+00	0.00e+00	0.00e+00	0.00e+00	0.00e+00	3.28e+01	1.72e+01	0.00e+00	0.00e+00	0.00e+00	3.28e+01	1.00e+00
run_01_1004	2.05e+03	2.00e+02	7.15e-01	1.90e+01	1.47e-27	2.10e+01	0.00e+00	0.00e+00	0.00e+00	0.00e+00	0.00e+00	0.00e+00	0.00e+00	0.00e+00	0.00e+00	0.00e+00	0.00e+00	2.90e+01	2.10e+01	0.00e+00	0.00e+00	0.00e+00	2.90e+01	1.00e+00
run_01_1005	2.05e+03	2.50e+02	4.26e-01	2.00e+01	2.54e-27	2.26e+01	0.00e+00	0.00e+00	0.00e+00	0.00e+00	0.00e+00	0.00e+00	0.00e+00	0.00e+00	0.00e+00	0.00e+00	0.00e+00	2.74e+01	2.26e+01	0.00e+00	0.00e+00	0.00e+00	2.74e+01	1.00e+00
run_01_1006	2.05e+03	3.00e+02	2.78e-01	2.10e+01	3.99e-27	2.34e+01	0.00e+00	0.00e+00	0.00e+00	0.00e+00	0.00e+00	0.00e+00	0.00e+00	0.00e+00	0.00e+00	0.00e+00	0.00e+00	2.66e+01	2.34e+01	0.00e+00	0.00e+00	0.00e+00	2.66e+01	1.00e+00
run_01_1007	2.05e+03	3.50e+02	1.91e-01	2.10e+01	5.95e-27	2.38e+01	0.00e+00	0.00e+00	0.00e+00	0.00e+00	0.00e+00	0.00e+00	0.00e+00	0.00e+00	0.00e+00	0.00e+00	0.00e+00	2.62e+01	2.38e+01	0.00e+00	0.00e+00	0.00e+00	2.62e+01	1.00e+00
run_01_1008	2.05e+03	4.00e+02	1.35e-01	2.20e+01	8.58e-27	2.41e+01	0.00e+00	0.00e+00	0.00e+00	0.00e+00	0.00e+00	0.00e+00	0.00e+00	0.00e+00	0.00e+00	0.00e+00	0.00e+00	2.59e+01	2.41e+01	0.00e+00	0.00e+00	0.00e+00	2.59e+01	1.00e+00
run_01_1009	2.05e+03	4.50e+02	9.72e-02	2.20e+01	1.22e-26	2.43e+01	0.00e+00	0.00e+00	0.00e+00	0.00e+00	0.00e+00	0.00e+00	0.00e+00	0.00e+00	0.00e+00	0.00e+00	0.00e+00	2.57e+01	2.43e+01	0.00e+00	0.00e+00	0.00e+00	2.57e+01	8.10e-01
run_01_1010	2.05e+03	5.00e+02	7.05e-02	2.30e+01	1.71e-26	2.44e+01	0.00e+00	0.00e+00	0.00e+00	0.00e+00	0.00e+00	0.00e+00	0.00e+00	0.00e+00	0.00e+00	0.00e+00	0.00e+00	2.56e+01	2.44e+01	0.00e+00	0.00e+00	0.00e+00	2.56e+01	5.88e-01
run_01_1011	2.05e+03	5.50e+02	5.11e-02	2.30e+01	2.42e-26	2.45e+01	0.00e+00	0.00e+00	0.00e+00	0.00e+00	0.00e+00	0.00e+00	0.00e+00	0.00e+00	0.00e+00	0.00e+00	0.00e+00	2.55e+01	2.45e+01	0.00e+00	0.00e+00	0.00e+00	2.55e+01	4.26e-01
run_01_1012	2.05e+03	6.00e+02	3.68e-02	2.30e+01	3.45e-26	2.46e+01	0.00e+00	0.00e+00	0.00e+00	0.00e+00	0.00e+00	0.00e+00	0.00e+00	0.00e+00	0.00e+00	0.00e+00	0.00e+00	2.54e+01	2.46e+01	0.00e+00	0.00e+00	0.00e+00	2.54e+01	3.06e-01
run_01_1013	2.05e+03	6.50e+02	2.60e-02	2.40e+01	5.01e-26	2.47e+01	0.00e+00	0.00e+00	0.00e+00	0.00e+00	0.00e+00	0.00e+00	0.00e+00	0.00e+00	0.00e+00	0.00e+00	0.00e+00	2.53e+01	2.47e+01	0.00e+00	0.00e+00	0.00e+00	2.53e+01	2.16e-01
run_01_1014	2.05e+03	7.00e+02	1.78e-02	2.40e+01	7.57e-26	2.47e+01	0.00e+00	0.00e+00	0.00e+00	0.00e+00	0.00e+00	0.00e+00	0.00e+00	0.00e+00	0.00e+00	0.00e+00	0.00e+00	2.53e+01	2.47e+01	0.00e+00	0.00e+00	0.00e+00	2.53e+01	1.49e-01
run_01_1015	2.05e+03	7.50e+02	1.17e-02	2.50e+01	1.20e-25	2.48e+01	0.00e+00	0.00e+00	0.00e+00	0.00e+00	0.00e+00	0.00e+00	0.00e+00	0.00e+00	0.00e+00	0.00e+00	0.00e+00	2.52e+01	2.48e+01	0.00e+00	0.00e+00	0.00e+00	2.52e+01	9.79e-02
run_01_1016	2.05e+03	8.00e+02	7.23e-03	2.50e+01	2.14e-25	2.48e+01	0.00e+00	0.00e+00	0.00e+00	0.00e+00	0.00e+00	0.00e+00	0.00e+00	0.00e+00	0.00e+00	0.00e+00	0.00e+00	2.52e+01	2.48e+01	0.00e+00	0.00e+00	0.00e+00	2.52e+01	6.02e-02
run_01_1017	2.05e+03	8.50e+02	3.95e-03	2.60e+01	5.17e-25	2.48e+01	0.00e+00	0.00e+00	0.00e+00	0.00e+00	0.00e+00	0.00e+00	0.00e+00	0.00e+00	0.00e+00	0.00e+00	0.00e+00	2.52e+01	2.48e+01	0.00e+00	0.00e+00	0.00e+00	2.52e+01	3.29e-02
run_01_1018	2.05e+03	9.00e+02	1.58e-03	2.80e+01	2.41e-24	2.48e+01	0.00e+00	0.00e+00	0.00e+00	0.00e+00	0.00e+00	0.00e+00	0.00e+00	0.00e+00	0.00e+00	0.00e+00	0.00e+00	2.52e+01	2.48e+01	0.00e+00	0.00e+00	0.00e+00	2.52e+01	1.32e-02
run_01_1019	2.05e+03	9.50e+02	2.62e-04	3.00e+01	2.27e-23	2.48e+01	0.00e+00	0.00e+00	0.00e+00	0.00e+00	0.00e+00	0.00e+00	0.00e+00	0.00e+00	0.00e+00	0.00e+00	0.00e+00	2.52e+01	2.48e+01	0.00e+00	0.00e+00	0.00e+00	2.52e+01	2.18e-03
run_01_1020	2.05e+03	1.00e+03	1.24e-05	3.20e+01	2.23e-22	2.49e+01	0.00e+00	0.00e+00	0.00e+00	0.00e+00	0.00e+00	0.00e+00	0.00e+00	0.00e+00	0.00e+00	0.00e+00	0.00e+00	2.51e+01	2.49e+01	0.00e+00	0.00e+00	0.00e+00	2.51e+01	1.03e-04
run_01_1021	2.05e+03	1.05e+03	1.57e-04	2.90e+01	5.59e-24	2.49e+01	0.00e+00	0.00e+00	0.00e+00	0.00e+00	0.00e+00	0.00e+00	0.00e+00	0.00e+00	0.00e+00	0.00e+00	0.00e+00	2.51e+01	2.49e+01	0.00e+00	0.00e+00	0.00e+00	2.51e+01	1.31e-03
run_01_1022	2.05e+03	1.10e+03	9.27e-04	2.80e+01	1.12e-24	2.49e+01	0.00e+00	0.00e+00	0.00e+00	0.00e+00	0.00e+00	0.00e+00	0.00e+00	0.00e+00	0.00e+00	0.00e+00	0.00e+00	2.51e+01	2.49e+01	0.00e+00	0.00e+00	0.00e+00	2.51e+01	7.73e-03
run_01_1023	2.05e+03	1.15e+03	2.19e-03	2.70e+01	4.93e-25	2.49e+01	0.00e+00	0.00e+00	0.00e+00	0.00e+00	0.00e+00	0.00e+00	0.00e+00	0.00e+00	0.00e+00	0.00e+00	0.00e+00	2.51e+01	2.49e+01	0.00e+00	0.00e+00	0.00e+00	2.51e+01	1.83e-02
run_01_1024	2.05e+03	1.20e+03	3.87e-03	2.60e+01	2.81e-25	2.49e+01	0.00e+00	0.00e+00	0.00e+00	0.00e+00	0.00e+00	0.00e+00	0.00e+00	0.00e+00	0.00e+00	0.00e+00	0.00e+00	2.51e+01	2.49e+01	0.00e+00	0.00e+00	0.00e+00	2.51e+01	3.23e-02
run_01_1025	2.05e+03	1.25e+03	5.91e-03	2.60e+01	1.86e-25	2.49e+01	0.00e+00	0.00e+00	0.00e+00	0.00e+00	0.00e+00	0.00e+00	0.00e+00	0.00e+00	0.00e+00	0.00e+00	0.00e+00	2.51e+01	2.49e+01	0.00e+00	0.00e+00	0.00e+00	2.51e+01	4.93e-02
run_01_1026	2.10e+03	5.00e+01	1.92e+01	1.40e+01	4.39e-29	0.00e+00	0.00e+00	0.00e+00	0.00e+00	0.00e+00	0.00e+00	0.00e+00	0.00e+00	0.00e+00	0.00e+00	0.00e+00	0.00e+00	5.00e+01	0.00e+00	0.00e+00	0.00e+00	0.00e+00	5.00e+01	1.00e+00
run_01_1027	2.10e+03	1.00e+02	4.66e+00	1.70e+01	2.05e-28	4.33e+00	0.00e+00	0.00e+00	0.00e+00	0.00e+00	0.00e+00	0.00e+00	0.00e+00	0.00e+00	0.00e+00	0.00e+00	0.00e+00	4.57e+01	4.33e+00	0.00e+00	0.00e+00	0.00e+00	4.57e+01	1.00e+00
run_01_1028	2.10e+03	1.50e+02	1.56e+00	1.80e+01	6.46e-28	1.72e+01	0.00e+00	0.00e+00	0.00e+00	0.00e+00	0.00e+00	0.00e+00	0.00e+00	0.00e+00	0.00e+00	0.00e+00	0.00e+00	3.28e+01	1.72e+01	0.00e+00	0.00e+00	0.00e+00	3.28e+01	1.00e+00
run_01_1029	2.10e+03	2.00e+02	7.86e-01	1.90e+01	1.33e-27	2.10e+01	0.00e+00	0.00e+00	0.00e+00	0.00e+00	0.00e+00	0.00e+00	0.00e+00	0.00e+00	0.00e+00	0.00e+00	0.00e+00	2.90e+01	2.10e+01	0.00e+00	0.00e+00	0.00e+00	2.90e+01	1.00e+00
run_01_1030	2.10e+03	2.50e+02	4.70e-01	2.00e+01	2.29e-27	2.26e+01	0.00e+00	0.00e+00	0.00e+00	0.00e+00	0.00e+00	0.00e+00	0.00e+00	0.00e+00	0.00e+00	0.00e+00	0.00e+00	2.74e+01	2.26e+01	0.00e+00	0.00e+00	0.00e+00	2.74e+01	1.00e+00
run_01_1031	2.10e+03	3.00e+02	3.07e-01	2.10e+01	3.59e-27	2.34e+01	0.00e+00	0.00e+00	0.00e+00	0.00e+00	0.00e+00	0.00e+00	0.00e+00	0.00e+00	0.00e+00	0.00e+00	0.00e+00	2.66e+01	2.34e+01	0.00e+00	0.00e+00	0.00e+00	2.66e+01	1.00e+00
run_01_1032	2.10e+03	3.50e+02	2.12e-01	2.10e+01	5.33e-27	2.38e+01	0.00e+00	0.00e+00	0.00e+00	0.00e+00	0.00e+00	0.00e+00	0.00e+00	0.00e+00	0.00e+00	0.00e+00	0.00e+00	2.62e+01	2.38e+01	0.00e+00	0.00e+00	0.00e+00	2.62e+01	1.00e+00
run_01_1033	2.10e+03	4.00e+02	1.51e-01	2.20e+01	7.65e-27	2.41e+01	0.00e+00	0.00e+00	0.00e+00	0.00e+00	0.00e+00	0.00e+00	0.00e+00	0.00e+00	0.00e+00	0.00e+00	0.00e+00	2.59e+01	2.41e+01	0.00e+00	0.00e+00	0.00e+00	2.59e+01	1.00e+00
run_01_1034	2.10e+03	4.50e+02	1.09e-01	2.20e+01	1.08e-26	2.43e+01	0.00e+00	0.00e+00	0.00e+00	0.00e+00	0.00e+00	0.00e+00	0.00e+00	0.00e+00	0.00e+00	0.00e+00	0.00e+00	2.57e+01	2.43e+01	0.00e+00	0.00e+00	0.00e+00	2.57e+01	9.09e-01
run_01_1035	2.10e+03	5.00e+02	7.96e-02	2.20e+01	1.51e-26	2.44e+01	0.00e+00	0.00e+00	0.00e+00	0.00e+00	0.00e+00	0.00e+00	0.00e+00	0.00e+00	0.00e+00	0.00e+00	0.00e+00	2.56e+01	2.44e+01	0.00e+00	0.00e+00	0.00e+00	2.56e+01	6.64e-01
run_01_1036	2.10e+03	5.50e+02	5.82e-02	2.30e+01	2.11e-26	2.45e+01	0.00e+00	0.00e+00	0.00e+00	0.00e+00	0.00e+00	0.00e+00	0.00e+00	0.00e+00	0.00e+00	0.00e+00	0.00e+00	2.55e+01	2.45e+01	0.00e+00	0.00e+00	0.00e+00	2.55e+01	4.85e-01
run_01_1037	2.10e+03	6.00e+02	4.23e-02	2.30e+01	2.97e-26	2.46e+01	0.00e+00	0.00e+00	0.00e+00	0.00e+00	0.00e+00	0.00e+00	0.00e+00	0.00e+00	0.00e+00	0.00e+00	0.00e+00	2.54e+01	2.46e+01	0.00e+00	0.00e+00	0.00e+00	2.54e+01	3.53e-01
run_01_1038	2.10e+03	6.50e+02	3.03e-02	2.40e+01	4.24e-26	2.47e+01	0.00e+00	0.00e+00	0.00e+00	0.00e+00	0.00e+00	0.00e+00	0.00e+00	0.00e+00	0.00e+00	0.00e+00	0.00e+00	2.53e+01	2.47e+01	0.00e+00	0.00e+00	0.00e+00	2.53e+01	2.53e-01
run_01_1039	2.10e+03	7.00e+02	2.13e-02	2.40e+01	6.26e-26	2.47e+01	0.00e+00	0.00e+00	0.00e+00	0.00e+00	0.00e+00	0.00e+00	0.00e+00	0.00e+00	0.00e+00	0.00e+00	0.00e+00	2.53e+01	2.47e+01	0.00e+00	0.00e+00	0.00e+00	2.53e+01	1.77e-01
run_01_1040	2.10e+03	7.50e+02	1.44e-02	2.50e+01	9.59e-26	2.48e+01	0.00e+00	0.00e+00	0.00e+00	0.00e+00	0.00e+00	0.00e+00	0.00e+00	0.00e+00	0.00e+00	0.00e+00	0.00e+00	2.52e+01	2.48e+01	0.00e+00	0.00e+00	0.00e+00	2.52e+01	1.20e-01
run_01_1041	2.10e+03	8.00e+02	9.20e-03	2.50e+01	1.60e-25	2.48e+01	0.00e+00	0.00e+00	0.00e+00	0.00e+00	0.00e+00	0.00e+00	0.00e+00	0.00e+00	0.00e+00	0.00e+00	0.00e+00	2.52e+01	2.48e+01	0.00e+00	0.00e+00	0.00e+00	2.52e+01	7.66e-02
run_01_1042	2.10e+03	8.50e+02	5.39e-03	2.60e+01	3.17e-25	2.48e+01	0.00e+00	0.00e+00	0.00e+00	0.00e+00	0.00e+00	0.00e+00	0.00e+00	0.00e+00	0.00e+00	0.00e+00	0.00e+00	2.52e+01	2.48e+01	0.00e+00	0.00e+00	0.00e+00	2.52e+01	4.49e-02
run_01_1043	2.10e+03	9.00e+02	2.61e-03	2.70e+01	1.10e-24	2.48e+01	0.00e+00	0.00e+00	0.00e+00	0.00e+00	0.00e+00	0.00e+00	0.00e+00	0.00e+00	0.00e+00	0.00e+00	0.00e+00	2.52e+01	2.48e+01	0.00e+00	0.00e+00	0.00e+00	2.52e+01	2.18e-02
run_01_1044	2.10e+03	9.50e+02	7.19e-04	2.90e+01	7.62e-24	2.48e+01	0.00e+00	0.00e+00	0.00e+00	0.00e+00	0.00e+00	0.00e+00	0.00e+00	0.00e+00	0.00e+00	0.00e+00	0.00e+00	2.52e+01	2.48e+01	0.00e+00	0.00e+00	0.00e+00	2.52e+01	5.99e-03
run_01_1045	2.10e+03	1.00e+03	6.27e-05	3.10e+01	7.77e-23	2.49e+01	0.00e+00	0.00e+00	0.00e+00	0.00e+00	0.00e+00	0.00e+00	0.00e+00	0.00e+00	0.00e+00	0.00e+00	0.00e+00	2.51e+01	2.49e+01	0.00e+00	0.00e+00	0.00e+00	2.51e+01	5.23e-04
run_01_1046	2.10e+03	1.05e+03	4.00e-06	3.30e+01	1.28e-22	2.49e+01	0.00e+00	0.00e+00	0.00e+00	0.00e+00	0.00e+00	0.00e+00	0.00e+00	0.00e+00	0.00e+00	0.00e+00	0.00e+00	2.51e+01	2.49e+01	0.00e+00	0.00e+00	0.00e+00	2.51e+01	3.33e-05
run_01_1047	2.10e+03	1.10e+03	4.77e-04	2.80e+01	2.05e-24	2.49e+01	0.00e+00	0.00e+00	0.00e+00	0.00e+00	0.00e+00	0.00e+00	0.00e+00	0.00e+00	0.00e+00	0.00e+00	0.00e+00	2.51e+01	2.49e+01	0.00e+00	0.00e+00	0.00e+00	2.51e+01	3.98e-03
run_01_1048	2.10e+03	1.15e+03	1.51e-03	2.70e+01	6.97e-25	2.49e+01	0.00e+00	0.00e+00	0.00e+00	0.00e+00	0.00e+00	0.00e+00	0.00e+00	0.00e+00	0.00e+00	0.00e+00	0.00e+00	2.51e+01	2.49e+01	0.00e+00	0.00e+00	0.00e+00	2.51e+01	1.26e-02
run_01_1049	2.10e+03	1.20e+03	3.00e-03	2.70e+01	3.63e-25	2.49e+01	0.00e+00	0.00e+00	0.00e+00	0.00e+00	0.00e+00	0.00e+00	0.00e+00	0.00e+00	0.00e+00	0.00e+00	0.00e+00	2.51e+01	2.49e+01	0.00e+00	0.00e+00	0.00e+00	2.51e+01	2.50e-02
run_01_1050	2.10e+03	1.25e+03	4.88e-03	2.60e+01	2.24e-25	2.49e+01	0.00e+00	0.00e+00	0.00e+00	0.00e+00	0.00e+00	0.00e+00	0.00e+00	0.00e+00	0.00e+00	0.00e+00	0.00e+00	2.51e+01	2.49e+01	0.00e+00	0.00e+00	0.00e+00	2.51e+01	4.06e-02
run_01_1051	2.15e+03	5.00e+01	2.10e+01	1.40e+01	4.00e-29	0.00e+00	0.00e+00	0.00e+00	0.00e+00	0.00e+00	0.00e+00	0.00e+00	0.00e+00	0.00e+00	0.00e+00	0.00e+00	0.00e+00	5.00e+01	0.00e+00	0.00e+00	0.00e+00	0.00e+00	5.00e+01	1.00e+00
run_01_1052	2.15e+03	1.00e+02	5.10e+00	1.70e+01	1.86e-28	4.33e+00	0.00e+00	0.00e+00	0.00e+00	0.00e+00	0.00e+00	0.00e+00	0.00e+00	0.00e+00	0.00e+00	0.00e+00	0.00e+00	4.57e+01	4.33e+00	0.00e+00	0.00e+00	0.00e+00	4.57e+01	1.00e+00
run_01_1053	2.15e+03	1.50e+02	1.71e+00	1.80e+01	5.86e-28	1.72e+01	0.00e+00	0.00e+00	0.00e+00	0.00e+00	0.00e+00	0.00e+00	0.00e+00	0.00e+00	0.00e+00	0.00e+00	0.00e+00	3.28e+01	1.72e+01	0.00e+00	0.00e+00	0.00e+00	3.28e+01	1.00e+00
run_01_1054	2.15e+03	2.00e+02	8.63e-01	1.90e+01	1.21e-27	2.10e+01	0.00e+00	0.00e+00	0.00e+00	0.00e+00	0.00e+00	0.00e+00	0.00e+00	0.00e+00	0.00e+00	0.00e+00	0.00e+00	2.90e+01	2.10e+01	0.00e+00	0.00e+00	0.00e+00	2.90e+01	1.00e+00
run_01_1055	2.15e+03	2.50e+02	5.17e-01	2.00e+01	2.07e-27	2.26e+01	0.00e+00	0.00e+00	0.00e+00	0.00e+00	0.00e+00	0.00e+00	0.00e+00	0.00e+00	0.00e+00	0.00e+00	0.00e+00	2.74e+01	2.26e+01	0.00e+00	0.00e+00	0.00e+00	2.74e+01	1.00e+00
run_01_1056	2.15e+03	3.00e+02	3.39e-01	2.00e+01	3.24e-27	2.34e+01	0.00e+00	0.00e+00	0.00e+00	0.00e+00	0.00e+00	0.00e+00	0.00e+00	0.00e+00	0.00e+00	0.00e+00	0.00e+00	2.66e+01	2.34e+01	0.00e+00	0.00e+00	0.00e+00	2.66e+01	1.00e+00
run_01_1057	2.15e+03	3.50e+02	2.34e-01	2.10e+01	4.79e-27	2.38e+01	0.00e+00	0.00e+00	0.00e+00	0.00e+00	0.00e+00	0.00e+00	0.00e+00	0.00e+00	0.00e+00	0.00e+00	0.00e+00	2.62e+01	2.38e+01	0.00e+00	0.00e+00	0.00e+00	2.62e+01	1.00e+00
run_01_1058	2.15e+03	4.00e+02	1.67e-01	2.10e+01	6.86e-27	2.41e+01	0.00e+00	0.00e+00	0.00e+00	0.00e+00	0.00e+00	0.00e+00	0.00e+00	0.00e+00	0.00e+00	0.00e+00	0.00e+00	2.59e+01	2.41e+01	0.00e+00	0.00e+00	0.00e+00	2.59e+01	1.00e+00
run_01_1059	2.15e+03	4.50e+02	1.22e-01	2.20e+01	9.60e-27	2.43e+01	0.00e+00	0.00e+00	0.00e+00	0.00e+00	0.00e+00	0.00e+00	0.00e+00	0.00e+00	0.00e+00	0.00e+00	0.00e+00	2.57e+01	2.43e+01	0.00e+00	0.00e+00	0.00e+00	2.57e+01	1.00e+00
run_01_1060	2.15e+03	5.00e+02	8.95e-02	2.20e+01	1.33e-26	2.44e+01	0.00e+00	0.00e+00	0.00e+00	0.00e+00	0.00e+00	0.00e+00	0.00e+00	0.00e+00	0.00e+00	0.00e+00	0.00e+00	2.56e+01	2.44e+01	0.00e+00	0.00e+00	0.00e+00	2.56e+01	7.46e-01
run_01_1061	2.15e+03	5.50e+02	6.60e-02	2.30e+01	1.84e-26	2.45e+01	0.00e+00	0.00e+00	0.00e+00	0.00e+00	0.00e+00	0.00e+00	0.00e+00	0.00e+00	0.00e+00	0.00e+00	0.00e+00	2.55e+01	2.45e+01	0.00e+00	0.00e+00	0.00e+00	2.55e+01	5.50e-01
run_01_1062	2.15e+03	6.00e+02	4.84e-02	2.30e+01	2.57e-26	2.46e+01	0.00e+00	0.00e+00	0.00e+00	0.00e+00	0.00e+00	0.00e+00	0.00e+00	0.00e+00	0.00e+00	0.00e+00	0.00e+00	2.54e+01	2.46e+01	0.00e+00	0.00e+00	0.00e+00	2.54e+01	4.04e-01
run_01_1063	2.15e+03	6.50e+02	3.51e-02	2.40e+01	3.62e-26	2.47e+01	0.00e+00	0.00e+00	0.00e+00	0.00e+00	0.00e+00	0.00e+00	0.00e+00	0.00e+00	0.00e+00	0.00e+00	0.00e+00	2.53e+01	2.47e+01	0.00e+00	0.00e+00	0.00e+00	2.53e+01	2.93e-01
run_01_1064	2.15e+03	7.00e+02	2.50e-02	2.40e+01	5.24e-26	2.47e+01	0.00e+00	0.00e+00	0.00e+00	0.00e+00	0.00e+00	0.00e+00	0.00e+00	0.00e+00	0.00e+00	0.00e+00	0.00e+00	2.53e+01	2.47e+01	0.00e+00	0.00e+00	0.00e+00	2.53e+01	2.09e-01
run_01_1065	2.15e+03	7.50e+02	1.73e-02	2.40e+01	7.88e-26	2.48e+01	0.00e+00	0.00e+00	0.00e+00	0.00e+00	0.00e+00	0.00e+00	0.00e+00	0.00e+00	0.00e+00	0.00e+00	0.00e+00	2.52e+01	2.48e+01	0.00e+00	0.00e+00	0.00e+00	2.52e+01	1.44e-01
run_01_1066	2.15e+03	8.00e+02	1.14e-02	2.50e+01	1.25e-25	2.48e+01	0.00e+00	0.00e+00	0.00e+00	0.00e+00	0.00e+00	0.00e+00	0.00e+00	0.00e+00	0.00e+00	0.00e+00	0.00e+00	2.52e+01	2.48e+01	0.00e+00	0.00e+00	0.00e+00	2.52e+01	9.54e-02
run_01_1067	2.15e+03	8.50e+02	7.06e-03	2.60e+01	2.20e-25	2.48e+01	0.00e+00	0.00e+00	0.00e+00	0.00e+00	0.00e+00	0.00e+00	0.00e+00	0.00e+00	0.00e+00	0.00e+00	0.00e+00	2.52e+01	2.48e+01	0.00e+00	0.00e+00	0.00e+00	2.52e+01	5.88e-02
run_01_1068	2.15e+03	9.00e+02	3.83e-03	2.60e+01	5.95e-25	2.48e+01	0.00e+00	0.00e+00	0.00e+00	0.00e+00	0.00e+00	0.00e+00	0.00e+00	0.00e+00	0.00e+00	0.00e+00	0.00e+00	2.52e+01	2.48e+01	0.00e+00	0.00e+00	0.00e+00	2.52e+01	3.19e-02
run_01_1069	2.15e+03	9.50e+02	1.48e-03	2.80e+01	2.93e-24	2.48e+01	0.00e+00	0.00e+00	0.00e+00	0.00e+00	0.00e+00	0.00e+00	0.00e+00	0.00e+00	0.00e+00	0.00e+00	0.00e+00	2.52e+01	2.48e+01	0.00e+00	0.00e+00	0.00e+00	2.52e+01	1.24e-02
run_01_1070	2.15e+03	1.00e+03	2.33e-04	3.00e+01	2.59e-23	2.49e+01	0.00e+00	0.00e+00	0.00e+00	0.00e+00	0.00e+00	0.00e+00	0.00e+00	0.00e+00	0.00e+00	0.00e+00	0.00e+00	2.51e+01	2.49e+01	0.00e+00	0.00e+00	0.00e+00	2.51e+01	1.94e-03
run_01_1071	2.15e+03	1.05e+03	1.19e-05	3.30e+01	2.25e-22	2.49e+01	0.00e+00	0.00e+00	0.00e+00	0.00e+00	0.00e+00	0.00e+00	0.00e+00	0.00e+00	0.00e+00	0.00e+00	0.00e+00	2.51e+01	2.49e+01	0.00e+00	0.00e+00	0.00e+00	2.51e+01	9.90e-05
run_01_1072	2.15e+03	1.10e+03	1.59e-04	2.90e+01	5.42e-24	2.49e+01	0.00e+00	0.00e+00	0.00e+00	0.00e+00	0.00e+00	0.00e+00	0.00e+00	0.00e+00	0.00e+00	0.00e+00	0.00e+00	2.51e+01	2.49e+01	0.00e+00	0.00e+00	0.00e+00	2.51e+01	1.33e-03
run_01_1073	2.15e+03	1.15e+03	9.38e-04	2.80e+01	1.10e-24	2.49e+01	0.00e+00	0.00e+00	0.00e+00	0.00e+00	0.00e+00	0.00e+00	0.00e+00	0.00e+00	0.00e+00	0.00e+00	0.00e+00	2.51e+01	2.49e+01	0.00e+00	0.00e+00	0.00e+00	2.51e+01	7.82e-03
run_01_1074	2.15e+03	1.20e+03	2.22e-03	2.70e+01	4.84e-25	2.49e+01	0.00e+00	0.00e+00	0.00e+00	0.00e+00	0.00e+00	0.00e+00	0.00e+00	0.00e+00	0.00e+00	0.00e+00	0.00e+00	2.51e+01	2.49e+01	0.00e+00	0.00e+00	0.00e+00	2.51e+01	1.85e-02
run_01_1075	2.15e+03	1.25e+03	3.91e-03	2.60e+01	2.77e-25	2.49e+01	0.00e+00	0.00e+00	0.00e+00	0.00e+00	0.00e+00	0.00e+00	0.00e+00	0.00e+00	0.00e+00	0.00e+00	0.00e+00	2.51e+01	2.49e+01	0.00e+00	0.00e+00	0.00e+00	2.51e+01	3.26e-02
run_01_1076	2.20e+03	5.00e+01	2.29e+01	1.40e+01	3.64e-29	0.00e+00	0.00e+00	0.00e+00	0.00e+00	0.00e+00	0.00e+00	0.00e+00	0.00e+00	0.00e+00	0.00e+00	0.00e+00	0.00e+00	5.00e+01	0.00e+00	0.00e+00	0.00e+00	0.00e+00	5.00e+01	1.00e+00
run_01_1077	2.20e+03	1.00e+02	5.57e+00	1.60e+01	1.70e-28	4.34e+00	0.00e+00	0.00e+00	0.00e+00	0.00e+00	0.00e+00	0.00e+00	0.00e+00	0.00e+00	0.00e+00	0.00e+00	0.00e+00	4.57e+01	4.34e+00	0.00e+00	0.00e+00	0.00e+00	4.57e+01	1.00e+00
run_01_1078	2.20e+03	1.50e+02	1.87e+00	1.80e+01	5.34e-28	1.72e+01	0.00e+00	0.00e+00	0.00e+00	0.00e+00	0.00e+00	0.00e+00	0.00e+00	0.00e+00	0.00e+00	0.00e+00	0.00e+00	3.28e+01	1.72e+01	0.00e+00	0.00e+00	0.00e+00	3.28e+01	1.00e+00
run_01_1079	2.20e+03	2.00e+02	9.45e-01	1.90e+01	1.10e-27	2.10e+01	0.00e+00	0.00e+00	0.00e+00	0.00e+00	0.00e+00	0.00e+00	0.00e+00	0.00e+00	0.00e+00	0.00e+00	0.00e+00	2.90e+01	2.10e+01	0.00e+00	0.00e+00	0.00e+00	2.90e+01	1.00e+00
run_01_1080	2.20e+03	2.50e+02	5.67e-01	2.00e+01	1.88e-27	2.26e+01	0.00e+00	0.00e+00	0.00e+00	0.00e+00	0.00e+00	0.00e+00	0.00e+00	0.00e+00	0.00e+00	0.00e+00	0.00e+00	2.74e+01	2.26e+01	0.00e+00	0.00e+00	0.00e+00	2.74e+01	1.00e+00
run_01_1081	2.20e+03	3.00e+02	3.73e-01	2.00e+01	2.93e-27	2.34e+01	0.00e+00	0.00e+00	0.00e+00	0.00e+00	0.00e+00	0.00e+00	0.00e+00	0.00e+00	0.00e+00	0.00e+00	0.00e+00	2.66e+01	2.34e+01	0.00e+00	0.00e+00	0.00e+00	2.66e+01	1.00e+00
run_01_1082	2.20e+03	3.50e+02	2.59e-01	2.10e+01	4.32e-27	2.38e+01	0.00e+00	0.00e+00	0.00e+00	0.00e+00	0.00e+00	0.00e+00	0.00e+00	0.00e+00	0.00e+00	0.00e+00	0.00e+00	2.62e+01	2.38e+01	0.00e+00	0.00e+00	0.00e+00	2.62e+01	1.00e+00
run_01_1083	2.20e+03	4.00e+02	1.85e-01	2.10e+01	6.16e-27	2.41e+01	0.00e+00	0.00e+00	0.00e+00	0.00e+00	0.00e+00	0.00e+00	0.00e+00	0.00e+00	0.00e+00	0.00e+00	0.00e+00	2.59e+01	2.41e+01	0.00e+00	0.00e+00	0.00e+00	2.59e+01	1.00e+00
run_01_1084	2.20e+03	4.50e+02	1.36e-01	2.20e+01	8.58e-27	2.43e+01	0.00e+00	0.00e+00	0.00e+00	0.00e+00	0.00e+00	0.00e+00	0.00e+00	0.00e+00	0.00e+00	0.00e+00	0.00e+00	2.57e+01	2.43e+01	0.00e+00	0.00e+00	0.00e+00	2.57e+01	1.00e+00
run_01_1085	2.20e+03	5.00e+02	1.00e-01	2.20e+01	1.18e-26	2.44e+01	0.00e+00	0.00e+00	0.00e+00	0.00e+00	0.00e+00	0.00e+00	0.00e+00	0.00e+00	0.00e+00	0.00e+00	0.00e+00	2.56e+01	2.44e+01	0.00e+00	0.00e+00	0.00e+00	2.56e+01	8.35e-01
run_01_1086	2.20e+03	5.50e+02	7.43e-02	2.30e+01	1.62e-26	2.45e+01	0.00e+00	0.00e+00	0.00e+00	0.00e+00	0.00e+00	0.00e+00	0.00e+00	0.00e+00	0.00e+00	0.00e+00	0.00e+00	2.55e+01	2.45e+01	0.00e+00	0.00e+00	0.00e+00	2.55e+01	6.20e-01
run_01_1087	2.20e+03	6.00e+02	5.51e-02	2.30e+01	2.24e-26	2.46e+01	0.00e+00	0.00e+00	0.00e+00	0.00e+00	0.00e+00	0.00e+00	0.00e+00	0.00e+00	0.00e+00	0.00e+00	0.00e+00	2.54e+01	2.46e+01	0.00e+00	0.00e+00	0.00e+00	2.54e+01	4.59e-01
run_01_1088	2.20e+03	6.50e+02	4.04e-02	2.30e+01	3.13e-26	2.47e+01	0.00e+00	0.00e+00	0.00e+00	0.00e+00	0.00e+00	0.00e+00	0.00e+00	0.00e+00	0.00e+00	0.00e+00	0.00e+00	2.53e+01	2.47e+01	0.00e+00	0.00e+00	0.00e+00	2.53e+01	3.37e-01
run_01_1089	2.20e+03	7.00e+02	2.92e-02	2.40e+01	4.44e-26	2.47e+01	0.00e+00	0.00e+00	0.00e+00	0.00e+00	0.00e+00	0.00e+00	0.00e+00	0.00e+00	0.00e+00	0.00e+00	0.00e+00	2.53e+01	2.47e+01	0.00e+00	0.00e+00	0.00e+00	2.53e+01	2.43e-01
run_01_1090	2.20e+03	7.50e+02	2.06e-02	2.40e+01	6.52e-26	2.48e+01	0.00e+00	0.00e+00	0.00e+00	0.00e+00	0.00e+00	0.00e+00	0.00e+00	0.00e+00	0.00e+00	0.00e+00	0.00e+00	2.52e+01	2.48e+01	0.00e+00	0.00e+00	0.00e+00	2.52e+01	1.72e-01
run_01_1091	2.20e+03	8.00e+02	1.40e-02	2.50e+01	9.95e-26	2.48e+01	0.00e+00	0.00e+00	0.00e+00	0.00e+00	0.00e+00	0.00e+00	0.00e+00	0.00e+00	0.00e+00	0.00e+00	0.00e+00	2.52e+01	2.48e+01	0.00e+00	0.00e+00	0.00e+00	2.52e+01	1.17e-01
run_01_1092	2.20e+03	8.50e+02	8.98e-03	2.50e+01	1.67e-25	2.48e+01	0.00e+00	0.00e+00	0.00e+00	0.00e+00	0.00e+00	0.00e+00	0.00e+00	0.00e+00	0.00e+00	0.00e+00	0.00e+00	2.52e+01	2.48e+01	0.00e+00	0.00e+00	0.00e+00	2.52e+01	7.48e-02
run_01_1093	2.20e+03	9.00e+02	5.26e-03	2.60e+01	3.47e-25	2.48e+01	0.00e+00	0.00e+00	0.00e+00	0.00e+00	0.00e+00	0.00e+00	0.00e+00	0.00e+00	0.00e+00	0.00e+00	0.00e+00	2.52e+01	2.48e+01	0.00e+00	0.00e+00	0.00e+00	2.52e+01	4.38e-02
run_01_1094	2.20e+03	9.50e+02	2.50e-03	2.70e+01	1.32e-24	2.48e+01	0.00e+00	0.00e+00	0.00e+00	0.00e+00	0.00e+00	0.00e+00	0.00e+00	0.00e+00	0.00e+00	0.00e+00	0.00e+00	2.52e+01	2.48e+01	0.00e+00	0.00e+00	0.00e+00	2.52e+01	2.08e-02
run_01_1095	2.20e+03	1.00e+03	6.50e-04	2.90e+01	9.07e-24	2.49e+01	0.00e+00	0.00e+00	0.00e+00	0.00e+00	0.00e+00	0.00e+00	0.00e+00	0.00e+00	0.00e+00	0.00e+00	0.00e+00	2.51e+01	2.49e+01	0.00e+00	0.00e+00	0.00e+00	2.51e+01	5.42e-03
run_01_1096	2.20e+03	1.05e+03	5.72e-05	3.10e+01	8.31e-23	2.49e+01	0.00e+00	0.00e+00	0.00e+00	0.00e+00	0.00e+00	0.00e+00	0.00e+00	0.00e+00	0.00e+00	0.00e+00	0.00e+00	2.51e+01	2.49e+01	0.00e+00	0.00e+00	0.00e+00	2.51e+01	4.77e-04
run_01_1097	2.20e+03	1.10e+03	4.13e-06	3.30e+01	1.21e-22	2.49e+01	0.00e+00	0.00e+00	0.00e+00	0.00e+00	0.00e+00	0.00e+00	0.00e+00	0.00e+00	0.00e+00	0.00e+00	0.00e+00	2.51e+01	2.49e+01	0.00e+00	0.00e+00	0.00e+00	2.51e+01	3.45e-05
run_01_1098	2.20e+03	1.15e+03	4.83e-04	2.80e+01	2.00e-24	2.49e+01	0.00e+00	0.00e+00	0.00e+00	0.00e+00	0.00e+00	0.00e+00	0.00e+00	0.00e+00	0.00e+00	0.00e+00	0.00e+00	2.51e+01	2.49e+01	0.00e+00	0.00e+00	0.00e+00	2.51e+01	4.03e-03
run_01_1099	2.20e+03	1.20e+03	1.53e-03	2.70e+01	6.84e-25	2.49e+01	0.00e+00	0.00e+00	0.00e+00	0.00e+00	0.00e+00	0.00e+00	0.00e+00	0.00e+00	0.00e+00	0.00e+00	0.00e+00	2.51e+01	2.49e+01	0.00e+00	0.00e+00	0.00e+00	2.51e+01	1.27e-02
run_01_1100	2.20e+03	1.25e+03	3.03e-03	2.70e+01	3.57e-25	2.49e+01	0.00e+00	0.00e+00	0.00e+00	0.00e+00	0.00e+00	0.00e+00	0.00e+00	0.00e+00	0.00e+00	0.00e+00	0.00e+00	2.51e+01	2.49e+01	0.00e+00	0.00e+00	0.00e+00	2.51e+01	2.52e-02
run_01_1101	2.25e+03	5.00e+01	2.49e+01	1.40e+01	3.33e-29	0.00e+00	0.00e+00	0.00e+00	0.00e+00	0.00e+00	0.00e+00	0.00e+00	0.00e+00	0.00e+00	0.00e+00	0.00e+00	0.00e+00	5.00e+01	0.00e+00	0.00e+00	0.00e+00	0.00e+00	5.00e+01	1.00e+00
run_01_1102	2.25e+03	1.00e+02	6.06e+00	1.60e+01	1.55e-28	4.34e+00	0.00e+00	0.00e+00	0.00e+00	0.00e+00	0.00e+00	0.00e+00	0.00e+00	0.00e+00	0.00e+00	0.00e+00	0.00e+00	4.57e+01	4.34e+00	0.00e+00	0.00e+00	0.00e+00	4.57e+01	1.00e+00
run_01_1103	2.25e+03	1.50e+02	2.04e+00	1.80e+01	4.87e-28	1.72e+01	0.00e+00	0.00e+00	0.00e+00	0.00e+00	0.00e+00	0.00e+00	0.00e+00	0.00e+00	0.00e+00	0.00e+00	0.00e+00	3.28e+01	1.72e+01	0.00e+00	0.00e+00	0.00e+00	3.28e+01	1.00e+00
run_01_1104	2.25e+03	2.00e+02	1.03e+00	1.90e+01	9.99e-28	2.10e+01	0.00e+00	0.00e+00	0.00e+00	0.00e+00	0.00e+00	0.00e+00	0.00e+00	0.00e+00	0.00e+00	0.00e+00	0.00e+00	2.90e+01	2.10e+01	0.00e+00	0.00e+00	0.00e+00	2.90e+01	1.00e+00
run_01_1105	2.25e+03	2.50e+02	6.21e-01	2.00e+01	1.71e-27	2.26e+01	0.00e+00	0.00e+00	0.00e+00	0.00e+00	0.00e+00	0.00e+00	0.00e+00	0.00e+00	0.00e+00	0.00e+00	0.00e+00	2.74e+01	2.26e+01	0.00e+00	0.00e+00	0.00e+00	2.74e+01	1.00e+00
run_01_1106	2.25e+03	3.00e+02	4.09e-01	2.00e+01	2.66e-27	2.34e+01	0.00e+00	0.00e+00	0.00e+00	0.00e+00	0.00e+00	0.00e+00	0.00e+00	0.00e+00	0.00e+00	0.00e+00	0.00e+00	2.66e+01	2.34e+01	0.00e+00	0.00e+00	0.00e+00	2.66e+01	1.00e+00
run_01_1107	2.25e+03	3.50e+02	2.85e-01	2.10e+01	3.91e-27	2.38e+01	0.00e+00	0.00e+00	0.00e+00	0.00e+00	0.00e+00	0.00e+00	0.00e+00	0.00e+00	0.00e+00	0.00e+00	0.00e+00	2.62e+01	2.38e+01	0.00e+00	0.00e+00	0.00e+00	2.62e+01	1.00e+00
run_01_1108	2.25e+03	4.00e+02	2.05e-01	2.10e+01	5.54e-27	2.41e+01	0.00e+00	0.00e+00	0.00e+00	0.00e+00	0.00e+00	0.00e+00	0.00e+00	0.00e+00	0.00e+00	0.00e+00	0.00e+00	2.59e+01	2.41e+01	0.00e+00	0.00e+00	0.00e+00	2.59e+01	1.00e+00
run_01_1109	2.25e+03	4.50e+02	1.50e-01	2.20e+01	7.69e-27	2.43e+01	0.00e+00	0.00e+00	0.00e+00	0.00e+00	0.00e+00	0.00e+00	0.00e+00	0.00e+00	0.00e+00	0.00e+00	0.00e+00	2.57e+01	2.43e+01	0.00e+00	0.00e+00	0.00e+00	2.57e+01	1.00e+00
run_01_1110	2.25e+03	5.00e+02	1.12e-01	2.20e+01	1.06e-26	2.44e+01	0.00e+00	0.00e+00	0.00e+00	0.00e+00	0.00e+00	0.00e+00	0.00e+00	0.00e+00	0.00e+00	0.00e+00	0.00e+00	2.56e+01	2.44e+01	0.00e+00	0.00e+00	0.00e+00	2.56e+01	9.31e-01
run_01_1111	2.25e+03	5.50e+02	8.34e-02	2.30e+01	1.44e-26	2.45e+01	0.00e+00	0.00e+00	0.00e+00	0.00e+00	0.00e+00	0.00e+00	0.00e+00	0.00e+00	0.00e+00	0.00e+00	0.00e+00	2.55e+01	2.45e+01	0.00e+00	0.00e+00	0.00e+00	2.55e+01	6.95e-01
run_01_1112	2.25e+03	6.00e+02	6.23e-02	2.30e+01	1.97e-26	2.46e+01	0.00e+00	0.00e+00	0.00e+00	0.00e+00	0.00e+00	0.00e+00	0.00e+00	0.00e+00	0.00e+00	0.00e+00	0.00e+00	2.54e+01	2.46e+01	0.00e+00	0.00e+00	0.00e+00	2.54e+01	5.19e-01
run_01_1113	2.25e+03	6.50e+02	4.62e-02	2.30e+01	2.72e-26	2.47e+01	0.00e+00	0.00e+00	0.00e+00	0.00e+00	0.00e+00	0.00e+00	0.00e+00	0.00e+00	0.00e+00	0.00e+00	0.00e+00	2.53e+01	2.47e+01	0.00e+00	0.00e+00	0.00e+00	2.53e+01	3.85e-01
run_01_1114	2.25e+03	7.00e+02	3.38e-02	2.40e+01	3.79e-26	2.47e+01	0.00e+00	0.00e+00	0.00e+00	0.00e+00	0.00e+00	0.00e+00	0.00e+00	0.00e+00	0.00e+00	0.00e+00	0.00e+00	2.53e+01	2.47e+01	0.00e+00	0.00e+00	0.00e+00	2.53e+01	2.82e-01
run_01_1115	2.25e+03	7.50e+02	2.42e-02	2.40e+01	5.46e-26	2.48e+01	0.00e+00	0.00e+00	0.00e+00	0.00e+00	0.00e+00	0.00e+00	0.00e+00	0.00e+00	0.00e+00	0.00e+00	0.00e+00	2.52e+01	2.48e+01	0.00e+00	0.00e+00	0.00e+00	2.52e+01	2.02e-01
run_01_1116	2.25e+03	8.00e+02	1.68e-02	2.50e+01	8.11e-26	2.48e+01	0.00e+00	0.00e+00	0.00e+00	0.00e+00	0.00e+00	0.00e+00	0.00e+00	0.00e+00	0.00e+00	0.00e+00	0.00e+00	2.52e+01	2.48e+01	0.00e+00	0.00e+00	0.00e+00	2.52e+01	1.40e-01
run_01_1117	2.25e+03	8.50e+02	1.12e-02	2.50e+01	1.29e-25	2.48e+01	0.00e+00	0.00e+00	0.00e+00	0.00e+00	0.00e+00	0.00e+00	0.00e+00	0.00e+00	0.00e+00	0.00e+00	0.00e+00	2.52e+01	2.48e+01	0.00e+00	0.00e+00	0.00e+00	2.52e+01	9.31e-02
run_01_1118	2.25e+03	9.00e+02	6.90e-03	2.60e+01	2.34e-25	2.48e+01	0.00e+00	0.00e+00	0.00e+00	0.00e+00	0.00e+00	0.00e+00	0.00e+00	0.00e+00	0.00e+00	0.00e+00	0.00e+00	2.52e+01	2.48e+01	0.00e+00	0.00e+00	0.00e+00	2.52e+01	5.75e-02
run_01_1119	2.25e+03	9.50e+02	3.72e-03	2.60e+01	6.97e-25	2.48e+01	0.00e+00	0.00e+00	0.00e+00	0.00e+00	0.00e+00	0.00e+00	0.00e+00	0.00e+00	0.00e+00	0.00e+00	0.00e+00	2.52e+01	2.48e+01	0.00e+00	0.00e+00	0.00e+00	2.52e+01	3.10e-02
run_01_1120	2.25e+03	1.00e+03	1.38e-03	2.80e+01	3.54e-24	2.49e+01	0.00e+00	0.00e+00	0.00e+00	0.00e+00	0.00e+00	0.00e+00	0.00e+00	0.00e+00	0.00e+00	0.00e+00	0.00e+00	2.51e+01	2.49e+01	0.00e+00	0.00e+00	0.00e+00	2.51e+01	1.15e-02
run_01_1121	2.25e+03	1.05e+03	2.10e-04	3.00e+01	2.90e-23	2.49e+01	0.00e+00	0.00e+00	0.00e+00	0.00e+00	0.00e+00	0.00e+00	0.00e+00	0.00e+00	0.00e+00	0.00e+00	0.00e+00	2.51e+01	2.49e+01	0.00e+00	0.00e+00	0.00e+00	2.51e+01	1.75e-03
run_01_1122	2.25e+03	1.10e+03	1.15e-05	3.30e+01	2.24e-22	2.49e+01	0.00e+00	0.00e+00	0.00e+00	0.00e+00	0.00e+00	0.00e+00	0.00e+00	0.00e+00	0.00e+00	0.00e+00	0.00e+00	2.51e+01	2.49e+01	0.00e+00	0.00e+00	0.00e+00	2.51e+01	9.58e-05
run_01_1123	2.25e+03	1.15e+03	1.62e-04	2.90e+01	5.25e-24	2.49e+01	0.00e+00	0.00e+00	0.00e+00	0.00e+00	0.00e+00	0.00e+00	0.00e+00	0.00e+00	0.00e+00	0.00e+00	0.00e+00	2.51e+01	2.49e+01	0.00e+00	0.00e+00	0.00e+00	2.51e+01	1.35e-03
run_01_1124	2.25e+03	1.20e+03	9.49e-04	2.80e+01	1.08e-24	2.49e+01	0.00e+00	0.00e+00	0.00e+00	0.00e+00	0.00e+00	0.00e+00	0.00e+00	0.00e+00	0.00e+00	0.00e+00	0.00e+00	2.51e+01	2.49e+01	0.00e+00	0.00e+00	0.00e+00	2.51e+01	7.91e-03
run_01_1125	2.25e+03	1.25e+03	2.24e-03	2.70e+01	4.75e-25	2.49e+01	0.00e+00	0.00e+00	0.00e+00	0.00e+00	0.00e+00	0.00e+00	0.00e+00	0.00e+00	0.00e+00	0.00e+00	0.00e+00	2.51e+01	2.49e+01	0.00e+00	0.00e+00	0.00e+00	2.51e+01	1.86e-02
run_01_1126	2.30e+03	5.00e+01	2.70e+01	1.40e+01	3.05e-29	0.00e+00	0.00e+00	0.00e+00	0.00e+00	0.00e+00	0.00e+00	0.00e+00	0.00e+00	0.00e+00	0.00e+00	0.00e+00	0.00e+00	5.00e+01	0.00e+00	0.00e+00	0.00e+00	0.00e+00	5.00e+01	1.00e+00
run_01_1127	2.30e+03	1.00e+02	6.59e+00	1.60e+01	1.42e-28	4.34e+00	0.00e+00	0.00e+00	0.00e+00	0.00e+00	0.00e+00	0.00e+00	0.00e+00	0.00e+00	0.00e+00	0.00e+00	0.00e+00	4.57e+01	4.34e+00	0.00e+00	0.00e+00	0.00e+00	4.57e+01	1.00e+00
run_01_1128	2.30e+03	1.50e+02	2.22e+00	1.80e+01	4.45e-28	1.72e+01	0.00e+00	0.00e+00	0.00e+00	0.00e+00	0.00e+00	0.00e+00	0.00e+00	0.00e+00	0.00e+00	0.00e+00	0.00e+00	3.28e+01	1.72e+01	0.00e+00	0.00e+00	0.00e+00	3.28e+01	1.00e+00
run_01_1129	2.30e+03	2.00e+02	1.13e+00	1.90e+01	9.12e-28	2.10e+01	0.00e+00	0.00e+00	0.00e+00	0.00e+00	0.00e+00	0.00e+00	0.00e+00	0.00e+00	0.00e+00	0.00e+00	0.00e+00	2.90e+01	2.10e+01	0.00e+00	0.00e+00	0.00e+00	2.90e+01	1.00e+00
run_01_1130	2.30e+03	2.50e+02	6.78e-01	2.00e+01	1.56e-27	2.26e+01	0.00e+00	0.00e+00	0.00e+00	0.00e+00	0.00e+00	0.00e+00	0.00e+00	0.00e+00	0.00e+00	0.00e+00	0.00e+00	2.74e+01	2.26e+01	0.00e+00	0.00e+00	0.00e+00	2.74e+01	1.00e+00
run_01_1131	2.30e+03	3.00e+02	4.48e-01	2.00e+01	2.42e-27	2.34e+01	0.00e+00	0.00e+00	0.00e+00	0.00e+00	0.00e+00	0.00e+00	0.00e+00	0.00e+00	0.00e+00	0.00e+00	0.00e+00	2.66e+01	2.34e+01	0.00e+00	0.00e+00	0.00e+00	2.66e+01	1.00e+00
run_01_1132	2.30e+03	3.50e+02	3.12e-01	2.10e+01	3.54e-27	2.38e+01	0.00e+00	0.00e+00	0.00e+00	0.00e+00	0.00e+00	0.00e+00	0.00e+00	0.00e+00	0.00e+00	0.00e+00	0.00e+00	2.62e+01	2.38e+01	0.00e+00	0.00e+00	0.00e+00	2.62e+01	1.00e+00
run_01_1133	2.30e+03	4.00e+02	2.25e-01	2.10e+01	5.01e-27	2.41e+01	0.00e+00	0.00e+00	0.00e+00	0.00e+00	0.00e+00	0.00e+00	0.00e+00	0.00e+00	0.00e+00	0.00e+00	0.00e+00	2.59e+01	2.41e+01	0.00e+00	0.00e+00	0.00e+00	2.59e+01	1.00e+00
run_01_1134	2.30e+03	4.50e+02	1.66e-01	2.20e+01	6.92e-27	2.43e+01	0.00e+00	0.00e+00	0.00e+00	0.00e+00	0.00e+00	0.00e+00	0.00e+00	0.00e+00	0.00e+00	0.00e+00	0.00e+00	2.57e+01	2.43e+01	0.00e+00	0.00e+00	0.00e+00	2.57e+01	1.00e+00
run_01_1135	2.30e+03	5.00e+02	1.24e-01	2.20e+01	9.44e-27	2.44e+01	0.00e+00	0.00e+00	0.00e+00	0.00e+00	0.00e+00	0.00e+00	0.00e+00	0.00e+00	0.00e+00	0.00e+00	0.00e+00	2.56e+01	2.44e+01	0.00e+00	0.00e+00	0.00e+00	2.56e+01	1.00e+00
run_01_1136	2.30e+03	5.50e+02	9.32e-02	2.20e+01	1.28e-26	2.45e+01	0.00e+00	0.00e+00	0.00e+00	0.00e+00	0.00e+00	0.00e+00	0.00e+00	0.00e+00	0.00e+00	0.00e+00	0.00e+00	2.55e+01	2.45e+01	0.00e+00	0.00e+00	0.00e+00	2.55e+01	7.77e-01
run_01_1137	2.30e+03	6.00e+02	7.01e-02	2.30e+01	1.73e-26	2.46e+01	0.00e+00	0.00e+00	0.00e+00	0.00e+00	0.00e+00	0.00e+00	0.00e+00	0.00e+00	0.00e+00	0.00e+00	0.00e+00	2.54e+01	2.46e+01	0.00e+00	0.00e+00	0.00e+00	2.54e+01	5.84e-01
run_01_1138	2.30e+03	6.50e+02	5.24e-02	2.30e+01	2.37e-26	2.47e+01	0.00e+00	0.00e+00	0.00e+00	0.00e+00	0.00e+00	0.00e+00	0.00e+00	0.00e+00	0.00e+00	0.00e+00	0.00e+00	2.53e+01	2.47e+01	0.00e+00	0.00e+00	0.00e+00	2.53e+01	4.37e-01
run_01_1139	2.30e+03	7.00e+02	3.88e-02	2.40e+01	3.27e-26	2.47e+01	0.00e+00	0.00e+00	0.00e+00	0.00e+00	0.00e+00	0.00e+00	0.00e+00	0.00e+00	0.00e+00	0.00e+00	0.00e+00	2.53e+01	2.47e+01	0.00e+00	0.00e+00	0.00e+00	2.53e+01	3.23e-01
run_01_1140	2.30e+03	7.50e+02	2.82e-02	2.40e+01	4.62e-26	2.48e+01	0.00e+00	0.00e+00	0.00e+00	0.00e+00	0.00e+00	0.00e+00	0.00e+00	0.00e+00	0.00e+00	0.00e+00	0.00e+00	2.52e+01	2.48e+01	0.00e+00	0.00e+00	0.00e+00	2.52e+01	2.35e-01
run_01_1141	2.30e+03	8.00e+02	2.00e-02	2.40e+01	6.76e-26	2.48e+01	0.00e+00	0.00e+00	0.00e+00	0.00e+00	0.00e+00	0.00e+00	0.00e+00	0.00e+00	0.00e+00	0.00e+00	0.00e+00	2.52e+01	2.48e+01	0.00e+00	0.00e+00	0.00e+00	2.52e+01	1.67e-01
run_01_1142	2.30e+03	8.50e+02	1.36e-02	2.50e+01	1.03e-25	2.48e+01	0.00e+00	0.00e+00	0.00e+00	0.00e+00	0.00e+00	0.00e+00	0.00e+00	0.00e+00	0.00e+00	0.00e+00	0.00e+00	2.52e+01	2.48e+01	0.00e+00	0.00e+00	0.00e+00	2.52e+01	1.14e-01
run_01_1143	2.30e+03	9.00e+02	8.78e-03	2.50e+01	1.76e-25	2.48e+01	0.00e+00	0.00e+00	0.00e+00	0.00e+00	0.00e+00	0.00e+00	0.00e+00	0.00e+00	0.00e+00	0.00e+00	0.00e+00	2.52e+01	2.48e+01	0.00e+00	0.00e+00	0.00e+00	2.52e+01	7.32e-02
run_01_1144	2.30e+03	9.50e+02	5.13e-03	2.60e+01	3.87e-25	2.48e+01	0.00e+00	0.00e+00	0.00e+00	0.00e+00	0.00e+00	0.00e+00	0.00e+00	0.00e+00	0.00e+00	0.00e+00	0.00e+00	2.52e+01	2.48e+01	0.00e+00	0.00e+00	0.00e+00	2.52e+01	4.27e-02
run_01_1145	2.30e+03	1.00e+03	2.38e-03	2.70e+01	1.60e-24	2.49e+01	0.00e+00	0.00e+00	0.00e+00	0.00e+00	0.00e+00	0.00e+00	0.00e+00	0.00e+00	0.00e+00	0.00e+00	0.00e+00	2.51e+01	2.49e+01	0.00e+00	0.00e+00	0.00e+00	2.51e+01	1.98e-02
run_01_1146	2.30e+03	1.05e+03	5.88e-04	2.90e+01	1.06e-23	2.49e+01	0.00e+00	0.00e+00	0.00e+00	0.00e+00	0.00e+00	0.00e+00	0.00e+00	0.00e+00	0.00e+00	0.00e+00	0.00e+00	2.51e+01	2.49e+01	0.00e+00	0.00e+00	0.00e+00	2.51e+01	4.90e-03
run_01_1147	2.30e+03	1.10e+03	5.32e-05	3.10e+01	8.68e-23	2.49e+01	0.00e+00	0.00e+00	0.00e+00	0.00e+00	0.00e+00	0.00e+00	0.00e+00	0.00e+00	0.00e+00	0.00e+00	0.00e+00	2.51e+01	2.49e+01	0.00e+00	0.00e+00	0.00e+00	2.51e+01	4.43e-04
run_01_1148	2.30e+03	1.15e+03	4.27e-06	3.30e+01	1.15e-22	2.49e+01	0.00e+00	0.00e+00	0.00e+00	0.00e+00	0.00e+00	0.00e+00	0.00e+00	0.00e+00	0.00e+00	0.00e+00	0.00e+00	2.51e+01	2.49e+01	0.00e+00	0.00e+00	0.00e+00	2.51e+01	3.56e-05
run_01_1149	2.30e+03	1.20e+03	4.89e-04	2.80e+01	1.95e-24	2.49e+01	0.00e+00	0.00e+00	0.00e+00	0.00e+00	0.00e+00	0.00e+00	0.00e+00	0.00e+00	0.00e+00	0.00e+00	0.00e+00	2.51e+01	2.49e+01	0.00e+00	0.00e+00	0.00e+00	2.51e+01	4.08e-03
run_01_1150	2.30e+03	1.25e+03	1.54e-03	2.70e+01	6.71e-25	2.49e+01	0.00e+00	0.00e+00	0.00e+00	0.00e+00	0.00e+00	0.00e+00	0.00e+00	0.00e+00	0.00e+00	0.00e+00	0.00e+00	2.51e+01	2.49e+01	0.00e+00	0.00e+00	0.00e+00	2.51e+01	1.29e-02
run_01_1151	2.35e+03	5.00e+01	2.93e+01	1.40e+01	2.80e-29	0.00e+00	0.00e+00	0.00e+00	0.00e+00	0.00e+00	0.00e+00	0.00e+00	0.00e+00	0.00e+00	0.00e+00	0.00e+00	0.00e+00	5.00e+01	0.00e+00	0.00e+00	0.00e+00	0.00e+00	5.00e+01	1.00e+00
run_01_1152	2.35e+03	1.00e+02	7.15e+00	1.60e+01	1.30e-28	4.34e+00	0.00e+00	0.00e+00	0.00e+00	0.00e+00	0.00e+00	0.00e+00	0.00e+00	0.00e+00	0.00e+00	0.00e+00	0.00e+00	4.57e+01	4.34e+00	0.00e+00	0.00e+00	0.00e+00	4.57e+01	1.00e+00
run_01_1153	2.35e+03	1.50e+02	2.42e+00	1.80e+01	4.08e-28	1.72e+01	0.00e+00	0.00e+00	0.00e+00	0.00e+00	0.00e+00	0.00e+00	0.00e+00	0.00e+00	0.00e+00	0.00e+00	0.00e+00	3.28e+01	1.72e+01	0.00e+00	0.00e+00	0.00e+00	3.28e+01	1.00e+00
run_01_1154	2.35e+03	2.00e+02	1.22e+00	1.90e+01	8.35e-28	2.10e+01	0.00e+00	0.00e+00	0.00e+00	0.00e+00	0.00e+00	0.00e+00	0.00e+00	0.00e+00	0.00e+00	0.00e+00	0.00e+00	2.90e+01	2.10e+01	0.00e+00	0.00e+00	0.00e+00	2.90e+01	1.00e+00
run_01_1155	2.35e+03	2.50e+02	7.39e-01	1.90e+01	1.42e-27	2.26e+01	0.00e+00	0.00e+00	0.00e+00	0.00e+00	0.00e+00	0.00e+00	0.00e+00	0.00e+00	0.00e+00	0.00e+00	0.00e+00	2.74e+01	2.26e+01	0.00e+00	0.00e+00	0.00e+00	2.74e+01	1.00e+00
run_01_1156	2.35e+03	3.00e+02	4.89e-01	2.00e+01	2.20e-27	2.34e+01	0.00e+00	0.00e+00	0.00e+00	0.00e+00	0.00e+00	0.00e+00	0.00e+00	0.00e+00	0.00e+00	0.00e+00	0.00e+00	2.66e+01	2.34e+01	0.00e+00	0.00e+00	0.00e+00	2.66e+01	1.00e+00
run_01_1157	2.35e+03	3.50e+02	3.42e-01	2.10e+01	3.22e-27	2.38e+01	0.00e+00	0.00e+00	0.00e+00	0.00e+00	0.00e+00	0.00e+00	0.00e+00	0.00e+00	0.00e+00	0.00e+00	0.00e+00	2.62e+01	2.38e+01	0.00e+00	0.00e+00	0.00e+00	2.62e+01	1.00e+00
run_01_1158	2.35e+03	4.00e+02	2.48e-01	2.10e+01	4.54e-27	2.41e+01	0.00e+00	0.00e+00	0.00e+00	0.00e+00	0.00e+00	0.00e+00	0.00e+00	0.00e+00	0.00e+00	0.00e+00	0.00e+00	2.59e+01	2.41e+01	0.00e+00	0.00e+00	0.00e+00	2.59e+01	1.00e+00
run_01_1159	2.35e+03	4.50e+02	1.83e-01	2.20e+01	6.24e-27	2.43e+01	0.00e+00	0.00e+00	0.00e+00	0.00e+00	0.00e+00	0.00e+00	0.00e+00	0.00e+00	0.00e+00	0.00e+00	0.00e+00	2.57e+01	2.43e+01	0.00e+00	0.00e+00	0.00e+00	2.57e+01	1.00e+00
run_01_1160	2.35e+03	5.00e+02	1.37e-01	2.20e+01	8.48e-27	2.44e+01	0.00e+00	0.00e+00	0.00e+00	0.00e+00	0.00e+00	0.00e+00	0.00e+00	0.00e+00	0.00e+00	0.00e+00	0.00e+00	2.56e+01	2.44e+01	0.00e+00	0.00e+00	0.00e+00	2.56e+01	1.00e+00
run_01_1161	2.35e+03	5.50e+02	1.04e-01	2.20e+01	1.14e-26	2.45e+01	0.00e+00	0.00e+00	0.00e+00	0.00e+00	0.00e+00	0.00e+00	0.00e+00	0.00e+00	0.00e+00	0.00e+00	0.00e+00	2.55e+01	2.45e+01	0.00e+00	0.00e+00	0.00e+00	2.55e+01	8.65e-01
run_01_1162	2.35e+03	6.00e+02	7.85e-02	2.30e+01	1.54e-26	2.46e+01	0.00e+00	0.00e+00	0.00e+00	0.00e+00	0.00e+00	0.00e+00	0.00e+00	0.00e+00	0.00e+00	0.00e+00	0.00e+00	2.54e+01	2.46e+01	0.00e+00	0.00e+00	0.00e+00	2.54e+01	6.54e-01
run_01_1163	2.35e+03	6.50e+02	5.92e-02	2.30e+01	2.08e-26	2.47e+01	0.00e+00	0.00e+00	0.00e+00	0.00e+00	0.00e+00	0.00e+00	0.00e+00	0.00e+00	0.00e+00	0.00e+00	0.00e+00	2.53e+01	2.47e+01	0.00e+00	0.00e+00	0.00e+00	2.53e+01	4.93e-01
run_01_1164	2.35e+03	7.00e+02	4.43e-02	2.30e+01	2.85e-26	2.47e+01	0.00e+00	0.00e+00	0.00e+00	0.00e+00	0.00e+00	0.00e+00	0.00e+00	0.00e+00	0.00e+00	0.00e+00	0.00e+00	2.53e+01	2.47e+01	0.00e+00	0.00e+00	0.00e+00	2.53e+01	3.69e-01
run_01_1165	2.35e+03	7.50e+02	3.26e-02	2.40e+01	3.96e-26	2.48e+01	0.00e+00	0.00e+00	0.00e+00	0.00e+00	0.00e+00	0.00e+00	0.00e+00	0.00e+00	0.00e+00	0.00e+00	0.00e+00	2.52e+01	2.48e+01	0.00e+00	0.00e+00	0.00e+00	2.52e+01	2.72e-01
run_01_1166	2.35e+03	8.00e+02	2.35e-02	2.40e+01	5.67e-26	2.48e+01	0.00e+00	0.00e+00	0.00e+00	0.00e+00	0.00e+00	0.00e+00	0.00e+00	0.00e+00	0.00e+00	0.00e+00	0.00e+00	2.52e+01	2.48e+01	0.00e+00	0.00e+00	0.00e+00	2.52e+01	1.96e-01
run_01_1167	2.35e+03	8.50e+02	1.64e-02	2.50e+01	8.40e-26	2.48e+01	0.00e+00	0.00e+00	0.00e+00	0.00e+00	0.00e+00	0.00e+00	0.00e+00	0.00e+00	0.00e+00	0.00e+00	0.00e+00	2.52e+01	2.48e+01	0.00e+00	0.00e+00	0.00e+00	2.52e+01	1.37e-01
run_01_1168	2.35e+03	9.00e+02	1.09e-02	2.50e+01	1.35e-25	2.48e+01	0.00e+00	0.00e+00	0.00e+00	0.00e+00	0.00e+00	0.00e+00	0.00e+00	0.00e+00	0.00e+00	0.00e+00	0.00e+00	2.52e+01	2.48e+01	0.00e+00	0.00e+00	0.00e+00	2.52e+01	9.10e-02
run_01_1169	2.35e+03	9.50e+02	6.75e-03	2.60e+01	2.51e-25	2.48e+01	0.00e+00	0.00e+00	0.00e+00	0.00e+00	0.00e+00	0.00e+00	0.00e+00	0.00e+00	0.00e+00	0.00e+00	0.00e+00	2.52e+01	2.48e+01	0.00e+00	0.00e+00	0.00e+00	2.52e+01	5.62e-02
run_01_1170	2.35e+03	1.00e+03	3.59e-03	2.70e+01	7.29e-25	2.49e+01	0.00e+00	0.00e+00	0.00e+00	0.00e+00	0.00e+00	0.00e+00	0.00e+00	0.00e+00	0.00e+00	0.00e+00	0.00e+00	2.51e+01	2.49e+01	0.00e+00	0.00e+00	0.00e+00	2.51e+01	3.00e-02
run_01_1171	2.35e+03	1.05e+03	1.28e-03	2.80e+01	4.24e-24	2.49e+01	0.00e+00	0.00e+00	0.00e+00	0.00e+00	0.00e+00	0.00e+00	0.00e+00	0.00e+00	0.00e+00	0.00e+00	0.00e+00	2.51e+01	2.49e+01	0.00e+00	0.00e+00	0.00e+00	2.51e+01	1.06e-02
run_01_1172	2.35e+03	1.10e+03	1.88e-04	3.00e+01	3.23e-23	2.49e+01	0.00e+00	0.00e+00	0.00e+00	0.00e+00	0.00e+00	0.00e+00	0.00e+00	0.00e+00	0.00e+00	0.00e+00	0.00e+00	2.51e+01	2.49e+01	0.00e+00	0.00e+00	0.00e+00	2.51e+01	1.57e-03
run_01_1173	2.35e+03	1.15e+03	1.11e-05	3.30e+01	2.24e-22	2.49e+01	0.00e+00	0.00e+00	0.00e+00	0.00e+00	0.00e+00	0.00e+00	0.00e+00	0.00e+00	0.00e+00	0.00e+00	0.00e+00	2.51e+01	2.49e+01	0.00e+00	0.00e+00	0.00e+00	2.51e+01	9.27e-05
run_01_1174	2.35e+03	1.20e+03	1.65e-04	2.90e+01	5.10e-24	2.49e+01	0.00e+00	0.00e+00	0.00e+00	0.00e+00	0.00e+00	0.00e+00	0.00e+00	0.00e+00	0.00e+00	0.00e+00	0.00e+00	2.51e+01	2.49e+01	0.00e+00	0.00e+00	0.00e+00	2.51e+01	1.37e-03
run_01_1175	2.35e+03	1.25e+03	9.59e-04	2.80e+01	1.06e-24	2.49e+01	0.00e+00	0.00e+00	0.00e+00	0.00e+00	0.00e+00	0.00e+00	0.00e+00	0.00e+00	0.00e+00	0.00e+00	0.00e+00	2.51e+01	2.49e+01	0.00e+00	0.00e+00	0.00e+00	2.51e+01	7.99e-03
run_01_1176	2.40e+03	5.00e+01	3.17e+01	1.40e+01	2.57e-29	0.00e+00	0.00e+00	0.00e+00	0.00e+00	0.00e+00	0.00e+00	0.00e+00	0.00e+00	0.00e+00	0.00e+00	0.00e+00	0.00e+00	5.00e+01	0.00e+00	0.00e+00	0.00e+00	0.00e+00	5.00e+01	1.00e+00
run_01_1177	2.40e+03	1.00e+02	7.75e+00	1.60e+01	1.20e-28	4.34e+00	0.00e+00	0.00e+00	0.00e+00	0.00e+00	0.00e+00	0.00e+00	0.00e+00	0.00e+00	0.00e+00	0.00e+00	0.00e+00	4.57e+01	4.34e+00	0.00e+00	0.00e+00	0.00e+00	4.57e+01	1.00e+00
run_01_1178	2.40e+03	1.50e+02	2.62e+00	1.80e+01	3.74e-28	1.72e+01	0.00e+00	0.00e+00	0.00e+00	0.00e+00	0.00e+00	0.00e+00	0.00e+00	0.00e+00	0.00e+00	0.00e+00	0.00e+00	3.28e+01	1.72e+01	0.00e+00	0.00e+00	0.00e+00	3.28e+01	1.00e+00
run_01_1179	2.40e+03	2.00e+02	1.33e+00	1.90e+01	7.65e-28	2.10e+01	0.00e+00	0.00e+00	0.00e+00	0.00e+00	0.00e+00	0.00e+00	0.00e+00	0.00e+00	0.00e+00	0.00e+00	0.00e+00	2.90e+01	2.10e+01	0.00e+00	0.00e+00	0.00e+00	2.90e+01	1.00e+00
run_01_1180	2.40e+03	2.50e+02	8.04e-01	1.90e+01	1.30e-27	2.26e+01	0.00e+00	0.00e+00	0.00e+00	0.00e+00	0.00e+00	0.00e+00	0.00e+00	0.00e+00	0.00e+00	0.00e+00	0.00e+00	2.74e+01	2.26e+01	0.00e+00	0.00e+00	0.00e+00	2.74e+01	1.00e+00
run_01_1181	2.40e+03	3.00e+02	5.33e-01	2.00e+01	2.01e-27	2.34e+01	0.00e+00	0.00e+00	0.00e+00	0.00e+00	0.00e+00	0.00e+00	0.00e+00	0.00e+00	0.00e+00	0.00e+00	0.00e+00	2.66e+01	2.34e+01	0.00e+00	0.00e+00	0.00e+00	2.66e+01	1.00e+00
run_01_1182	2.40e+03	3.50e+02	3.74e-01	2.10e+01	2.93e-27	2.38e+01	0.00e+00	0.00e+00	0.00e+00	0.00e+00	0.00e+00	0.00e+00	0.00e+00	0.00e+00	0.00e+00	0.00e+00	0.00e+00	2.62e+01	2.38e+01	0.00e+00	0.00e+00	0.00e+00	2.62e+01	1.00e+00
run_01_1183	2.40e+03	4.00e+02	2.71e-01	2.10e+01	4.12e-27	2.41e+01	0.00e+00	0.00e+00	0.00e+00	0.00e+00	0.00e+00	0.00e+00	0.00e+00	0.00e+00	0.00e+00	0.00e+00	0.00e+00	2.59e+01	2.41e+01	0.00e+00	0.00e+00	0.00e+00	2.59e+01	1.00e+00
run_01_1184	2.40e+03	4.50e+02	2.01e-01	2.10e+01	5.66e-27	2.43e+01	0.00e+00	0.00e+00	0.00e+00	0.00e+00	0.00e+00	0.00e+00	0.00e+00	0.00e+00	0.00e+00	0.00e+00	0.00e+00	2.57e+01	2.43e+01	0.00e+00	0.00e+00	0.00e+00	2.57e+01	1.00e+00
run_01_1185	2.40e+03	5.00e+02	1.52e-01	2.20e+01	7.64e-27	2.44e+01	0.00e+00	0.00e+00	0.00e+00	0.00e+00	0.00e+00	0.00e+00	0.00e+00	0.00e+00	0.00e+00	0.00e+00	0.00e+00	2.56e+01	2.44e+01	0.00e+00	0.00e+00	0.00e+00	2.56e+01	1.00e+00
run_01_1186	2.40e+03	5.50e+02	1.15e-01	2.20e+01	1.02e-26	2.45e+01	0.00e+00	0.00e+00	0.00e+00	0.00e+00	0.00e+00	0.00e+00	0.00e+00	0.00e+00	0.00e+00	0.00e+00	0.00e+00	2.55e+01	2.45e+01	0.00e+00	0.00e+00	0.00e+00	2.55e+01	9.59e-01
run_01_1187	2.40e+03	6.00e+02	8.76e-02	2.30e+01	1.37e-26	2.46e+01	0.00e+00	0.00e+00	0.00e+00	0.00e+00	0.00e+00	0.00e+00	0.00e+00	0.00e+00	0.00e+00	0.00e+00	0.00e+00	2.54e+01	2.46e+01	0.00e+00	0.00e+00	0.00e+00	2.54e+01	7.30e-01
run_01_1188	2.40e+03	6.50e+02	6.66e-02	2.30e+01	1.84e-26	2.47e+01	0.00e+00	0.00e+00	0.00e+00	0.00e+00	0.00e+00	0.00e+00	0.00e+00	0.00e+00	0.00e+00	0.00e+00	0.00e+00	2.53e+01	2.47e+01	0.00e+00	0.00e+00	0.00e+00	2.53e+01	5.55e-01
run_01_1189	2.40e+03	7.00e+02	5.02e-02	2.30e+01	2.49e-26	2.47e+01	0.00e+00	0.00e+00	0.00e+00	0.00e+00	0.00e+00	0.00e+00	0.00e+00	0.00e+00	0.00e+00	0.00e+00	0.00e+00	2.53e+01	2.47e+01	0.00e+00	0.00e+00	0.00e+00	2.53e+01	4.18e-01
run_01_1190	2.40e+03	7.50e+02	3.74e-02	2.40e+01	3.41e-26	2.48e+01	0.00e+00	0.00e+00	0.00e+00	0.00e+00	0.00e+00	0.00e+00	0.00e+00	0.00e+00	0.00e+00	0.00e+00	0.00e+00	2.52e+01	2.48e+01	0.00e+00	0.00e+00	0.00e+00	2.52e+01	3.12e-01
run_01_1191	2.40e+03	8.00e+02	2.74e-02	2.40e+01	4.80e-26	2.48e+01	0.00e+00	0.00e+00	0.00e+00	0.00e+00	0.00e+00	0.00e+00	0.00e+00	0.00e+00	0.00e+00	0.00e+00	0.00e+00	2.52e+01	2.48e+01	0.00e+00	0.00e+00	0.00e+00	2.52e+01	2.28e-01
run_01_1192	2.40e+03	8.50e+02	1.95e-02	2.40e+01	7.01e-26	2.48e+01	0.00e+00	0.00e+00	0.00e+00	0.00e+00	0.00e+00	0.00e+00	0.00e+00	0.00e+00	0.00e+00	0.00e+00	0.00e+00	2.52e+01	2.48e+01	0.00e+00	0.00e+00	0.00e+00	2.52e+01	1.62e-01
run_01_1193	2.40e+03	9.00e+02	1.33e-02	2.50e+01	1.07e-25	2.48e+01	0.00e+00	0.00e+00	0.00e+00	0.00e+00	0.00e+00	0.00e+00	0.00e+00	0.00e+00	0.00e+00	0.00e+00	0.00e+00	2.52e+01	2.48e+01	0.00e+00	0.00e+00	0.00e+00	2.52e+01	1.11e-01
run_01_1194	2.40e+03	9.50e+02	8.59e-03	2.50e+01	1.86e-25	2.48e+01	0.00e+00	0.00e+00	0.00e+00	0.00e+00	0.00e+00	0.00e+00	0.00e+00	0.00e+00	0.00e+00	0.00e+00	0.00e+00	2.52e+01	2.48e+01	0.00e+00	0.00e+00	0.00e+00	2.52e+01	7.16e-02
run_01_1195	2.40e+03	1.00e+03	5.00e-03	2.60e+01	4.39e-25	2.49e+01	0.00e+00	0.00e+00	0.00e+00	0.00e+00	0.00e+00	0.00e+00	0.00e+00	0.00e+00	0.00e+00	0.00e+00	0.00e+00	2.51e+01	2.49e+01	0.00e+00	0.00e+00	0.00e+00	2.51e+01	4.16e-02
run_01_1196	2.40e+03	1.05e+03	2.26e-03	2.70e+01	1.92e-24	2.49e+01	0.00e+00	0.00e+00	0.00e+00	0.00e+00	0.00e+00	0.00e+00	0.00e+00	0.00e+00	0.00e+00	0.00e+00	0.00e+00	2.51e+01	2.49e+01	0.00e+00	0.00e+00	0.00e+00	2.51e+01	1.88e-02
run_01_1197	2.40e+03	1.10e+03	5.29e-04	2.90e+01	1.23e-23	2.49e+01	0.00e+00	0.00e+00	0.00e+00	0.00e+00	0.00e+00	0.00e+00	0.00e+00	0.00e+00	0.00e+00	0.00e+00	0.00e+00	2.51e+01	2.49e+01	0.00e+00	0.00e+00	0.00e+00	2.51e+01	4.41e-03
run_01_1198	2.40e+03	1.15e+03	4.90e-05	3.10e+01	9.18e-23	2.49e+01	0.00e+00	0.00e+00	0.00e+00	0.00e+00	0.00e+00	0.00e+00	0.00e+00	0.00e+00	0.00e+00	0.00e+00	0.00e+00	2.51e+01	2.49e+01	0.00e+00	0.00e+00	0.00e+00	2.51e+01	4.09e-04
run_01_1199	2.40e+03	1.20e+03	4.41e-06	3.30e+01	1.09e-22	2.49e+01	0.00e+00	0.00e+00	0.00e+00	0.00e+00	0.00e+00	0.00e+00	0.00e+00	0.00e+00	0.00e+00	0.00e+00	0.00e+00	2.51e+01	2.49e+01	0.00e+00	0.00e+00	0.00e+00	2.51e+01	3.67e-05
run_01_1200	2.40e+03	1.25e+03	4.96e-04	2.80e+01	1.90e-24	2.49e+01	0.00e+00	0.00e+00	0.00e+00	0.00e+00	0.00e+00	0.00e+00	0.00e+00	0.00e+00	0.00e+00	0.00e+00	0.00e+00	2.51e+01	2.49e+01	0.00e+00	0.00e+00	0.00e+00	2.51e+01	4.13e-03
run_01_1201	2.45e+03	5.00e+01	3.43e+01	1.40e+01	2.37e-29	0.00e+00	0.00e+00	0.00e+00	0.00e+00	0.00e+00	0.00e+00	0.00e+00	0.00e+00	0.00e+00	0.00e+00	0.00e+00	0.00e+00	5.00e+01	0.00e+00	0.00e+00	0.00e+00	0.00e+00	5.00e+01	1.00e+00
run_01_1202	2.45e+03	1.00e+02	8.38e+00	1.60e+01	1.10e-28	4.34e+00	0.00e+00	0.00e+00	0.00e+00	0.00e+00	0.00e+00	0.00e+00	0.00e+00	0.00e+00	0.00e+00	0.00e+00	0.00e+00	4.57e+01	4.34e+00	0.00e+00	0.00e+00	0.00e+00	4.57e+01	1.00e+00
run_01_1203	2.45e+03	1.50e+02	2.84e+00	1.80e+01	3.44e-28	1.72e+01	0.00e+00	0.00e+00	0.00e+00	0.00e+00	0.00e+00	0.00e+00	0.00e+00	0.00e+00	0.00e+00	0.00e+00	0.00e+00	3.28e+01	1.72e+01	0.00e+00	0.00e+00	0.00e+00	3.28e+01	1.00e+00
run_01_1204	2.45e+03	2.00e+02	1.44e+00	1.90e+01	7.03e-28	2.10e+01	0.00e+00	0.00e+00	0.00e+00	0.00e+00	0.00e+00	0.00e+00	0.00e+00	0.00e+00	0.00e+00	0.00e+00	0.00e+00	2.90e+01	2.10e+01	0.00e+00	0.00e+00	0.00e+00	2.90e+01	1.00e+00
run_01_1205	2.45e+03	2.50e+02	8.73e-01	1.90e+01	1.19e-27	2.26e+01	0.00e+00	0.00e+00	0.00e+00	0.00e+00	0.00e+00	0.00e+00	0.00e+00	0.00e+00	0.00e+00	0.00e+00	0.00e+00	2.74e+01	2.26e+01	0.00e+00	0.00e+00	0.00e+00	2.74e+01	1.00e+00
run_01_1206	2.45e+03	3.00e+02	5.80e-01	2.00e+01	1.84e-27	2.34e+01	0.00e+00	0.00e+00	0.00e+00	0.00e+00	0.00e+00	0.00e+00	0.00e+00	0.00e+00	0.00e+00	0.00e+00	0.00e+00	2.66e+01	2.34e+01	0.00e+00	0.00e+00	0.00e+00	2.66e+01	1.00e+00
run_01_1207	2.45e+03	3.50e+02	4.07e-01	2.00e+01	2.68e-27	2.38e+01	0.00e+00	0.00e+00	0.00e+00	0.00e+00	0.00e+00	0.00e+00	0.00e+00	0.00e+00	0.00e+00	0.00e+00	0.00e+00	2.62e+01	2.38e+01	0.00e+00	0.00e+00	0.00e+00	2.62e+01	1.00e+00
run_01_1208	2.45e+03	4.00e+02	2.96e-01	2.10e+01	3.76e-27	2.41e+01	0.00e+00	0.00e+00	0.00e+00	0.00e+00	0.00e+00	0.00e+00	0.00e+00	0.00e+00	0.00e+00	0.00e+00	0.00e+00	2.59e+01	2.41e+01	0.00e+00	0.00e+00	0.00e+00	2.59e+01	1.00e+00
run_01_1209	2.45e+03	4.50e+02	2.21e-01	2.10e+01	5.14e-27	2.43e+01	0.00e+00	0.00e+00	0.00e+00	0.00e+00	0.00e+00	0.00e+00	0.00e+00	0.00e+00	0.00e+00	0.00e+00	0.00e+00	2.57e+01	2.43e+01	0.00e+00	0.00e+00	0.00e+00	2.57e+01	1.00e+00
run_01_1210	2.45e+03	5.00e+02	1.67e-01	2.20e+01	6.91e-27	2.44e+01	0.00e+00	0.00e+00	0.00e+00	0.00e+00	0.00e+00	0.00e+00	0.00e+00	0.00e+00	0.00e+00	0.00e+00	0.00e+00	2.56e+01	2.44e+01	0.00e+00	0.00e+00	0.00e+00	2.56e+01	1.00e+00
run_01_1211	2.45e+03	5.50e+02	1.27e-01	2.20e+01	9.22e-27	2.45e+01	0.00e+00	0.00e+00	0.00e+00	0.00e+00	0.00e+00	0.00e+00	0.00e+00	0.00e+00	0.00e+00	0.00e+00	0.00e+00	2.55e+01	2.45e+01	0.00e+00	0.00e+00	0.00e+00	2.55e+01	1.00e+00
run_01_1212	2.45e+03	6.00e+02	9.74e-02	2.20e+01	1.23e-26	2.46e+01	0.00e+00	0.00e+00	0.00e+00	0.00e+00	0.00e+00	0.00e+00	0.00e+00	0.00e+00	0.00e+00	0.00e+00	0.00e+00	2.54e+01	2.46e+01	0.00e+00	0.00e+00	0.00e+00	2.54e+01	8.11e-01
run_01_1213	2.45e+03	6.50e+02	7.45e-02	2.30e+01	1.63e-26	2.47e+01	0.00e+00	0.00e+00	0.00e+00	0.00e+00	0.00e+00	0.00e+00	0.00e+00	0.00e+00	0.00e+00	0.00e+00	0.00e+00	2.53e+01	2.47e+01	0.00e+00	0.00e+00	0.00e+00	2.53e+01	6.21e-01
run_01_1214	2.45e+03	7.00e+02	5.66e-02	2.30e+01	2.19e-26	2.47e+01	0.00e+00	0.00e+00	0.00e+00	0.00e+00	0.00e+00	0.00e+00	0.00e+00	0.00e+00	0.00e+00	0.00e+00	0.00e+00	2.53e+01	2.47e+01	0.00e+00	0.00e+00	0.00e+00	2.53e+01	4.72e-01
run_01_1215	2.45e+03	7.50e+02	4.26e-02	2.40e+01	2.97e-26	2.48e+01	0.00e+00	0.00e+00	0.00e+00	0.00e+00	0.00e+00	0.00e+00	0.00e+00	0.00e+00	0.00e+00	0.00e+00	0.00e+00	2.52e+01	2.48e+01	0.00e+00	0.00e+00	0.00e+00	2.52e+01	3.55e-01
run_01_1216	2.45e+03	8.00e+02	3.16e-02	2.40e+01	4.11e-26	2.48e+01	0.00e+00	0.00e+00	0.00e+00	0.00e+00	0.00e+00	0.00e+00	0.00e+00	0.00e+00	0.00e+00	0.00e+00	0.00e+00	2.52e+01	2.48e+01	0.00e+00	0.00e+00	0.00e+00	2.52e+01	2.63e-01
run_01_1217	2.45e+03	8.50e+02	2.29e-02	2.40e+01	5.87e-26	2.48e+01	0.00e+00	0.00e+00	0.00e+00	0.00e+00	0.00e+00	0.00e+00	0.00e+00	0.00e+00	0.00e+00	0.00e+00	0.00e+00	2.52e+01	2.48e+01	0.00e+00	0.00e+00	0.00e+00	2.52e+01	1.91e-01
run_01_1218	2.45e+03	9.00e+02	1.60e-02	2.50e+01	8.68e-26	2.48e+01	0.00e+00	0.00e+00	0.00e+00	0.00e+00	0.00e+00	0.00e+00	0.00e+00	0.00e+00	0.00e+00	0.00e+00	0.00e+00	2.52e+01	2.48e+01	0.00e+00	0.00e+00	0.00e+00	2.52e+01	1.33e-01
run_01_1219	2.45e+03	9.50e+02	1.07e-02	2.50e+01	1.40e-25	2.48e+01	0.00e+00	0.00e+00	0.00e+00	0.00e+00	0.00e+00	0.00e+00	0.00e+00	0.00e+00	0.00e+00	0.00e+00	0.00e+00	2.52e+01	2.48e+01	0.00e+00	0.00e+00	0.00e+00	2.52e+01	8.91e-02
run_01_1220	2.45e+03	1.00e+03	6.60e-03	2.60e+01	2.72e-25	2.49e+01	0.00e+00	0.00e+00	0.00e+00	0.00e+00	0.00e+00	0.00e+00	0.00e+00	0.00e+00	0.00e+00	0.00e+00	0.00e+00	2.51e+01	2.49e+01	0.00e+00	0.00e+00	0.00e+00	2.51e+01	5.50e-02
run_01_1221	2.45e+03	1.05e+03	3.46e-03	2.70e+01	8.61e-25	2.49e+01	0.00e+00	0.00e+00	0.00e+00	0.00e+00	0.00e+00	0.00e+00	0.00e+00	0.00e+00	0.00e+00	0.00e+00	0.00e+00	2.51e+01	2.49e+01	0.00e+00	0.00e+00	0.00e+00	2.51e+01	2.89e-02
run_01_1222	2.45e+03	1.10e+03	1.18e-03	2.80e+01	5.01e-24	2.49e+01	0.00e+00	0.00e+00	0.00e+00	0.00e+00	0.00e+00	0.00e+00	0.00e+00	0.00e+00	0.00e+00	0.00e+00	0.00e+00	2.51e+01	2.49e+01	0.00e+00	0.00e+00	0.00e+00	2.51e+01	9.83e-03
run_01_1223	2.45e+03	1.15e+03	1.72e-04	3.00e+01	3.51e-23	2.49e+01	0.00e+00	0.00e+00	0.00e+00	0.00e+00	0.00e+00	0.00e+00	0.00e+00	0.00e+00	0.00e+00	0.00e+00	0.00e+00	2.51e+01	2.49e+01	0.00e+00	0.00e+00	0.00e+00	2.51e+01	1.43e-03
run_01_1224	2.45e+03	1.20e+03	1.09e-05	3.30e+01	2.20e-22	2.49e+01	0.00e+00	0.00e+00	0.00e+00	0.00e+00	0.00e+00	0.00e+00	0.00e+00	0.00e+00	0.00e+00	0.00e+00	0.00e+00	2.51e+01	2.49e+01	0.00e+00	0.00e+00	0.00e+00	2.51e+01	9.10e-05
run_01_1225	2.45e+03	1.25e+03	1.67e-04	2.90e+01	4.95e-24	2.49e+01	0.00e+00	0.00e+00	0.00e+00	0.00e+00	0.00e+00	0.00e+00	0.00e+00	0.00e+00	0.00e+00	0.00e+00	0.00e+00	2.51e+01	2.49e+01	0.00e+00	0.00e+00	0.00e+00	2.51e+01	1.40e-03
run_01_1226	2.50e+03	5.00e+01	3.70e+01	1.40e+01	2.18e-29	0.00e+00	0.00e+00	0.00e+00	0.00e+00	0.00e+00	0.00e+00	0.00e+00	0.00e+00	0.00e+00	0.00e+00	0.00e+00	0.00e+00	5.00e+01	0.00e+00	0.00e+00	0.00e+00	0.00e+00	5.00e+01	1.00e+00
run_01_1227	2.50e+03	1.00e+02	9.05e+00	1.60e+01	1.02e-28	4.34e+00	0.00e+00	0.00e+00	0.00e+00	0.00e+00	0.00e+00	0.00e+00	0.00e+00	0.00e+00	0.00e+00	0.00e+00	0.00e+00	4.57e+01	4.34e+00	0.00e+00	0.00e+00	0.00e+00	4.57e+01	1.00e+00
run_01_1228	2.50e+03	1.50e+02	3.07e+00	1.70e+01	3.17e-28	1.72e+01	0.00e+00	0.00e+00	0.00e+00	0.00e+00	0.00e+00	0.00e+00	0.00e+00	0.00e+00	0.00e+00	0.00e+00	0.00e+00	3.28e+01	1.72e+01	0.00e+00	0.00e+00	0.00e+00	3.28e+01	1.00e+00
run_01_1229	2.50e+03	2.00e+02	1.56e+00	1.80e+01	6.47e-28	2.10e+01	0.00e+00	0.00e+00	0.00e+00	0.00e+00	0.00e+00	0.00e+00	0.00e+00	0.00e+00	0.00e+00	0.00e+00	0.00e+00	2.90e+01	2.10e+01	0.00e+00	0.00e+00	0.00e+00	2.90e+01	1.00e+00
run_01_1230	2.50e+03	2.50e+02	9.46e-01	1.90e+01	1.10e-27	2.26e+01	0.00e+00	0.00e+00	0.00e+00	0.00e+00	0.00e+00	0.00e+00	0.00e+00	0.00e+00	0.00e+00	0.00e+00	0.00e+00	2.74e+01	2.26e+01	0.00e+00	0.00e+00	0.00e+00	2.74e+01	1.00e+00
run_01_1231	2.50e+03	3.00e+02	6.30e-01	2.00e+01	1.69e-27	2.34e+01	0.00e+00	0.00e+00	0.00e+00	0.00e+00	0.00e+00	0.00e+00	0.00e+00	0.00e+00	0.00e+00	0.00e+00	0.00e+00	2.66e+01	2.34e+01	0.00e+00	0.00e+00	0.00e+00	2.66e+01	1.00e+00
run_01_1232	2.50e+03	3.50e+02	4.43e-01	2.00e+01	2.45e-27	2.38e+01	0.00e+00	0.00e+00	0.00e+00	0.00e+00	0.00e+00	0.00e+00	0.00e+00	0.00e+00	0.00e+00	0.00e+00	0.00e+00	2.62e+01	2.38e+01	0.00e+00	0.00e+00	0.00e+00	2.62e+01	1.00e+00
run_01_1233	2.50e+03	4.00e+02	3.23e-01	2.10e+01	3.43e-27	2.41e+01	0.00e+00	0.00e+00	0.00e+00	0.00e+00	0.00e+00	0.00e+00	0.00e+00	0.00e+00	0.00e+00	0.00e+00	0.00e+00	2.59e+01	2.41e+01	0.00e+00	0.00e+00	0.00e+00	2.59e+01	1.00e+00
run_01_1234	2.50e+03	4.50e+02	2.41e-01	2.10e+01	4.67e-27	2.43e+01	0.00e+00	0.00e+00	0.00e+00	0.00e+00	0.00e+00	0.00e+00	0.00e+00	0.00e+00	0.00e+00	0.00e+00	0.00e+00	2.57e+01	2.43e+01	0.00e+00	0.00e+00	0.00e+00	2.57e+01	1.00e+00
run_01_1235	2.50e+03	5.00e+02	1.83e-01	2.20e+01	6.26e-27	2.44e+01	0.00e+00	0.00e+00	0.00e+00	0.00e+00	0.00e+00	0.00e+00	0.00e+00	0.00e+00	0.00e+00	0.00e+00	0.00e+00	2.56e+01	2.44e+01	0.00e+00	0.00e+00	0.00e+00	2.56e+01	1.00e+00
run_01_1236	2.50e+03	5.50e+02	1.40e-01	2.20e+01	8.32e-27	2.45e+01	0.00e+00	0.00e+00	0.00e+00	0.00e+00	0.00e+00	0.00e+00	0.00e+00	0.00e+00	0.00e+00	0.00e+00	0.00e+00	2.55e+01	2.45e+01	0.00e+00	0.00e+00	0.00e+00	2.55e+01	1.00e+00
run_01_1237	2.50e+03	6.00e+02	1.08e-01	2.20e+01	1.10e-26	2.46e+01	0.00e+00	0.00e+00	0.00e+00	0.00e+00	0.00e+00	0.00e+00	0.00e+00	0.00e+00	0.00e+00	0.00e+00	0.00e+00	2.54e+01	2.46e+01	0.00e+00	0.00e+00	0.00e+00	2.54e+01	8.99e-01
run_01_1238	2.50e+03	6.50e+02	8.30e-02	2.30e+01	1.45e-26	2.47e+01	0.00e+00	0.00e+00	0.00e+00	0.00e+00	0.00e+00	0.00e+00	0.00e+00	0.00e+00	0.00e+00	0.00e+00	0.00e+00	2.53e+01	2.47e+01	0.00e+00	0.00e+00	0.00e+00	2.53e+01	6.91e-01
run_01_1239	2.50e+03	7.00e+02	6.36e-02	2.30e+01	1.94e-26	2.47e+01	0.00e+00	0.00e+00	0.00e+00	0.00e+00	0.00e+00	0.00e+00	0.00e+00	0.00e+00	0.00e+00	0.00e+00	0.00e+00	2.53e+01	2.47e+01	0.00e+00	0.00e+00	0.00e+00	2.53e+01	5.30e-01
run_01_1240	2.50e+03	7.50e+02	4.83e-02	2.30e+01	2.60e-26	2.48e+01	0.00e+00	0.00e+00	0.00e+00	0.00e+00	0.00e+00	0.00e+00	0.00e+00	0.00e+00	0.00e+00	0.00e+00	0.00e+00	2.52e+01	2.48e+01	0.00e+00	0.00e+00	0.00e+00	2.52e+01	4.03e-01
run_01_1241	2.50e+03	8.00e+02	3.62e-02	2.40e+01	3.55e-26	2.48e+01	0.00e+00	0.00e+00	0.00e+00	0.00e+00	0.00e+00	0.00e+00	0.00e+00	0.00e+00	0.00e+00	0.00e+00	0.00e+00	2.52e+01	2.48e+01	0.00e+00	0.00e+00	0.00e+00	2.52e+01	3.02e-01
run_01_1242	2.50e+03	8.50e+02	2.66e-02	2.40e+01	4.98e-26	2.48e+01	0.00e+00	0.00e+00	0.00e+00	0.00e+00	0.00e+00	0.00e+00	0.00e+00	0.00e+00	0.00e+00	0.00e+00	0.00e+00	2.52e+01	2.48e+01	0.00e+00	0.00e+00	0.00e+00	2.52e+01	2.22e-01
run_01_1243	2.50e+03	9.00e+02	1.90e-02	2.50e+01	7.18e-26	2.48e+01	0.00e+00	0.00e+00	0.00e+00	0.00e+00	0.00e+00	0.00e+00	0.00e+00	0.00e+00	0.00e+00	0.00e+00	0.00e+00	2.52e+01	2.48e+01	0.00e+00	0.00e+00	0.00e+00	2.52e+01	1.58e-01
run_01_1244	2.50e+03	9.50e+02	1.30e-02	2.50e+01	1.11e-25	2.48e+01	0.00e+00	0.00e+00	0.00e+00	0.00e+00	0.00e+00	0.00e+00	0.00e+00	0.00e+00	0.00e+00	0.00e+00	0.00e+00	2.52e+01	2.48e+01	0.00e+00	0.00e+00	0.00e+00	2.52e+01	1.09e-01
run_01_1245	2.50e+03	1.00e+03	8.42e-03	2.60e+01	1.90e-25	2.49e+01	0.00e+00	0.00e+00	0.00e+00	0.00e+00	0.00e+00	0.00e+00	0.00e+00	0.00e+00	0.00e+00	0.00e+00	0.00e+00	2.51e+01	2.49e+01	0.00e+00	0.00e+00	0.00e+00	2.51e+01	7.01e-02
run_01_1246	2.50e+03	1.05e+03	4.86e-03	2.60e+01	5.04e-25	2.49e+01	0.00e+00	0.00e+00	0.00e+00	0.00e+00	0.00e+00	0.00e+00	0.00e+00	0.00e+00	0.00e+00	0.00e+00	0.00e+00	2.51e+01	2.49e+01	0.00e+00	0.00e+00	0.00e+00	2.51e+01	4.05e-02
run_01_1247	2.50e+03	1.10e+03	2.13e-03	2.70e+01	2.32e-24	2.49e+01	0.00e+00	0.00e+00	0.00e+00	0.00e+00	0.00e+00	0.00e+00	0.00e+00	0.00e+00	0.00e+00	0.00e+00	0.00e+00	2.51e+01	2.49e+01	0.00e+00	0.00e+00	0.00e+00	2.51e+01	1.77e-02
run_01_1248	2.50e+03	1.15e+03	4.79e-04	2.90e+01	1.40e-23	2.49e+01	0.00e+00	0.00e+00	0.00e+00	0.00e+00	0.00e+00	0.00e+00	0.00e+00	0.00e+00	0.00e+00	0.00e+00	0.00e+00	2.51e+01	2.49e+01	0.00e+00	0.00e+00	0.00e+00	2.51e+01	3.99e-03
run_01_1249	2.50e+03	1.20e+03	4.56e-05	3.20e+01	9.33e-23	2.49e+01	0.00e+00	0.00e+00	0.00e+00	0.00e+00	0.00e+00	0.00e+00	0.00e+00	0.00e+00	0.00e+00	0.00e+00	0.00e+00	2.51e+01	2.49e+01	0.00e+00	0.00e+00	0.00e+00	2.51e+01	3.80e-04
run_01_1250	2.50e+03	1.25e+03	4.55e-06	3.30e+01	1.04e-22	2.49e+01	0.00e+00	0.00e+00	0.00e+00	0.00e+00	0.00e+00	0.00e+00	0.00e+00	0.00e+00	0.00e+00	0.00e+00	0.00e+00	2.51e+01	2.49e+01	0.00e+00	0.00e+00	0.00e+00	2.51e+01	3.79e-05
run_02_01	5.00e+01	1.00e+01	1.94e-04	2.50e+01	7.95e-24	0.00e+00	0.00e+00	0.00e+00	0.00e+00	0.00e+00	5.00e+01	0.00e+00	0.00e+00	0.00e+00	5.00e+01	0.00e+00	0.00e+00	0.00e+00	0.00e+00	0.00e+00	0.00e+00	0.00e+00	0.00e+00	1.61e-03
run_02_02	5.00e+01	2.00e+01	9.11e-06	2.90e+01	2.16e-22	0.00e+00	0.00e+00	0.00e+00	0.00e+00	0.00e+00	5.00e+01	0.00e+00	0.00e+00	0.00e+00	5.00e+01	0.00e+00	0.00e+00	0.00e+00	0.00e+00	0.00e+00	0.00e+00	0.00e+00	0.00e+00	7.59e-05
run_02_03	5.00e+01	3.00e+01	7.71e-06	2.90e+01	1.89e-22	0.00e+00	0.00e+00	0.00e+00	0.00e+00	0.00e+00	5.00e+01	0.00e+00	0.00e+00	0.00e+00	5.00e+01	0.00e+00	0.00e+00	0.00e+00	0.00e+00	0.00e+00	0.00e+00	0.00e+00	0.00e+00	6.43e-05
run_02_04	5.00e+01	4.00e+01	4.77e-05	2.80e+01	3.04e-23	0.00e+00	0.00e+00	0.00e+00	0.00e+00	0.00e+00	5.00e+01	0.00e+00	0.00e+00	0.00e+00	5.00e+01	0.00e+00	0.00e+00	0.00e+00	0.00e+00	0.00e+00	0.00e+00	0.00e+00	0.00e+00	3.97e-04
run_02_05	1.00e+02	1.00e+01	3.61e-03	2.20e+01	3.73e-25	0.00e+00	0.00e+00	0.00e+00	0.00e+00	0.00e+00	5.00e+01	0.00e+00	0.00e+00	0.00e+00	5.00e+01	0.00e+00	0.00e+00	0.00e+00	0.00e+00	0.00e+00	0.00e+00	0.00e+00	0.00e+00	3.00e-02
run_02_06	1.00e+02	2.00e+01	7.32e-04	2.40e+01	1.99e-24	0.00e+00	0.00e+00	0.00e+00	0.00e+00	0.00e+00	5.00e+01	0.00e+00	0.00e+00	0.00e+00	5.00e+01	0.00e+00	0.00e+00	0.00e+00	0.00e+00	0.00e+00	0.00e+00	0.00e+00	0.00e+00	6.10e-03
run_02_07	1.00e+02	3.00e+01	1.94e-04	2.60e+01	8.10e-24	0.00e+00	0.00e+00	0.00e+00	0.00e+00	0.00e+00	5.00e+01	0.00e+00	0.00e+00	0.00e+00	5.00e+01	0.00e+00	0.00e+00	0.00e+00	0.00e+00	0.00e+00	0.00e+00	0.00e+00	0.00e+00	1.62e-03
run_02_08	1.00e+02	4.00e+01	3.43e-05	2.80e+01	5.47e-23	0.00e+00	0.00e+00	0.00e+00	0.00e+00	0.00e+00	5.00e+01	0.00e+00	0.00e+00	0.00e+00	5.00e+01	0.00e+00	0.00e+00	0.00e+00	0.00e+00	0.00e+00	0.00e+00	0.00e+00	0.00e+00	2.86e-04
run_02_09	1.50e+02	1.00e+01	1.78e-02	2.00e+01	7.01e-26	0.00e+00	0.00e+00	0.00e+00	0.00e+00	0.00e+00	5.00e+01	0.00e+00	0.00e+00	0.00e+00	5.00e+01	0.00e+00	0.00e+00	0.00e+00	0.00e+00	0.00e+00	0.00e+00	0.00e+00	0.00e+00	1.48e-01
run_02_10	1.50e+02	2.00e+01	4.23e-03	2.20e+01	3.16e-25	0.00e+00	0.00e+00	0.00e+00	0.00e+00	0.00e+00	5.00e+01	0.00e+00	0.00e+00	0.00e+00	5.00e+01	0.00e+00	0.00e+00	0.00e+00	0.00e+00	0.00e+00	0.00e+00	0.00e+00	0.00e+00	3.53e-02
run_02_11	1.50e+02	3.00e+01	1.59e-03	2.40e+01	8.85e-25	0.00e+00	0.00e+00	0.00e+00	0.00e+00	0.00e+00	5.00e+01	0.00e+00	0.00e+00	0.00e+00	5.00e+01	0.00e+00	0.00e+00	0.00e+00	0.00e+00	0.00e+00	0.00e+00	0.00e+00	0.00e+00	1.32e-02
run_02_12	1.50e+02	4.00e+01	6.62e-04	2.50e+01	2.23e-24	0.00e+00	0.00e+00	0.00e+00	0.00e+00	0.00e+00	5.00e+01	0.00e+00	0.00e+00	0.00e+00	5.00e+01	0.00e+00	0.00e+00	0.00e+00	0.00e+00	0.00e+00	0.00e+00	0.00e+00	0.00e+00	5.52e-03
run_02_13	2.00e+02	1.00e+01	5.40e-02	1.90e+01	2.18e-26	0.00e+00	0.00e+00	0.00e+00	0.00e+00	0.00e+00	5.00e+01	0.00e+00	0.00e+00	0.00e+00	5.00e+01	0.00e+00	0.00e+00	0.00e+00	0.00e+00	0.00e+00	0.00e+00	0.00e+00	0.00e+00	4.50e-01
run_02_14	2.00e+02	2.00e+01	1.36e-02	2.10e+01	9.32e-26	0.00e+00	0.00e+00	0.00e+00	0.00e+00	0.00e+00	5.00e+01	0.00e+00	0.00e+00	0.00e+00	5.00e+01	0.00e+00	0.00e+00	0.00e+00	0.00e+00	0.00e+00	0.00e+00	0.00e+00	0.00e+00	1.13e-01
run_02_15	2.00e+02	3.00e+01	5.61e-03	2.30e+01	2.35e-25	0.00e+00	0.00e+00	0.00e+00	0.00e+00	0.00e+00	5.00e+01	0.00e+00	0.00e+00	0.00e+00	5.00e+01	0.00e+00	0.00e+00	0.00e+00	0.00e+00	0.00e+00	0.00e+00	0.00e+00	0.00e+00	4.67e-02
run_02_16	2.00e+02	4.00e+01	2.75e-03	2.40e+01	4.97e-25	0.00e+00	0.00e+00	0.00e+00	0.00e+00	0.00e+00	5.00e+01	0.00e+00	0.00e+00	0.00e+00	5.00e+01	0.00e+00	0.00e+00	0.00e+00	0.00e+00	0.00e+00	0.00e+00	0.00e+00	0.00e+00	2.29e-02
run_02_17	2.50e+02	1.00e+01	1.27e-01	1.80e+01	8.85e-27	0.00e+00	0.00e+00	0.00e+00	0.00e+00	0.00e+00	5.00e+01	0.00e+00	0.00e+00	0.00e+00	5.00e+01	0.00e+00	0.00e+00	0.00e+00	0.00e+00	0.00e+00	0.00e+00	0.00e+00	0.00e+00	1.00e+00
run_02_18	2.50e+02	2.00e+01	3.28e-02	2.00e+01	3.70e-26	0.00e+00	0.00e+00	0.00e+00	0.00e+00	0.00e+00	5.00e+01	0.00e+00	0.00e+00	0.00e+00	5.00e+01	0.00e+00	0.00e+00	0.00e+00	0.00e+00	0.00e+00	0.00e+00	0.00e+00	0.00e+00	2.73e-01
run_02_19	2.50e+02	3.00e+01	1.41e-02	2.20e+01	8.94e-26	0.00e+00	0.00e+00	0.00e+00	0.00e+00	0.00e+00	5.00e+01	0.00e+00	0.00e+00	0.00e+00	5.00e+01	0.00e+00	0.00e+00	0.00e+00	0.00e+00	0.00e+00	0.00e+00	0.00e+00	0.00e+00	1.18e-01
run_02_20	2.50e+02	4.00e+01	7.38e-03	2.20e+01	1.77e-25	0.00e+00	0.00e+00	0.00e+00	0.00e+00	0.00e+00	5.00e+01	0.00e+00	0.00e+00	0.00e+00	5.00e+01	0.00e+00	0.00e+00	0.00e+00	0.00e+00	0.00e+00	0.00e+00	0.00e+00	0.00e+00	6.15e-02
run_02_21	3.00e+02	1.00e+01	2.55e-01	1.80e+01	4.25e-27	0.00e+00	0.00e+00	0.00e+00	0.00e+00	0.00e+00	5.00e+01	0.00e+00	0.00e+00	0.00e+00	5.00e+01	0.00e+00	0.00e+00	0.00e+00	0.00e+00	0.00e+00	0.00e+00	0.00e+00	0.00e+00	1.00e+00
run_02_22	3.00e+02	2.00e+01	6.67e-02	2.00e+01	1.75e-26	0.00e+00	0.00e+00	0.00e+00	0.00e+00	0.00e+00	5.00e+01	0.00e+00	0.00e+00	0.00e+00	5.00e+01	0.00e+00	0.00e+00	0.00e+00	0.00e+00	0.00e+00	0.00e+00	0.00e+00	0.00e+00	5.56e-01
run_02_23	3.00e+02	3.00e+01	2.94e-02	2.10e+01	4.14e-26	0.00e+00	0.00e+00	0.00e+00	0.00e+00	0.00e+00	5.00e+01	0.00e+00	0.00e+00	0.00e+00	5.00e+01	0.00e+00	0.00e+00	0.00e+00	0.00e+00	0.00e+00	0.00e+00	0.00e+00	0.00e+00	2.45e-01
run_02_24	3.00e+02	4.00e+01	1.59e-02	2.20e+01	7.91e-26	0.00e+00	0.00e+00	0.00e+00	0.00e+00	0.00e+00	5.00e+01	0.00e+00	0.00e+00	0.00e+00	5.00e+01	0.00e+00	0.00e+00	0.00e+00	0.00e+00	0.00e+00	0.00e+00	0.00e+00	0.00e+00	1.32e-01
run_02_25	3.50e+02	1.00e+01	4.58e-01	1.70e+01	2.29e-27	0.00e+00	0.00e+00	0.00e+00	0.00e+00	0.00e+00	5.00e+01	0.00e+00	0.00e+00	0.00e+00	5.00e+01	0.00e+00	0.00e+00	0.00e+00	0.00e+00	0.00e+00	0.00e+00	0.00e+00	0.00e+00	1.00e+00
run_02_26	3.50e+02	2.00e+01	1.21e-01	1.90e+01	9.35e-27	0.00e+00	0.00e+00	0.00e+00	0.00e+00	0.00e+00	5.00e+01	0.00e+00	0.00e+00	0.00e+00	5.00e+01	0.00e+00	0.00e+00	0.00e+00	0.00e+00	0.00e+00	0.00e+00	0.00e+00	0.00e+00	1.00e+00
run_02_27	3.50e+02	3.00e+01	5.41e-02	2.00e+01	2.18e-26	0.00e+00	0.00e+00	0.00e+00	0.00e+00	0.00e+00	5.00e+01	0.00e+00	0.00e+00	0.00e+00	5.00e+01	0.00e+00	0.00e+00	0.00e+00	0.00e+00	0.00e+00	0.00e+00	0.00e+00	0.00e+00	4.51e-01
run_02_28	3.50e+02	4.00e+01	2.97e-02	2.10e+01	4.09e-26	0.00e+00	0.00e+00	0.00e+00	0.00e+00	0.00e+00	5.00e+01	0.00e+00	0.00e+00	0.00e+00	5.00e+01	0.00e+00	0.00e+00	0.00e+00	0.00e+00	0.00e+00	0.00e+00	0.00e+00	0.00e+00	2.48e-01
run_02_29	4.00e+02	1.00e+01	7.60e-01	1.60e+01	1.34e-27	0.00e+00	0.00e+00	0.00e+00	0.00e+00	0.00e+00	5.00e+01	0.00e+00	0.00e+00	0.00e+00	5.00e+01	0.00e+00	0.00e+00	0.00e+00	0.00e+00	0.00e+00	0.00e+00	0.00e+00	0.00e+00	1.00e+00
run_02_30	4.00e+02	2.00e+01	2.02e-01	1.80e+01	5.44e-27	0.00e+00	0.00e+00	0.00e+00	0.00e+00	0.00e+00	5.00e+01	0.00e+00	0.00e+00	0.00e+00	5.00e+01	0.00e+00	0.00e+00	0.00e+00	0.00e+00	0.00e+00	0.00e+00	0.00e+00	0.00e+00	1.00e+00
run_02_31	4.00e+02	3.00e+01	9.12e-02	2.00e+01	1.26e-26	0.00e+00	0.00e+00	0.00e+00	0.00e+00	0.00e+00	5.00e+01	0.00e+00	0.00e+00	0.00e+00	5.00e+01	0.00e+00	0.00e+00	0.00e+00	0.00e+00	0.00e+00	0.00e+00	0.00e+00	0.00e+00	7.60e-01
run_02_32	4.00e+02	4.00e+01	5.08e-02	2.00e+01	2.33e-26	0.00e+00	0.00e+00	0.00e+00	0.00e+00	0.00e+00	5.00e+01	0.00e+00	0.00e+00	0.00e+00	5.00e+01	0.00e+00	0.00e+00	0.00e+00	0.00e+00	0.00e+00	0.00e+00	0.00e+00	0.00e+00	4.23e-01
run_02_33	4.50e+02	1.00e+01	1.19e+00	1.60e+01	8.34e-28	0.00e+00	0.00e+00	0.00e+00	0.00e+00	0.00e+00	5.00e+01	0.00e+00	0.00e+00	0.00e+00	5.00e+01	0.00e+00	0.00e+00	0.00e+00	0.00e+00	0.00e+00	0.00e+00	0.00e+00	0.00e+00	1.00e+00
run_02_34	4.50e+02	2.00e+01	3.18e-01	1.80e+01	3.38e-27	0.00e+00	0.00e+00	0.00e+00	0.00e+00	0.00e+00	5.00e+01	0.00e+00	0.00e+00	0.00e+00	5.00e+01	0.00e+00	0.00e+00	0.00e+00	0.00e+00	0.00e+00	0.00e+00	0.00e+00	0.00e+00	1.00e+00
run_02_35	4.50e+02	3.00e+01	1.44e-01	1.90e+01	7.78e-27	0.00e+00	0.00e+00	0.00e+00	0.00e+00	0.00e+00	5.00e+01	0.00e+00	0.00e+00	0.00e+00	5.00e+01	0.00e+00	0.00e+00	0.00e+00	0.00e+00	0.00e+00	0.00e+00	0.00e+00	0.00e+00	1.00e+00
run_02_36	4.50e+02	4.00e+01	8.10e-02	2.00e+01	1.43e-26	0.00e+00	0.00e+00	0.00e+00	0.00e+00	0.00e+00	5.00e+01	0.00e+00	0.00e+00	0.00e+00	5.00e+01	0.00e+00	0.00e+00	0.00e+00	0.00e+00	0.00e+00	0.00e+00	0.00e+00	0.00e+00	6.75e-01
run_02_37	5.00e+02	1.00e+01	1.77e+00	1.50e+01	5.47e-28	0.00e+00	0.00e+00	0.00e+00	0.00e+00	0.00e+00	5.00e+01	0.00e+00	0.00e+00	0.00e+00	5.00e+01	0.00e+00	0.00e+00	0.00e+00	0.00e+00	0.00e+00	0.00e+00	0.00e+00	0.00e+00	1.00e+00
run_02_38	5.00e+02	2.00e+01	4.75e-01	1.80e+01	2.21e-27	0.00e+00	0.00e+00	0.00e+00	0.00e+00	0.00e+00	5.00e+01	0.00e+00	0.00e+00	0.00e+00	5.00e+01	0.00e+00	0.00e+00	0.00e+00	0.00e+00	0.00e+00	0.00e+00	0.00e+00	0.00e+00	1.00e+00
run_02_39	5.00e+02	3.00e+01	2.17e-01	1.90e+01	5.07e-27	0.00e+00	0.00e+00	0.00e+00	0.00e+00	0.00e+00	5.00e+01	0.00e+00	0.00e+00	0.00e+00	5.00e+01	0.00e+00	0.00e+00	0.00e+00	0.00e+00	0.00e+00	0.00e+00	0.00e+00	0.00e+00	1.00e+00
run_02_40	5.00e+02	4.00e+01	1.22e-01	2.00e+01	9.24e-27	0.00e+00	0.00e+00	0.00e+00	0.00e+00	0.00e+00	5.00e+01	0.00e+00	0.00e+00	0.00e+00	5.00e+01	0.00e+00	0.00e+00	0.00e+00	0.00e+00	0.00e+00	0.00e+00	0.00e+00	0.00e+00	1.00e+00
run_02_41	5.50e+02	1.00e+01	2.53e+00	1.50e+01	3.73e-28	0.00e+00	0.00e+00	0.00e+00	0.00e+00	0.00e+00	5.00e+01	0.00e+00	0.00e+00	0.00e+00	5.00e+01	0.00e+00	0.00e+00	0.00e+00	0.00e+00	0.00e+00	0.00e+00	0.00e+00	0.00e+00	1.00e+00
run_02_42	5.50e+02	2.00e+01	6.83e-01	1.70e+01	1.51e-27	0.00e+00	0.00e+00	0.00e+00	0.00e+00	0.00e+00	5.00e+01	0.00e+00	0.00e+00	0.00e+00	5.00e+01	0.00e+00	0.00e+00	0.00e+00	0.00e+00	0.00e+00	0.00e+00	0.00e+00	0.00e+00	1.00e+00
run_02_43	5.50e+02	3.00e+01	3.13e-01	1.80e+01	3.44e-27	0.00e+00	0.00e+00	0.00e+00	0.00e+00	0.00e+00	5.00e+01	0.00e+00	0.00e+00	0.00e+00	5.00e+01	0.00e+00	0.00e+00	0.00e+00	0.00e+00	0.00e+00	0.00e+00	0.00e+00	0.00e+00	1.00e+00
run_02_44	5.50e+02	4.00e+01	1.78e-01	1.90e+01	6.24e-27	0.00e+00	0.00e+00	0.00e+00	0.00e+00	0.00e+00	5.00e+01	0.00e+00	0.00e+00	0.00e+00	5.00e+01	0.00e+00	0.00e+00	0.00e+00	0.00e+00	0.00e+00	0.00e+00	0.00e+00	0.00e+00	1.00e+00
run_02_45	6.00e+02	1.00e+01	3.51e+00	1.50e+01	2.63e-28	0.00e+00	0.00e+00	0.00e+00	0.00e+00	0.00e+00	5.00e+01	0.00e+00	0.00e+00	0.00e+00	5.00e+01	0.00e+00	0.00e+00	0.00e+00	0.00e+00	0.00e+00	0.00e+00	0.00e+00	0.00e+00	1.00e+00
run_02_46	6.00e+02	2.00e+01	9.51e-01	1.70e+01	1.06e-27	0.00e+00	0.00e+00	0.00e+00	0.00e+00	0.00e+00	5.00e+01	0.00e+00	0.00e+00	0.00e+00	5.00e+01	0.00e+00	0.00e+00	0.00e+00	0.00e+00	0.00e+00	0.00e+00	0.00e+00	0.00e+00	1.00e+00
run_02_47	6.00e+02	3.00e+01	4.37e-01	1.80e+01	2.42e-27	0.00e+00	0.00e+00	0.00e+00	0.00e+00	0.00e+00	5.00e+01	0.00e+00	0.00e+00	0.00e+00	5.00e+01	0.00e+00	0.00e+00	0.00e+00	0.00e+00	0.00e+00	0.00e+00	0.00e+00	0.00e+00	1.00e+00
run_02_48	6.00e+02	4.00e+01	2.49e-01	1.90e+01	4.38e-27	0.00e+00	0.00e+00	0.00e+00	0.00e+00	0.00e+00	5.00e+01	0.00e+00	0.00e+00	0.00e+00	5.00e+01	0.00e+00	0.00e+00	0.00e+00	0.00e+00	0.00e+00	0.00e+00	0.00e+00	0.00e+00	1.00e+00
run_02_49	6.50e+02	1.00e+01	4.75e+00	1.40e+01	1.91e-28	0.00e+00	0.00e+00	0.00e+00	0.00e+00	0.00e+00	5.00e+01	0.00e+00	0.00e+00	0.00e+00	5.00e+01	0.00e+00	0.00e+00	0.00e+00	0.00e+00	0.00e+00	0.00e+00	0.00e+00	0.00e+00	1.00e+00
run_02_50	6.50e+02	2.00e+01	1.29e+00	1.60e+01	7.69e-28	0.00e+00	0.00e+00	0.00e+00	0.00e+00	0.00e+00	5.00e+01	0.00e+00	0.00e+00	0.00e+00	5.00e+01	0.00e+00	0.00e+00	0.00e+00	0.00e+00	0.00e+00	0.00e+00	0.00e+00	0.00e+00	1.00e+00
run_02_51	6.50e+02	3.00e+01	5.93e-01	1.80e+01	1.75e-27	0.00e+00	0.00e+00	0.00e+00	0.00e+00	0.00e+00	5.00e+01	0.00e+00	0.00e+00	0.00e+00	5.00e+01	0.00e+00	0.00e+00	0.00e+00	0.00e+00	0.00e+00	0.00e+00	0.00e+00	0.00e+00	1.00e+00
run_02_52	6.50e+02	4.00e+01	3.39e-01	1.90e+01	3.16e-27	0.00e+00	0.00e+00	0.00e+00	0.00e+00	0.00e+00	5.00e+01	0.00e+00	0.00e+00	0.00e+00	5.00e+01	0.00e+00	0.00e+00	0.00e+00	0.00e+00	0.00e+00	0.00e+00	0.00e+00	0.00e+00	1.00e+00
run_02_53	7.00e+02	1.00e+01	6.27e+00	1.40e+01	1.42e-28	0.00e+00	0.00e+00	0.00e+00	0.00e+00	0.00e+00	5.00e+01	0.00e+00	0.00e+00	0.00e+00	5.00e+01	0.00e+00	0.00e+00	0.00e+00	0.00e+00	0.00e+00	0.00e+00	0.00e+00	0.00e+00	1.00e+00
run_02_54	7.00e+02	2.00e+01	1.71e+00	1.60e+01	5.71e-28	0.00e+00	0.00e+00	0.00e+00	0.00e+00	0.00e+00	5.00e+01	0.00e+00	0.00e+00	0.00e+00	5.00e+01	0.00e+00	0.00e+00	0.00e+00	0.00e+00	0.00e+00	0.00e+00	0.00e+00	0.00e+00	1.00e+00
run_02_55	7.00e+02	3.00e+01	7.88e-01	1.70e+01	1.30e-27	0.00e+00	0.00e+00	0.00e+00	0.00e+00	0.00e+00	5.00e+01	0.00e+00	0.00e+00	0.00e+00	5.00e+01	0.00e+00	0.00e+00	0.00e+00	0.00e+00	0.00e+00	0.00e+00	0.00e+00	0.00e+00	1.00e+00
run_02_56	7.00e+02	4.00e+01	4.51e-01	1.80e+01	2.34e-27	0.00e+00	0.00e+00	0.00e+00	0.00e+00	0.00e+00	5.00e+01	0.00e+00	0.00e+00	0.00e+00	5.00e+01	0.00e+00	0.00e+00	0.00e+00	0.00e+00	0.00e+00	0.00e+00	0.00e+00	0.00e+00	1.00e+00
run_02_57	7.50e+02	1.00e+01	8.13e+00	1.40e+01	1.08e-28	0.00e+00	0.00e+00	0.00e+00	0.00e+00	0.00e+00	5.00e+01	0.00e+00	0.00e+00	0.00e+00	5.00e+01	0.00e+00	0.00e+00	0.00e+00	0.00e+00	0.00e+00	0.00e+00	0.00e+00	0.00e+00	1.00e+00
run_02_58	7.50e+02	2.00e+01	2.22e+00	1.60e+01	4.33e-28	0.00e+00	0.00e+00	0.00e+00	0.00e+00	0.00e+00	5.00e+01	0.00e+00	0.00e+00	0.00e+00	5.00e+01	0.00e+00	0.00e+00	0.00e+00	0.00e+00	0.00e+00	0.00e+00	0.00e+00	0.00e+00	1.00e+00
run_02_59	7.50e+02	3.00e+01	1.02e+00	1.70e+01	9.83e-28	0.00e+00	0.00e+00	0.00e+00	0.00e+00	0.00e+00	5.00e+01	0.00e+00	0.00e+00	0.00e+00	5.00e+01	0.00e+00	0.00e+00	0.00e+00	0.00e+00	0.00e+00	0.00e+00	0.00e+00	0.00e+00	1.00e+00
run_02_60	7.50e+02	4.00e+01	5.88e-01	1.80e+01	1.77e-27	0.00e+00	0.00e+00	0.00e+00	0.00e+00	0.00e+00	5.00e+01	0.00e+00	0.00e+00	0.00e+00	5.00e+01	0.00e+00	0.00e+00	0.00e+00	0.00e+00	0.00e+00	0.00e+00	0.00e+00	0.00e+00	1.00e+00
run_02_61	8.00e+02	1.00e+01	1.03e+01	1.40e+01	8.32e-29	0.00e+00	0.00e+00	0.00e+00	0.00e+00	0.00e+00	5.00e+01	0.00e+00	0.00e+00	0.00e+00	5.00e+01	0.00e+00	0.00e+00	0.00e+00	0.00e+00	0.00e+00	0.00e+00	0.00e+00	0.00e+00	1.00e+00
run_02_62	8.00e+02	2.00e+01	2.83e+00	1.60e+01	3.34e-28	0.00e+00	0.00e+00	0.00e+00	0.00e+00	0.00e+00	5.00e+01	0.00e+00	0.00e+00	0.00e+00	5.00e+01	0.00e+00	0.00e+00	0.00e+00	0.00e+00	0.00e+00	0.00e+00	0.00e+00	0.00e+00	1.00e+00
run_02_63	8.00e+02	3.00e+01	1.31e+00	1.70e+01	7.58e-28	0.00e+00	0.00e+00	0.00e+00	0.00e+00	0.00e+00	5.00e+01	0.00e+00	0.00e+00	0.00e+00	5.00e+01	0.00e+00	0.00e+00	0.00e+00	0.00e+00	0.00e+00	0.00e+00	0.00e+00	0.00e+00	1.00e+00
run_02_64	8.00e+02	4.00e+01	7.53e-01	1.80e+01	1.36e-27	0.00e+00	0.00e+00	0.00e+00	0.00e+00	0.00e+00	5.00e+01	0.00e+00	0.00e+00	0.00e+00	5.00e+01	0.00e+00	0.00e+00	0.00e+00	0.00e+00	0.00e+00	0.00e+00	0.00e+00	0.00e+00	1.00e+00
run_02_65	8.50e+02	1.00e+01	1.30e+01	1.30e+01	6.53e-29	0.00e+00	0.00e+00	0.00e+00	0.00e+00	0.00e+00	5.00e+01	0.00e+00	0.00e+00	0.00e+00	5.00e+01	0.00e+00	0.00e+00	0.00e+00	0.00e+00	0.00e+00	0.00e+00	0.00e+00	0.00e+00	1.00e+00
run_02_66	8.50e+02	2.00e+01	3.56e+00	1.50e+01	2.62e-28	0.00e+00	0.00e+00	0.00e+00	0.00e+00	0.00e+00	5.00e+01	0.00e+00	0.00e+00	0.00e+00	5.00e+01	0.00e+00	0.00e+00	0.00e+00	0.00e+00	0.00e+00	0.00e+00	0.00e+00	0.00e+00	1.00e+00
run_02_67	8.50e+02	3.00e+01	1.65e+00	1.70e+01	5.94e-28	0.00e+00	0.00e+00	0.00e+00	0.00e+00	0.00e+00	5.00e+01	0.00e+00	0.00e+00	0.00e+00	5.00e+01	0.00e+00	0.00e+00	0.00e+00	0.00e+00	0.00e+00	0.00e+00	0.00e+00	0.00e+00	1.00e+00
run_02_68	8.50e+02	4.00e+01	9.50e-01	1.70e+01	1.06e-27	0.00e+00	0.00e+00	0.00e+00	0.00e+00	0.00e+00	5.00e+01	0.00e+00	0.00e+00	0.00e+00	5.00e+01	0.00e+00	0.00e+00	0.00e+00	0.00e+00	0.00e+00	0.00e+00	0.00e+00	0.00e+00	1.00e+00
run_02_69	9.00e+02	1.00e+01	1.61e+01	1.30e+01	5.19e-29	0.00e+00	0.00e+00	0.00e+00	0.00e+00	0.00e+00	5.00e+01	0.00e+00	0.00e+00	0.00e+00	5.00e+01	0.00e+00	0.00e+00	0.00e+00	0.00e+00	0.00e+00	0.00e+00	0.00e+00	0.00e+00	1.00e+00
run_02_70	9.00e+02	2.00e+01	4.41e+00	1.50e+01	2.08e-28	0.00e+00	0.00e+00	0.00e+00	0.00e+00	0.00e+00	5.00e+01	0.00e+00	0.00e+00	0.00e+00	5.00e+01	0.00e+00	0.00e+00	0.00e+00	0.00e+00	0.00e+00	0.00e+00	0.00e+00	0.00e+00	1.00e+00
run_02_71	9.00e+02	3.00e+01	2.05e+00	1.60e+01	4.72e-28	0.00e+00	0.00e+00	0.00e+00	0.00e+00	0.00e+00	5.00e+01	0.00e+00	0.00e+00	0.00e+00	5.00e+01	0.00e+00	0.00e+00	0.00e+00	0.00e+00	0.00e+00	0.00e+00	0.00e+00	0.00e+00	1.00e+00
run_02_72	9.00e+02	4.00e+01	1.18e+00	1.70e+01	8.45e-28	0.00e+00	0.00e+00	0.00e+00	0.00e+00	0.00e+00	5.00e+01	0.00e+00	0.00e+00	0.00e+00	5.00e+01	0.00e+00	0.00e+00	0.00e+00	0.00e+00	0.00e+00	0.00e+00	0.00e+00	0.00e+00	1.00e+00
run_02_73	9.50e+02	1.00e+01	1.97e+01	1.30e+01	4.18e-29	0.00e+00	0.00e+00	0.00e+00	0.00e+00	0.00e+00	5.00e+01	0.00e+00	0.00e+00	0.00e+00	5.00e+01	0.00e+00	0.00e+00	0.00e+00	0.00e+00	0.00e+00	0.00e+00	0.00e+00	0.00e+00	1.00e+00
run_02_74	9.50e+02	2.00e+01	5.41e+00	1.50e+01	1.68e-28	0.00e+00	0.00e+00	0.00e+00	0.00e+00	0.00e+00	5.00e+01	0.00e+00	0.00e+00	0.00e+00	5.00e+01	0.00e+00	0.00e+00	0.00e+00	0.00e+00	0.00e+00	0.00e+00	0.00e+00	0.00e+00	1.00e+00
run_02_75	9.50e+02	3.00e+01	2.52e+00	1.60e+01	3.80e-28	0.00e+00	0.00e+00	0.00e+00	0.00e+00	0.00e+00	5.00e+01	0.00e+00	0.00e+00	0.00e+00	5.00e+01	0.00e+00	0.00e+00	0.00e+00	0.00e+00	0.00e+00	0.00e+00	0.00e+00	0.00e+00	1.00e+00
run_02_76	9.50e+02	4.00e+01	1.45e+00	1.70e+01	6.80e-28	0.00e+00	0.00e+00	0.00e+00	0.00e+00	0.00e+00	5.00e+01	0.00e+00	0.00e+00	0.00e+00	5.00e+01	0.00e+00	0.00e+00	0.00e+00	0.00e+00	0.00e+00	0.00e+00	0.00e+00	0.00e+00	1.00e+00
run_02_77	1.00e+03	1.00e+01	2.38e+01	1.30e+01	3.41e-29	0.00e+00	0.00e+00	0.00e+00	0.00e+00	0.00e+00	5.00e+01	0.00e+00	0.00e+00	0.00e+00	5.00e+01	0.00e+00	0.00e+00	0.00e+00	0.00e+00	0.00e+00	0.00e+00	0.00e+00	0.00e+00	1.00e+00
run_02_78	1.00e+03	2.00e+01	6.56e+00	1.50e+01	1.37e-28	0.00e+00	0.00e+00	0.00e+00	0.00e+00	0.00e+00	5.00e+01	0.00e+00	0.00e+00	0.00e+00	5.00e+01	0.00e+00	0.00e+00	0.00e+00	0.00e+00	0.00e+00	0.00e+00	0.00e+00	0.00e+00	1.00e+00
run_02_79	1.00e+03	3.00e+01	3.05e+00	1.60e+01	3.09e-28	0.00e+00	0.00e+00	0.00e+00	0.00e+00	0.00e+00	5.00e+01	0.00e+00	0.00e+00	0.00e+00	5.00e+01	0.00e+00	0.00e+00	0.00e+00	0.00e+00	0.00e+00	0.00e+00	0.00e+00	0.00e+00	1.00e+00
run_02_80	1.00e+03	4.00e+01	1.77e+00	1.70e+01	5.53e-28	0.00e+00	0.00e+00	0.00e+00	0.00e+00	0.00e+00	5.00e+01	0.00e+00	0.00e+00	0.00e+00	5.00e+01	0.00e+00	0.00e+00	0.00e+00	0.00e+00	0.00e+00	0.00e+00	0.00e+00	0.00e+00	1.00e+00
run_02_81	1.05e+03	1.00e+01	2.86e+01	1.30e+01	2.80e-29	0.00e+00	0.00e+00	0.00e+00	0.00e+00	0.00e+00	5.00e+01	0.00e+00	0.00e+00	0.00e+00	5.00e+01	0.00e+00	0.00e+00	0.00e+00	0.00e+00	0.00e+00	0.00e+00	0.00e+00	0.00e+00	1.00e+00
run_02_82	1.05e+03	2.00e+01	7.88e+00	1.50e+01	1.12e-28	0.00e+00	0.00e+00	0.00e+00	0.00e+00	0.00e+00	5.00e+01	0.00e+00	0.00e+00	0.00e+00	5.00e+01	0.00e+00	0.00e+00	0.00e+00	0.00e+00	0.00e+00	0.00e+00	0.00e+00	0.00e+00	1.00e+00
run_02_83	1.05e+03	3.00e+01	3.67e+00	1.60e+01	2.54e-28	0.00e+00	0.00e+00	0.00e+00	0.00e+00	0.00e+00	5.00e+01	0.00e+00	0.00e+00	0.00e+00	5.00e+01	0.00e+00	0.00e+00	0.00e+00	0.00e+00	0.00e+00	0.00e+00	0.00e+00	0.00e+00	1.00e+00
run_02_84	1.05e+03	4.00e+01	2.13e+00	1.70e+01	4.54e-28	0.00e+00	0.00e+00	0.00e+00	0.00e+00	0.00e+00	5.00e+01	0.00e+00	0.00e+00	0.00e+00	5.00e+01	0.00e+00	0.00e+00	0.00e+00	0.00e+00	0.00e+00	0.00e+00	0.00e+00	0.00e+00	1.00e+00
run_02_85	1.10e+03	1.00e+01	3.40e+01	1.20e+01	2.33e-29	0.00e+00	0.00e+00	0.00e+00	0.00e+00	0.00e+00	5.00e+01	0.00e+00	0.00e+00	0.00e+00	5.00e+01	0.00e+00	0.00e+00	0.00e+00	0.00e+00	0.00e+00	0.00e+00	0.00e+00	0.00e+00	1.00e+00
run_02_86	1.10e+03	2.00e+01	9.39e+00	1.40e+01	9.32e-29	0.00e+00	0.00e+00	0.00e+00	0.00e+00	0.00e+00	5.00e+01	0.00e+00	0.00e+00	0.00e+00	5.00e+01	0.00e+00	0.00e+00	0.00e+00	0.00e+00	0.00e+00	0.00e+00	0.00e+00	0.00e+00	1.00e+00
run_02_87	1.10e+03	3.00e+01	4.38e+00	1.60e+01	2.11e-28	0.00e+00	0.00e+00	0.00e+00	0.00e+00	0.00e+00	5.00e+01	0.00e+00	0.00e+00	0.00e+00	5.00e+01	0.00e+00	0.00e+00	0.00e+00	0.00e+00	0.00e+00	0.00e+00	0.00e+00	0.00e+00	1.00e+00
run_02_88	1.10e+03	4.00e+01	2.54e+00	1.60e+01	3.76e-28	0.00e+00	0.00e+00	0.00e+00	0.00e+00	0.00e+00	5.00e+01	0.00e+00	0.00e+00	0.00e+00	5.00e+01	0.00e+00	0.00e+00	0.00e+00	0.00e+00	0.00e+00	0.00e+00	0.00e+00	0.00e+00	1.00e+00
run_02_89	1.15e+03	1.00e+01	4.01e+01	1.20e+01	1.95e-29	0.00e+00	0.00e+00	0.00e+00	0.00e+00	0.00e+00	5.00e+01	0.00e+00	0.00e+00	0.00e+00	5.00e+01	0.00e+00	0.00e+00	0.00e+00	0.00e+00	0.00e+00	0.00e+00	0.00e+00	0.00e+00	1.00e+00
run_02_90	1.15e+03	2.00e+01	1.11e+01	1.40e+01	7.80e-29	0.00e+00	0.00e+00	0.00e+00	0.00e+00	0.00e+00	5.00e+01	0.00e+00	0.00e+00	0.00e+00	5.00e+01	0.00e+00	0.00e+00	0.00e+00	0.00e+00	0.00e+00	0.00e+00	0.00e+00	0.00e+00	1.00e+00
run_02_91	1.15e+03	3.00e+01	5.18e+00	1.50e+01	1.76e-28	0.00e+00	0.00e+00	0.00e+00	0.00e+00	0.00e+00	5.00e+01	0.00e+00	0.00e+00	0.00e+00	5.00e+01	0.00e+00	0.00e+00	0.00e+00	0.00e+00	0.00e+00	0.00e+00	0.00e+00	0.00e+00	1.00e+00
run_02_92	1.15e+03	4.00e+01	3.00e+00	1.60e+01	3.15e-28	0.00e+00	0.00e+00	0.00e+00	0.00e+00	0.00e+00	5.00e+01	0.00e+00	0.00e+00	0.00e+00	5.00e+01	0.00e+00	0.00e+00	0.00e+00	0.00e+00	0.00e+00	0.00e+00	0.00e+00	0.00e+00	1.00e+00
run_02_93	1.20e+03	1.00e+01	4.70e+01	1.20e+01	1.64e-29	0.00e+00	0.00e+00	0.00e+00	0.00e+00	0.00e+00	5.00e+01	0.00e+00	0.00e+00	0.00e+00	5.00e+01	0.00e+00	0.00e+00	0.00e+00	0.00e+00	0.00e+00	0.00e+00	0.00e+00	0.00e+00	1.00e+00
run_02_94	1.20e+03	2.00e+01	1.30e+01	1.40e+01	6.58e-29	0.00e+00	0.00e+00	0.00e+00	0.00e+00	0.00e+00	5.00e+01	0.00e+00	0.00e+00	0.00e+00	5.00e+01	0.00e+00	0.00e+00	0.00e+00	0.00e+00	0.00e+00	0.00e+00	0.00e+00	0.00e+00	1.00e+00
run_02_95	1.20e+03	3.00e+01	6.08e+00	1.50e+01	1.49e-28	0.00e+00	0.00e+00	0.00e+00	0.00e+00	0.00e+00	5.00e+01	0.00e+00	0.00e+00	0.00e+00	5.00e+01	0.00e+00	0.00e+00	0.00e+00	0.00e+00	0.00e+00	0.00e+00	0.00e+00	0.00e+00	1.00e+00
run_02_96	1.20e+03	4.00e+01	3.53e+00	1.60e+01	2.65e-28	0.00e+00	0.00e+00	0.00e+00	0.00e+00	0.00e+00	5.00e+01	0.00e+00	0.00e+00	0.00e+00	5.00e+01	0.00e+00	0.00e+00	0.00e+00	0.00e+00	0.00e+00	0.00e+00	0.00e+00	0.00e+00	1.00e+00
run_02_97	1.25e+03	1.00e+01	5.47e+01	1.20e+01	1.39e-29	0.00e+00	0.00e+00	0.00e+00	0.00e+00	0.00e+00	5.00e+01	0.00e+00	0.00e+00	0.00e+00	5.00e+01	0.00e+00	0.00e+00	0.00e+00	0.00e+00	0.00e+00	0.00e+00	0.00e+00	0.00e+00	1.00e+00
run_02_98	1.25e+03	2.00e+01	1.52e+01	1.40e+01	5.59e-29	0.00e+00	0.00e+00	0.00e+00	0.00e+00	0.00e+00	5.00e+01	0.00e+00	0.00e+00	0.00e+00	5.00e+01	0.00e+00	0.00e+00	0.00e+00	0.00e+00	0.00e+00	0.00e+00	0.00e+00	0.00e+00	1.00e+00
run_02_99	1.25e+03	3.00e+01	7.10e+00	1.50e+01	1.26e-28	0.00e+00	0.00e+00	0.00e+00	0.00e+00	0.00e+00	5.00e+01	0.00e+00	0.00e+00	0.00e+00	5.00e+01	0.00e+00	0.00e+00	0.00e+00	0.00e+00	0.00e+00	0.00e+00	0.00e+00	0.00e+00	1.00e+00
run_02_100	1.25e+03	4.00e+01	4.12e+00	1.60e+01	2.25e-28	0.00e+00	0.00e+00	0.00e+00	0.00e+00	0.00e+00	5.00e+01	0.00e+00	0.00e+00	0.00e+00	5.00e+01	0.00e+00	0.00e+00	0.00e+00	0.00e+00	0.00e+00	0.00e+00	0.00e+00	0.00e+00	1.00e+00
run_02_101	1.30e+03	1.00e+01	6.32e+01	1.20e+01	1.19e-29	0.00e+00	0.00e+00	0.00e+00	0.00e+00	0.00e+00	5.00e+01	0.00e+00	0.00e+00	0.00e+00	5.00e+01	0.00e+00	0.00e+00	0.00e+00	0.00e+00	0.00e+00	0.00e+00	0.00e+00	0.00e+00	1.00e+00
run_02_102	1.30e+03	2.00e+01	1.76e+01	1.40e+01	4.78e-29	0.00e+00	0.00e+00	0.00e+00	0.00e+00	0.00e+00	5.00e+01	0.00e+00	0.00e+00	0.00e+00	5.00e+01	0.00e+00	0.00e+00	0.00e+00	0.00e+00	0.00e+00	0.00e+00	0.00e+00	0.00e+00	1.00e+00
run_02_103	1.30e+03	3.00e+01	8.23e+00	1.50e+01	1.08e-28	0.00e+00	0.00e+00	0.00e+00	0.00e+00	0.00e+00	5.00e+01	0.00e+00	0.00e+00	0.00e+00	5.00e+01	0.00e+00	0.00e+00	0.00e+00	0.00e+00	0.00e+00	0.00e+00	0.00e+00	0.00e+00	1.00e+00
run_02_104	1.30e+03	4.00e+01	4.78e+00	1.60e+01	1.92e-28	0.00e+00	0.00e+00	0.00e+00	0.00e+00	0.00e+00	5.00e+01	0.00e+00	0.00e+00	0.00e+00	5.00e+01	0.00e+00	0.00e+00	0.00e+00	0.00e+00	0.00e+00	0.00e+00	0.00e+00	0.00e+00	1.00e+00
run_02_105	1.35e+03	1.00e+01	7.27e+01	1.20e+01	1.02e-29	0.00e+00	0.00e+00	0.00e+00	0.00e+00	0.00e+00	5.00e+01	0.00e+00	0.00e+00	0.00e+00	5.00e+01	0.00e+00	0.00e+00	0.00e+00	0.00e+00	0.00e+00	0.00e+00	0.00e+00	0.00e+00	1.00e+00
run_02_106	1.35e+03	2.00e+01	2.02e+01	1.40e+01	4.11e-29	0.00e+00	0.00e+00	0.00e+00	0.00e+00	0.00e+00	5.00e+01	0.00e+00	0.00e+00	0.00e+00	5.00e+01	0.00e+00	0.00e+00	0.00e+00	0.00e+00	0.00e+00	0.00e+00	0.00e+00	0.00e+00	1.00e+00
run_02_107	1.35e+03	3.00e+01	9.48e+00	1.50e+01	9.26e-29	0.00e+00	0.00e+00	0.00e+00	0.00e+00	0.00e+00	5.00e+01	0.00e+00	0.00e+00	0.00e+00	5.00e+01	0.00e+00	0.00e+00	0.00e+00	0.00e+00	0.00e+00	0.00e+00	0.00e+00	0.00e+00	1.00e+00
run_02_108	1.35e+03	4.00e+01	5.51e+00	1.60e+01	1.65e-28	0.00e+00	0.00e+00	0.00e+00	0.00e+00	0.00e+00	5.00e+01	0.00e+00	0.00e+00	0.00e+00	5.00e+01	0.00e+00	0.00e+00	0.00e+00	0.00e+00	0.00e+00	0.00e+00	0.00e+00	0.00e+00	1.00e+00
run_02_109	1.40e+03	1.00e+01	8.32e+01	1.10e+01	8.86e-30	0.00e+00	0.00e+00	0.00e+00	0.00e+00	0.00e+00	5.00e+01	0.00e+00	0.00e+00	0.00e+00	5.00e+01	0.00e+00	0.00e+00	0.00e+00	0.00e+00	0.00e+00	0.00e+00	0.00e+00	0.00e+00	1.00e+00
run_02_110	1.40e+03	2.00e+01	2.32e+01	1.30e+01	3.55e-29	0.00e+00	0.00e+00	0.00e+00	0.00e+00	0.00e+00	5.00e+01	0.00e+00	0.00e+00	0.00e+00	5.00e+01	0.00e+00	0.00e+00	0.00e+00	0.00e+00	0.00e+00	0.00e+00	0.00e+00	0.00e+00	1.00e+00
run_02_111	1.40e+03	3.00e+01	1.09e+01	1.50e+01	8.01e-29	0.00e+00	0.00e+00	0.00e+00	0.00e+00	0.00e+00	5.00e+01	0.00e+00	0.00e+00	0.00e+00	5.00e+01	0.00e+00	0.00e+00	0.00e+00	0.00e+00	0.00e+00	0.00e+00	0.00e+00	0.00e+00	1.00e+00
run_02_112	1.40e+03	4.00e+01	6.33e+00	1.50e+01	1.43e-28	0.00e+00	0.00e+00	0.00e+00	0.00e+00	0.00e+00	5.00e+01	0.00e+00	0.00e+00	0.00e+00	5.00e+01	0.00e+00	0.00e+00	0.00e+00	0.00e+00	0.00e+00	0.00e+00	0.00e+00	0.00e+00	1.00e+00
run_02_113	1.45e+03	1.00e+01	9.47e+01	1.10e+01	7.70e-30	0.00e+00	0.00e+00	0.00e+00	0.00e+00	0.00e+00	5.00e+01	0.00e+00	0.00e+00	0.00e+00	5.00e+01	0.00e+00	0.00e+00	0.00e+00	0.00e+00	0.00e+00	0.00e+00	0.00e+00	0.00e+00	1.00e+00
run_02_114	1.45e+03	2.00e+01	2.64e+01	1.30e+01	3.08e-29	0.00e+00	0.00e+00	0.00e+00	0.00e+00	0.00e+00	5.00e+01	0.00e+00	0.00e+00	0.00e+00	5.00e+01	0.00e+00	0.00e+00	0.00e+00	0.00e+00	0.00e+00	0.00e+00	0.00e+00	0.00e+00	1.00e+00
run_02_115	1.45e+03	3.00e+01	1.24e+01	1.40e+01	6.95e-29	0.00e+00	0.00e+00	0.00e+00	0.00e+00	0.00e+00	5.00e+01	0.00e+00	0.00e+00	0.00e+00	5.00e+01	0.00e+00	0.00e+00	0.00e+00	0.00e+00	0.00e+00	0.00e+00	0.00e+00	0.00e+00	1.00e+00
run_02_116	1.45e+03	4.00e+01	7.22e+00	1.50e+01	1.24e-28	0.00e+00	0.00e+00	0.00e+00	0.00e+00	0.00e+00	5.00e+01	0.00e+00	0.00e+00	0.00e+00	5.00e+01	0.00e+00	0.00e+00	0.00e+00	0.00e+00	0.00e+00	0.00e+00	0.00e+00	0.00e+00	1.00e+00
run_02_117	1.50e+03	1.00e+01	1.07e+02	1.10e+01	6.73e-30	0.00e+00	0.00e+00	0.00e+00	0.00e+00	0.00e+00	5.00e+01	0.00e+00	0.00e+00	0.00e+00	5.00e+01	0.00e+00	0.00e+00	0.00e+00	0.00e+00	0.00e+00	0.00e+00	0.00e+00	0.00e+00	1.00e+00
run_02_118	1.50e+03	2.00e+01	3.00e+01	1.30e+01	2.69e-29	0.00e+00	0.00e+00	0.00e+00	0.00e+00	0.00e+00	5.00e+01	0.00e+00	0.00e+00	0.00e+00	5.00e+01	0.00e+00	0.00e+00	0.00e+00	0.00e+00	0.00e+00	0.00e+00	0.00e+00	0.00e+00	1.00e+00
run_02_119	1.50e+03	3.00e+01	1.41e+01	1.40e+01	6.07e-29	0.00e+00	0.00e+00	0.00e+00	0.00e+00	0.00e+00	5.00e+01	0.00e+00	0.00e+00	0.00e+00	5.00e+01	0.00e+00	0.00e+00	0.00e+00	0.00e+00	0.00e+00	0.00e+00	0.00e+00	0.00e+00	1.00e+00
run_02_120	1.50e+03	4.00e+01	8.21e+00	1.50e+01	1.08e-28	0.00e+00	0.00e+00	0.00e+00	0.00e+00	0.00e+00	5.00e+01	0.00e+00	0.00e+00	0.00e+00	5.00e+01	0.00e+00	0.00e+00	0.00e+00	0.00e+00	0.00e+00	0.00e+00	0.00e+00	0.00e+00	1.00e+00
run_02_121	1.55e+03	1.00e+01	1.21e+02	1.10e+01	5.90e-30	0.00e+00	0.00e+00	0.00e+00	0.00e+00	0.00e+00	5.00e+01	0.00e+00	0.00e+00	0.00e+00	5.00e+01	0.00e+00	0.00e+00	0.00e+00	0.00e+00	0.00e+00	0.00e+00	0.00e+00	0.00e+00	1.00e+00
run_02_122	1.55e+03	2.00e+01	3.39e+01	1.30e+01	2.36e-29	0.00e+00	0.00e+00	0.00e+00	0.00e+00	0.00e+00	5.00e+01	0.00e+00	0.00e+00	0.00e+00	5.00e+01	0.00e+00	0.00e+00	0.00e+00	0.00e+00	0.00e+00	0.00e+00	0.00e+00	0.00e+00	1.00e+00
run_02_123	1.55e+03	3.00e+01	1.59e+01	1.40e+01	5.32e-29	0.00e+00	0.00e+00	0.00e+00	0.00e+00	0.00e+00	5.00e+01	0.00e+00	0.00e+00	0.00e+00	5.00e+01	0.00e+00	0.00e+00	0.00e+00	0.00e+00	0.00e+00	0.00e+00	0.00e+00	0.00e+00	1.00e+00
run_02_124	1.55e+03	4.00e+01	9.29e+00	1.50e+01	9.49e-29	0.00e+00	0.00e+00	0.00e+00	0.00e+00	0.00e+00	5.00e+01	0.00e+00	0.00e+00	0.00e+00	5.00e+01	0.00e+00	0.00e+00	0.00e+00	0.00e+00	0.00e+00	0.00e+00	0.00e+00	0.00e+00	1.00e+00
run_02_125	1.60e+03	1.00e+01	1.36e+02	1.10e+01	5.20e-30	0.00e+00	0.00e+00	0.00e+00	0.00e+00	0.00e+00	5.00e+01	0.00e+00	0.00e+00	0.00e+00	5.00e+01	0.00e+00	0.00e+00	0.00e+00	0.00e+00	0.00e+00	0.00e+00	0.00e+00	0.00e+00	1.00e+00
run_02_126	1.60e+03	2.00e+01	3.82e+01	1.30e+01	2.08e-29	0.00e+00	0.00e+00	0.00e+00	0.00e+00	0.00e+00	5.00e+01	0.00e+00	0.00e+00	0.00e+00	5.00e+01	0.00e+00	0.00e+00	0.00e+00	0.00e+00	0.00e+00	0.00e+00	0.00e+00	0.00e+00	1.00e+00
run_02_127	1.60e+03	3.00e+01	1.80e+01	1.40e+01	4.69e-29	0.00e+00	0.00e+00	0.00e+00	0.00e+00	0.00e+00	5.00e+01	0.00e+00	0.00e+00	0.00e+00	5.00e+01	0.00e+00	0.00e+00	0.00e+00	0.00e+00	0.00e+00	0.00e+00	0.00e+00	0.00e+00	1.00e+00
run_02_128	1.60e+03	4.00e+01	1.05e+01	1.50e+01	8.35e-29	0.00e+00	0.00e+00	0.00e+00	0.00e+00	0.00e+00	5.00e+01	0.00e+00	0.00e+00	0.00e+00	5.00e+01	0.00e+00	0.00e+00	0.00e+00	0.00e+00	0.00e+00	0.00e+00	0.00e+00	0.00e+00	1.00e+00
run_02_129	1.65e+03	1.00e+01	1.53e+02	1.10e+01	4.59e-30	0.00e+00	0.00e+00	0.00e+00	0.00e+00	0.00e+00	5.00e+01	0.00e+00	0.00e+00	0.00e+00	5.00e+01	0.00e+00	0.00e+00	0.00e+00	0.00e+00	0.00e+00	0.00e+00	0.00e+00	0.00e+00	1.00e+00
run_02_130	1.65e+03	2.00e+01	4.28e+01	1.30e+01	1.84e-29	0.00e+00	0.00e+00	0.00e+00	0.00e+00	0.00e+00	5.00e+01	0.00e+00	0.00e+00	0.00e+00	5.00e+01	0.00e+00	0.00e+00	0.00e+00	0.00e+00	0.00e+00	0.00e+00	0.00e+00	0.00e+00	1.00e+00
run_02_131	1.65e+03	3.00e+01	2.02e+01	1.40e+01	4.14e-29	0.00e+00	0.00e+00	0.00e+00	0.00e+00	0.00e+00	5.00e+01	0.00e+00	0.00e+00	0.00e+00	5.00e+01	0.00e+00	0.00e+00	0.00e+00	0.00e+00	0.00e+00	0.00e+00	0.00e+00	0.00e+00	1.00e+00
run_02_132	1.65e+03	4.00e+01	1.18e+01	1.50e+01	7.38e-29	0.00e+00	0.00e+00	0.00e+00	0.00e+00	0.00e+00	5.00e+01	0.00e+00	0.00e+00	0.00e+00	5.00e+01	0.00e+00	0.00e+00	0.00e+00	0.00e+00	0.00e+00	0.00e+00	0.00e+00	0.00e+00	1.00e+00
run_02_133	1.70e+03	1.00e+01	1.70e+02	1.10e+01	4.08e-30	0.00e+00	0.00e+00	0.00e+00	0.00e+00	0.00e+00	5.00e+01	0.00e+00	0.00e+00	0.00e+00	5.00e+01	0.00e+00	0.00e+00	0.00e+00	0.00e+00	0.00e+00	0.00e+00	0.00e+00	0.00e+00	1.00e+00
run_02_134	1.70e+03	2.00e+01	4.79e+01	1.30e+01	1.63e-29	0.00e+00	0.00e+00	0.00e+00	0.00e+00	0.00e+00	5.00e+01	0.00e+00	0.00e+00	0.00e+00	5.00e+01	0.00e+00	0.00e+00	0.00e+00	0.00e+00	0.00e+00	0.00e+00	0.00e+00	0.00e+00	1.00e+00
run_02_135	1.70e+03	3.00e+01	2.25e+01	1.40e+01	3.68e-29	0.00e+00	0.00e+00	0.00e+00	0.00e+00	0.00e+00	5.00e+01	0.00e+00	0.00e+00	0.00e+00	5.00e+01	0.00e+00	0.00e+00	0.00e+00	0.00e+00	0.00e+00	0.00e+00	0.00e+00	0.00e+00	1.00e+00
run_02_136	1.70e+03	4.00e+01	1.32e+01	1.50e+01	6.55e-29	0.00e+00	0.00e+00	0.00e+00	0.00e+00	0.00e+00	5.00e+01	0.00e+00	0.00e+00	0.00e+00	5.00e+01	0.00e+00	0.00e+00	0.00e+00	0.00e+00	0.00e+00	0.00e+00	0.00e+00	0.00e+00	1.00e+00
run_02_137	1.75e+03	1.00e+01	1.90e+02	1.10e+01	3.63e-30	0.00e+00	0.00e+00	0.00e+00	0.00e+00	0.00e+00	5.00e+01	0.00e+00	0.00e+00	0.00e+00	5.00e+01	0.00e+00	0.00e+00	0.00e+00	0.00e+00	0.00e+00	0.00e+00	0.00e+00	0.00e+00	1.00e+00
run_02_138	1.75e+03	2.00e+01	5.33e+01	1.30e+01	1.45e-29	0.00e+00	0.00e+00	0.00e+00	0.00e+00	0.00e+00	5.00e+01	0.00e+00	0.00e+00	0.00e+00	5.00e+01	0.00e+00	0.00e+00	0.00e+00	0.00e+00	0.00e+00	0.00e+00	0.00e+00	0.00e+00	1.00e+00
run_02_139	1.75e+03	3.00e+01	2.51e+01	1.40e+01	3.27e-29	0.00e+00	0.00e+00	0.00e+00	0.00e+00	0.00e+00	5.00e+01	0.00e+00	0.00e+00	0.00e+00	5.00e+01	0.00e+00	0.00e+00	0.00e+00	0.00e+00	0.00e+00	0.00e+00	0.00e+00	0.00e+00	1.00e+00
run_02_140	1.75e+03	4.00e+01	1.47e+01	1.50e+01	5.83e-29	0.00e+00	0.00e+00	0.00e+00	0.00e+00	0.00e+00	5.00e+01	0.00e+00	0.00e+00	0.00e+00	5.00e+01	0.00e+00	0.00e+00	0.00e+00	0.00e+00	0.00e+00	0.00e+00	0.00e+00	0.00e+00	1.00e+00
run_02_141	1.80e+03	1.00e+01	2.10e+02	1.00e+01	3.25e-30	0.00e+00	0.00e+00	0.00e+00	0.00e+00	0.00e+00	5.00e+01	0.00e+00	0.00e+00	0.00e+00	5.00e+01	0.00e+00	0.00e+00	0.00e+00	0.00e+00	0.00e+00	0.00e+00	0.00e+00	0.00e+00	1.00e+00
run_02_142	1.80e+03	2.00e+01	5.92e+01	1.20e+01	1.30e-29	0.00e+00	0.00e+00	0.00e+00	0.00e+00	0.00e+00	5.00e+01	0.00e+00	0.00e+00	0.00e+00	5.00e+01	0.00e+00	0.00e+00	0.00e+00	0.00e+00	0.00e+00	0.00e+00	0.00e+00	0.00e+00	1.00e+00
run_02_143	1.80e+03	3.00e+01	2.79e+01	1.40e+01	2.92e-29	0.00e+00	0.00e+00	0.00e+00	0.00e+00	0.00e+00	5.00e+01	0.00e+00	0.00e+00	0.00e+00	5.00e+01	0.00e+00	0.00e+00	0.00e+00	0.00e+00	0.00e+00	0.00e+00	0.00e+00	0.00e+00	1.00e+00
run_02_144	1.80e+03	4.00e+01	1.63e+01	1.40e+01	5.21e-29	0.00e+00	0.00e+00	0.00e+00	0.00e+00	0.00e+00	5.00e+01	0.00e+00	0.00e+00	0.00e+00	5.00e+01	0.00e+00	0.00e+00	0.00e+00	0.00e+00	0.00e+00	0.00e+00	0.00e+00	0.00e+00	1.00e+00
run_02_145	1.85e+03	1.00e+01	2.33e+02	1.00e+01	2.91e-30	0.00e+00	0.00e+00	0.00e+00	0.00e+00	0.00e+00	5.00e+01	0.00e+00	0.00e+00	0.00e+00	5.00e+01	0.00e+00	0.00e+00	0.00e+00	0.00e+00	0.00e+00	0.00e+00	0.00e+00	0.00e+00	1.00e+00
run_02_146	1.85e+03	2.00e+01	6.56e+01	1.20e+01	1.16e-29	0.00e+00	0.00e+00	0.00e+00	0.00e+00	0.00e+00	5.00e+01	0.00e+00	0.00e+00	0.00e+00	5.00e+01	0.00e+00	0.00e+00	0.00e+00	0.00e+00	0.00e+00	0.00e+00	0.00e+00	0.00e+00	1.00e+00
run_02_147	1.85e+03	3.00e+01	3.09e+01	1.30e+01	2.62e-29	0.00e+00	0.00e+00	0.00e+00	0.00e+00	0.00e+00	5.00e+01	0.00e+00	0.00e+00	0.00e+00	5.00e+01	0.00e+00	0.00e+00	0.00e+00	0.00e+00	0.00e+00	0.00e+00	0.00e+00	0.00e+00	1.00e+00
run_02_148	1.85e+03	4.00e+01	1.81e+01	1.40e+01	4.67e-29	0.00e+00	0.00e+00	0.00e+00	0.00e+00	0.00e+00	5.00e+01	0.00e+00	0.00e+00	0.00e+00	5.00e+01	0.00e+00	0.00e+00	0.00e+00	0.00e+00	0.00e+00	0.00e+00	0.00e+00	0.00e+00	1.00e+00
run_02_149	1.90e+03	1.00e+01	2.57e+02	1.00e+01	2.62e-30	0.00e+00	0.00e+00	0.00e+00	0.00e+00	0.00e+00	5.00e+01	0.00e+00	0.00e+00	0.00e+00	5.00e+01	0.00e+00	0.00e+00	0.00e+00	0.00e+00	0.00e+00	0.00e+00	0.00e+00	0.00e+00	1.00e+00
run_02_150	1.90e+03	2.00e+01	7.24e+01	1.20e+01	1.05e-29	0.00e+00	0.00e+00	0.00e+00	0.00e+00	0.00e+00	5.00e+01	0.00e+00	0.00e+00	0.00e+00	5.00e+01	0.00e+00	0.00e+00	0.00e+00	0.00e+00	0.00e+00	0.00e+00	0.00e+00	0.00e+00	1.00e+00
run_02_151	1.90e+03	3.00e+01	3.42e+01	1.30e+01	2.35e-29	0.00e+00	0.00e+00	0.00e+00	0.00e+00	0.00e+00	5.00e+01	0.00e+00	0.00e+00	0.00e+00	5.00e+01	0.00e+00	0.00e+00	0.00e+00	0.00e+00	0.00e+00	0.00e+00	0.00e+00	0.00e+00	1.00e+00
run_02_152	1.90e+03	4.00e+01	2.00e+01	1.40e+01	4.19e-29	0.00e+00	0.00e+00	0.00e+00	0.00e+00	0.00e+00	5.00e+01	0.00e+00	0.00e+00	0.00e+00	5.00e+01	0.00e+00	0.00e+00	0.00e+00	0.00e+00	0.00e+00	0.00e+00	0.00e+00	0.00e+00	1.00e+00
run_02_153	1.95e+03	1.00e+01	2.82e+02	1.00e+01	2.36e-30	0.00e+00	0.00e+00	0.00e+00	0.00e+00	0.00e+00	5.00e+01	0.00e+00	0.00e+00	0.00e+00	5.00e+01	0.00e+00	0.00e+00	0.00e+00	0.00e+00	0.00e+00	0.00e+00	0.00e+00	0.00e+00	1.00e+00
run_02_154	1.95e+03	2.00e+01	7.98e+01	1.20e+01	9.42e-30	0.00e+00	0.00e+00	0.00e+00	0.00e+00	0.00e+00	5.00e+01	0.00e+00	0.00e+00	0.00e+00	5.00e+01	0.00e+00	0.00e+00	0.00e+00	0.00e+00	0.00e+00	0.00e+00	0.00e+00	0.00e+00	1.00e+00
run_02_155	1.95e+03	3.00e+01	3.77e+01	1.30e+01	2.12e-29	0.00e+00	0.00e+00	0.00e+00	0.00e+00	0.00e+00	5.00e+01	0.00e+00	0.00e+00	0.00e+00	5.00e+01	0.00e+00	0.00e+00	0.00e+00	0.00e+00	0.00e+00	0.00e+00	0.00e+00	0.00e+00	1.00e+00
run_02_156	1.95e+03	4.00e+01	2.20e+01	1.40e+01	3.78e-29	0.00e+00	0.00e+00	0.00e+00	0.00e+00	0.00e+00	5.00e+01	0.00e+00	0.00e+00	0.00e+00	5.00e+01	0.00e+00	0.00e+00	0.00e+00	0.00e+00	0.00e+00	0.00e+00	0.00e+00	0.00e+00	1.00e+00
run_02_157	2.00e+03	1.00e+01	3.10e+02	1.00e+01	2.13e-30	0.00e+00	0.00e+00	0.00e+00	0.00e+00	0.00e+00	5.00e+01	0.00e+00	0.00e+00	0.00e+00	5.00e+01	0.00e+00	0.00e+00	0.00e+00	0.00e+00	0.00e+00	0.00e+00	0.00e+00	0.00e+00	1.00e+00
run_02_158	2.00e+03	2.00e+01	8.76e+01	1.20e+01	8.51e-30	0.00e+00	0.00e+00	0.00e+00	0.00e+00	0.00e+00	5.00e+01	0.00e+00	0.00e+00	0.00e+00	5.00e+01	0.00e+00	0.00e+00	0.00e+00	0.00e+00	0.00e+00	0.00e+00	0.00e+00	0.00e+00	1.00e+00
run_02_159	2.00e+03	3.00e+01	4.14e+01	1.30e+01	1.92e-29	0.00e+00	0.00e+00	0.00e+00	0.00e+00	0.00e+00	5.00e+01	0.00e+00	0.00e+00	0.00e+00	5.00e+01	0.00e+00	0.00e+00	0.00e+00	0.00e+00	0.00e+00	0.00e+00	0.00e+00	0.00e+00	1.00e+00
run_02_160	2.00e+03	4.00e+01	2.42e+01	1.40e+01	3.41e-29	0.00e+00	0.00e+00	0.00e+00	0.00e+00	0.00e+00	5.00e+01	0.00e+00	0.00e+00	0.00e+00	5.00e+01	0.00e+00	0.00e+00	0.00e+00	0.00e+00	0.00e+00	0.00e+00	0.00e+00	0.00e+00	1.00e+00
run_02_161	2.05e+03	1.00e+01	3.39e+02	1.00e+01	1.93e-30	0.00e+00	0.00e+00	0.00e+00	0.00e+00	0.00e+00	5.00e+01	0.00e+00	0.00e+00	0.00e+00	5.00e+01	0.00e+00	0.00e+00	0.00e+00	0.00e+00	0.00e+00	0.00e+00	0.00e+00	0.00e+00	1.00e+00
run_02_162	2.05e+03	2.00e+01	9.61e+01	1.20e+01	7.71e-30	0.00e+00	0.00e+00	0.00e+00	0.00e+00	0.00e+00	5.00e+01	0.00e+00	0.00e+00	0.00e+00	5.00e+01	0.00e+00	0.00e+00	0.00e+00	0.00e+00	0.00e+00	0.00e+00	0.00e+00	0.00e+00	1.00e+00
run_02_163	2.05e+03	3.00e+01	4.54e+01	1.30e+01	1.74e-29	0.00e+00	0.00e+00	0.00e+00	0.00e+00	0.00e+00	5.00e+01	0.00e+00	0.00e+00	0.00e+00	5.00e+01	0.00e+00	0.00e+00	0.00e+00	0.00e+00	0.00e+00	0.00e+00	0.00e+00	0.00e+00	1.00e+00
run_02_164	2.05e+03	4.00e+01	2.66e+01	1.40e+01	3.09e-29	0.00e+00	0.00e+00	0.00e+00	0.00e+00	0.00e+00	5.00e+01	0.00e+00	0.00e+00	0.00e+00	5.00e+01	0.00e+00	0.00e+00	0.00e+00	0.00e+00	0.00e+00	0.00e+00	0.00e+00	0.00e+00	1.00e+00
run_02_165	2.10e+03	1.00e+01	3.71e+02	1.00e+01	1.75e-30	0.00e+00	0.00e+00	0.00e+00	0.00e+00	0.00e+00	5.00e+01	0.00e+00	0.00e+00	0.00e+00	5.00e+01	0.00e+00	0.00e+00	0.00e+00	0.00e+00	0.00e+00	0.00e+00	0.00e+00	0.00e+00	1.00e+00
run_02_166	2.10e+03	2.00e+01	1.05e+02	1.20e+01	7.00e-30	0.00e+00	0.00e+00	0.00e+00	0.00e+00	0.00e+00	5.00e+01	0.00e+00	0.00e+00	0.00e+00	5.00e+01	0.00e+00	0.00e+00	0.00e+00	0.00e+00	0.00e+00	0.00e+00	0.00e+00	0.00e+00	1.00e+00
run_02_167	2.10e+03	3.00e+01	4.97e+01	1.30e+01	1.58e-29	0.00e+00	0.00e+00	0.00e+00	0.00e+00	0.00e+00	5.00e+01	0.00e+00	0.00e+00	0.00e+00	5.00e+01	0.00e+00	0.00e+00	0.00e+00	0.00e+00	0.00e+00	0.00e+00	0.00e+00	0.00e+00	1.00e+00
run_02_168	2.10e+03	4.00e+01	2.91e+01	1.40e+01	2.81e-29	0.00e+00	0.00e+00	0.00e+00	0.00e+00	0.00e+00	5.00e+01	0.00e+00	0.00e+00	0.00e+00	5.00e+01	0.00e+00	0.00e+00	0.00e+00	0.00e+00	0.00e+00	0.00e+00	0.00e+00	0.00e+00	1.00e+00
run_02_169	2.15e+03	1.00e+01	4.04e+02	1.00e+01	1.59e-30	0.00e+00	0.00e+00	0.00e+00	0.00e+00	0.00e+00	5.00e+01	0.00e+00	0.00e+00	0.00e+00	5.00e+01	0.00e+00	0.00e+00	0.00e+00	0.00e+00	0.00e+00	0.00e+00	0.00e+00	0.00e+00	1.00e+00
run_02_170	2.15e+03	2.00e+01	1.15e+02	1.20e+01	6.37e-30	0.00e+00	0.00e+00	0.00e+00	0.00e+00	0.00e+00	5.00e+01	0.00e+00	0.00e+00	0.00e+00	5.00e+01	0.00e+00	0.00e+00	0.00e+00	0.00e+00	0.00e+00	0.00e+00	0.00e+00	0.00e+00	1.00e+00
run_02_171	2.15e+03	3.00e+01	5.43e+01	1.30e+01	1.44e-29	0.00e+00	0.00e+00	0.00e+00	0.00e+00	0.00e+00	5.00e+01	0.00e+00	0.00e+00	0.00e+00	5.00e+01	0.00e+00	0.00e+00	0.00e+00	0.00e+00	0.00e+00	0.00e+00	0.00e+00	0.00e+00	1.00e+00
run_02_172	2.15e+03	4.00e+01	3.18e+01	1.40e+01	2.56e-29	0.00e+00	0.00e+00	0.00e+00	0.00e+00	0.00e+00	5.00e+01	0.00e+00	0.00e+00	0.00e+00	5.00e+01	0.00e+00	0.00e+00	0.00e+00	0.00e+00	0.00e+00	0.00e+00	0.00e+00	0.00e+00	1.00e+00
run_02_173	2.20e+03	1.00e+01	4.40e+02	1.00e+01	1.45e-30	0.00e+00	0.00e+00	0.00e+00	0.00e+00	0.00e+00	5.00e+01	0.00e+00	0.00e+00	0.00e+00	5.00e+01	0.00e+00	0.00e+00	0.00e+00	0.00e+00	0.00e+00	0.00e+00	0.00e+00	0.00e+00	1.00e+00
run_02_174	2.20e+03	2.00e+01	1.25e+02	1.20e+01	5.81e-30	0.00e+00	0.00e+00	0.00e+00	0.00e+00	0.00e+00	5.00e+01	0.00e+00	0.00e+00	0.00e+00	5.00e+01	0.00e+00	0.00e+00	0.00e+00	0.00e+00	0.00e+00	0.00e+00	0.00e+00	0.00e+00	1.00e+00
run_02_175	2.20e+03	3.00e+01	5.91e+01	1.30e+01	1.31e-29	0.00e+00	0.00e+00	0.00e+00	0.00e+00	0.00e+00	5.00e+01	0.00e+00	0.00e+00	0.00e+00	5.00e+01	0.00e+00	0.00e+00	0.00e+00	0.00e+00	0.00e+00	0.00e+00	0.00e+00	0.00e+00	1.00e+00
run_02_176	2.20e+03	4.00e+01	3.46e+01	1.40e+01	2.33e-29	0.00e+00	0.00e+00	0.00e+00	0.00e+00	0.00e+00	5.00e+01	0.00e+00	0.00e+00	0.00e+00	5.00e+01	0.00e+00	0.00e+00	0.00e+00	0.00e+00	0.00e+00	0.00e+00	0.00e+00	0.00e+00	1.00e+00
run_02_177	2.25e+03	1.00e+01	4.77e+02	1.00e+01	1.33e-30	0.00e+00	0.00e+00	0.00e+00	0.00e+00	0.00e+00	5.00e+01	0.00e+00	0.00e+00	0.00e+00	5.00e+01	0.00e+00	0.00e+00	0.00e+00	0.00e+00	0.00e+00	0.00e+00	0.00e+00	0.00e+00	1.00e+00
run_02_178	2.25e+03	2.00e+01	1.36e+02	1.20e+01	5.31e-30	0.00e+00	0.00e+00	0.00e+00	0.00e+00	0.00e+00	5.00e+01	0.00e+00	0.00e+00	0.00e+00	5.00e+01	0.00e+00	0.00e+00	0.00e+00	0.00e+00	0.00e+00	0.00e+00	0.00e+00	0.00e+00	1.00e+00
run_02_179	2.25e+03	3.00e+01	6.43e+01	1.30e+01	1.20e-29	0.00e+00	0.00e+00	0.00e+00	0.00e+00	0.00e+00	5.00e+01	0.00e+00	0.00e+00	0.00e+00	5.00e+01	0.00e+00	0.00e+00	0.00e+00	0.00e+00	0.00e+00	0.00e+00	0.00e+00	0.00e+00	1.00e+00
run_02_180	2.25e+03	4.00e+01	3.77e+01	1.40e+01	2.13e-29	0.00e+00	0.00e+00	0.00e+00	0.00e+00	0.00e+00	5.00e+01	0.00e+00	0.00e+00	0.00e+00	5.00e+01	0.00e+00	0.00e+00	0.00e+00	0.00e+00	0.00e+00	0.00e+00	0.00e+00	0.00e+00	1.00e+00
run_02_181	2.30e+03	1.00e+01	5.17e+02	9.00e+00	1.22e-30	0.00e+00	0.00e+00	0.00e+00	0.00e+00	0.00e+00	5.00e+01	0.00e+00	0.00e+00	0.00e+00	5.00e+01	0.00e+00	0.00e+00	0.00e+00	0.00e+00	0.00e+00	0.00e+00	0.00e+00	0.00e+00	1.00e+00
run_02_182	2.30e+03	2.00e+01	1.47e+02	1.10e+01	4.87e-30	0.00e+00	0.00e+00	0.00e+00	0.00e+00	0.00e+00	5.00e+01	0.00e+00	0.00e+00	0.00e+00	5.00e+01	0.00e+00	0.00e+00	0.00e+00	0.00e+00	0.00e+00	0.00e+00	0.00e+00	0.00e+00	1.00e+00
run_02_183	2.30e+03	3.00e+01	6.98e+01	1.30e+01	1.10e-29	0.00e+00	0.00e+00	0.00e+00	0.00e+00	0.00e+00	5.00e+01	0.00e+00	0.00e+00	0.00e+00	5.00e+01	0.00e+00	0.00e+00	0.00e+00	0.00e+00	0.00e+00	0.00e+00	0.00e+00	0.00e+00	1.00e+00
run_02_184	2.30e+03	4.00e+01	4.09e+01	1.30e+01	1.95e-29	0.00e+00	0.00e+00	0.00e+00	0.00e+00	0.00e+00	5.00e+01	0.00e+00	0.00e+00	0.00e+00	5.00e+01	0.00e+00	0.00e+00	0.00e+00	0.00e+00	0.00e+00	0.00e+00	0.00e+00	0.00e+00	1.00e+00
run_02_185	2.35e+03	1.00e+01	5.60e+02	9.00e+00	1.12e-30	0.00e+00	0.00e+00	0.00e+00	0.00e+00	0.00e+00	5.00e+01	0.00e+00	0.00e+00	0.00e+00	5.00e+01	0.00e+00	0.00e+00	0.00e+00	0.00e+00	0.00e+00	0.00e+00	0.00e+00	0.00e+00	1.00e+00
run_02_186	2.35e+03	2.00e+01	1.59e+02	1.10e+01	4.47e-30	0.00e+00	0.00e+00	0.00e+00	0.00e+00	0.00e+00	5.00e+01	0.00e+00	0.00e+00	0.00e+00	5.00e+01	0.00e+00	0.00e+00	0.00e+00	0.00e+00	0.00e+00	0.00e+00	0.00e+00	0.00e+00	1.00e+00
run_02_187	2.35e+03	3.00e+01	7.56e+01	1.30e+01	1.01e-29	0.00e+00	0.00e+00	0.00e+00	0.00e+00	0.00e+00	5.00e+01	0.00e+00	0.00e+00	0.00e+00	5.00e+01	0.00e+00	0.00e+00	0.00e+00	0.00e+00	0.00e+00	0.00e+00	0.00e+00	0.00e+00	1.00e+00
run_02_188	2.35e+03	4.00e+01	4.44e+01	1.30e+01	1.79e-29	0.00e+00	0.00e+00	0.00e+00	0.00e+00	0.00e+00	5.00e+01	0.00e+00	0.00e+00	0.00e+00	5.00e+01	0.00e+00	0.00e+00	0.00e+00	0.00e+00	0.00e+00	0.00e+00	0.00e+00	0.00e+00	1.00e+00
run_02_189	2.40e+03	1.00e+01	6.04e+02	9.00e+00	1.03e-30	0.00e+00	0.00e+00	0.00e+00	0.00e+00	0.00e+00	5.00e+01	0.00e+00	0.00e+00	0.00e+00	5.00e+01	0.00e+00	0.00e+00	0.00e+00	0.00e+00	0.00e+00	0.00e+00	0.00e+00	0.00e+00	1.00e+00
run_02_190	2.40e+03	2.00e+01	1.72e+02	1.10e+01	4.11e-30	0.00e+00	0.00e+00	0.00e+00	0.00e+00	0.00e+00	5.00e+01	0.00e+00	0.00e+00	0.00e+00	5.00e+01	0.00e+00	0.00e+00	0.00e+00	0.00e+00	0.00e+00	0.00e+00	0.00e+00	0.00e+00	1.00e+00
run_02_191	2.40e+03	3.00e+01	8.18e+01	1.20e+01	9.24e-30	0.00e+00	0.00e+00	0.00e+00	0.00e+00	0.00e+00	5.00e+01	0.00e+00	0.00e+00	0.00e+00	5.00e+01	0.00e+00	0.00e+00	0.00e+00	0.00e+00	0.00e+00	0.00e+00	0.00e+00	0.00e+00	1.00e+00
run_02_192	2.40e+03	4.00e+01	4.80e+01	1.30e+01	1.64e-29	0.00e+00	0.00e+00	0.00e+00	0.00e+00	0.00e+00	5.00e+01	0.00e+00	0.00e+00	0.00e+00	5.00e+01	0.00e+00	0.00e+00	0.00e+00	0.00e+00	0.00e+00	0.00e+00	0.00e+00	0.00e+00	1.00e+00
run_02_193	2.45e+03	1.00e+01	6.52e+02	9.00e+00	9.48e-31	0.00e+00	0.00e+00	0.00e+00	0.00e+00	0.00e+00	5.00e+01	0.00e+00	0.00e+00	0.00e+00	5.00e+01	0.00e+00	0.00e+00	0.00e+00	0.00e+00	0.00e+00	0.00e+00	0.00e+00	0.00e+00	1.00e+00
run_02_194	2.45e+03	2.00e+01	1.86e+02	1.10e+01	3.78e-30	0.00e+00	0.00e+00	0.00e+00	0.00e+00	0.00e+00	5.00e+01	0.00e+00	0.00e+00	0.00e+00	5.00e+01	0.00e+00	0.00e+00	0.00e+00	0.00e+00	0.00e+00	0.00e+00	0.00e+00	0.00e+00	1.00e+00
run_02_195	2.45e+03	3.00e+01	8.83e+01	1.20e+01	8.51e-30	0.00e+00	0.00e+00	0.00e+00	0.00e+00	0.00e+00	5.00e+01	0.00e+00	0.00e+00	0.00e+00	5.00e+01	0.00e+00	0.00e+00	0.00e+00	0.00e+00	0.00e+00	0.00e+00	0.00e+00	0.00e+00	1.00e+00
run_02_196	2.45e+03	4.00e+01	5.18e+01	1.30e+01	1.51e-29	0.00e+00	0.00e+00	0.00e+00	0.00e+00	0.00e+00	5.00e+01	0.00e+00	0.00e+00	0.00e+00	5.00e+01	0.00e+00	0.00e+00	0.00e+00	0.00e+00	0.00e+00	0.00e+00	0.00e+00	0.00e+00	1.00e+00
run_02_197	2.50e+03	1.00e+01	7.02e+02	9.00e+00	8.74e-31	0.00e+00	0.00e+00	0.00e+00	0.00e+00	0.00e+00	5.00e+01	0.00e+00	0.00e+00	0.00e+00	5.00e+01	0.00e+00	0.00e+00	0.00e+00	0.00e+00	0.00e+00	0.00e+00	0.00e+00	0.00e+00	1.00e+00
run_02_198	2.50e+03	2.00e+01	2.00e+02	1.10e+01	3.49e-30	0.00e+00	0.00e+00	0.00e+00	0.00e+00	0.00e+00	5.00e+01	0.00e+00	0.00e+00	0.00e+00	5.00e+01	0.00e+00	0.00e+00	0.00e+00	0.00e+00	0.00e+00	0.00e+00	0.00e+00	0.00e+00	1.00e+00
run_02_199	2.50e+03	3.00e+01	9.52e+01	1.20e+01	7.85e-30	0.00e+00	0.00e+00	0.00e+00	0.00e+00	0.00e+00	5.00e+01	0.00e+00	0.00e+00	0.00e+00	5.00e+01	0.00e+00	0.00e+00	0.00e+00	0.00e+00	0.00e+00	0.00e+00	0.00e+00	0.00e+00	1.00e+00
run_02_200	2.50e+03	4.00e+01	5.59e+01	1.30e+01	1.40e-29	0.00e+00	0.00e+00	0.00e+00	0.00e+00	0.00e+00	5.00e+01	0.00e+00	0.00e+00	0.00e+00	5.00e+01	0.00e+00	0.00e+00	0.00e+00	0.00e+00	0.00e+00	0.00e+00	0.00e+00	0.00e+00	1.00e+00
run_03_01	5.00e+01	1.00e+00	2.18e-02	1.80e+01	5.47e-26	0.00e+00	0.00e+00	0.00e+00	0.00e+00	0.00e+00	5.00e+01	0.00e+00	0.00e+00	0.00e+00	5.00e+01	0.00e+00	0.00e+00	0.00e+00	0.00e+00	0.00e+00	0.00e+00	0.00e+00	0.00e+00	1.81e-01
run_03_02	1.00e+02	1.00e+00	2.99e-01	1.50e+01	3.41e-27	0.00e+00	0.00e+00	0.00e+00	0.00e+00	0.00e+00	5.00e+01	0.00e+00	0.00e+00	0.00e+00	5.00e+01	0.00e+00	0.00e+00	0.00e+00	0.00e+00	0.00e+00	0.00e+00	0.00e+00	0.00e+00	1.00e+00
run_03_03	1.50e+02	1.00e+00	1.37e+00	1.30e+01	6.73e-28	0.00e+00	0.00e+00	0.00e+00	0.00e+00	0.00e+00	5.00e+01	0.00e+00	0.00e+00	0.00e+00	5.00e+01	0.00e+00	0.00e+00	0.00e+00	0.00e+00	0.00e+00	0.00e+00	0.00e+00	0.00e+00	1.00e+00
run_03_04	2.00e+02	1.00e+00	4.01e+00	1.20e+01	2.13e-28	0.00e+00	0.00e+00	0.00e+00	0.00e+00	0.00e+00	5.00e+01	0.00e+00	0.00e+00	0.00e+00	5.00e+01	0.00e+00	0.00e+00	0.00e+00	0.00e+00	0.00e+00	0.00e+00	0.00e+00	0.00e+00	1.00e+00
run_03_05	2.50e+02	1.00e+00	9.18e+00	1.10e+01	8.72e-29	0.00e+00	0.00e+00	0.00e+00	0.00e+00	0.00e+00	5.00e+01	0.00e+00	0.00e+00	0.00e+00	5.00e+01	0.00e+00	0.00e+00	0.00e+00	0.00e+00	0.00e+00	0.00e+00	0.00e+00	0.00e+00	1.00e+00
run_03_06	3.00e+02	1.00e+00	1.80e+01	1.10e+01	4.20e-29	0.00e+00	0.00e+00	0.00e+00	0.00e+00	0.00e+00	5.00e+01	0.00e+00	0.00e+00	0.00e+00	5.00e+01	0.00e+00	0.00e+00	0.00e+00	0.00e+00	0.00e+00	0.00e+00	0.00e+00	0.00e+00	1.00e+00
run_03_07	3.50e+02	1.00e+00	3.18e+01	1.00e+01	2.27e-29	0.00e+00	0.00e+00	0.00e+00	0.00e+00	0.00e+00	5.00e+01	0.00e+00	0.00e+00	0.00e+00	5.00e+01	0.00e+00	0.00e+00	0.00e+00	0.00e+00	0.00e+00	0.00e+00	0.00e+00	0.00e+00	1.00e+00
run_03_08	4.00e+02	1.00e+00	5.19e+01	1.00e+01	1.33e-29	0.00e+00	0.00e+00	0.00e+00	0.00e+00	0.00e+00	5.00e+01	0.00e+00	0.00e+00	0.00e+00	5.00e+01	0.00e+00	0.00e+00	0.00e+00	0.00e+00	0.00e+00	0.00e+00	0.00e+00	0.00e+00	1.00e+00
run_03_09	4.50e+02	1.00e+00	7.99e+01	9.00e+00	8.33e-30	0.00e+00	0.00e+00	0.00e+00	0.00e+00	0.00e+00	5.00e+01	0.00e+00	0.00e+00	0.00e+00	5.00e+01	0.00e+00	0.00e+00	0.00e+00	0.00e+00	0.00e+00	0.00e+00	0.00e+00	0.00e+00	1.00e+00
run_03_10	5.00e+02	1.00e+00	1.17e+02	9.00e+00	5.46e-30	0.00e+00	0.00e+00	0.00e+00	0.00e+00	0.00e+00	5.00e+01	0.00e+00	0.00e+00	0.00e+00	5.00e+01	0.00e+00	0.00e+00	0.00e+00	0.00e+00	0.00e+00	0.00e+00	0.00e+00	0.00e+00	1.00e+00
run_03_11	5.50e+02	1.00e+00	1.66e+02	8.00e+00	3.74e-30	0.00e+00	0.00e+00	0.00e+00	0.00e+00	0.00e+00	5.00e+01	0.00e+00	0.00e+00	0.00e+00	5.00e+01	0.00e+00	0.00e+00	0.00e+00	0.00e+00	0.00e+00	0.00e+00	0.00e+00	0.00e+00	1.00e+00
run_03_12	6.00e+02	1.00e+00	2.27e+02	8.00e+00	2.64e-30	0.00e+00	0.00e+00	0.00e+00	0.00e+00	0.00e+00	5.00e+01	0.00e+00	0.00e+00	0.00e+00	5.00e+01	0.00e+00	0.00e+00	0.00e+00	0.00e+00	0.00e+00	0.00e+00	0.00e+00	0.00e+00	1.00e+00
run_03_13	6.50e+02	1.00e+00	3.03e+02	8.00e+00	1.92e-30	0.00e+00	0.00e+00	0.00e+00	0.00e+00	0.00e+00	5.00e+01	0.00e+00	0.00e+00	0.00e+00	5.00e+01	0.00e+00	0.00e+00	0.00e+00	0.00e+00	0.00e+00	0.00e+00	0.00e+00	0.00e+00	1.00e+00
run_03_14	7.00e+02	1.00e+00	3.96e+02	7.00e+00	1.43e-30	0.00e+00	0.00e+00	0.00e+00	0.00e+00	0.00e+00	5.00e+01	0.00e+00	0.00e+00	0.00e+00	5.00e+01	0.00e+00	0.00e+00	0.00e+00	0.00e+00	0.00e+00	0.00e+00	0.00e+00	0.00e+00	1.00e+00
run_03_15	7.50e+02	1.00e+00	5.08e+02	7.00e+00	1.09e-30	0.00e+00	0.00e+00	0.00e+00	0.00e+00	0.00e+00	5.00e+01	0.00e+00	0.00e+00	0.00e+00	5.00e+01	0.00e+00	0.00e+00	0.00e+00	0.00e+00	0.00e+00	0.00e+00	0.00e+00	0.00e+00	1.00e+00
run_03_16	8.00e+02	1.00e+00	6.40e+02	7.00e+00	8.41e-31	0.00e+00	0.00e+00	0.00e+00	0.00e+00	0.00e+00	5.00e+01	0.00e+00	0.00e+00	0.00e+00	5.00e+01	0.00e+00	0.00e+00	0.00e+00	0.00e+00	0.00e+00	0.00e+00	0.00e+00	0.00e+00	1.00e+00
run_03_17	8.50e+02	1.00e+00	7.94e+02	7.00e+00	6.60e-31	0.00e+00	0.00e+00	0.00e+00	0.00e+00	0.00e+00	5.00e+01	0.00e+00	0.00e+00	0.00e+00	5.00e+01	0.00e+00	0.00e+00	0.00e+00	0.00e+00	0.00e+00	0.00e+00	0.00e+00	0.00e+00	1.00e+00
run_03_18	9.00e+02	1.00e+00	9.74e+02	6.00e+00	5.31e-31	0.00e+00	0.00e+00	0.00e+00	0.00e+00	0.00e+00	5.00e+01	0.00e+00	0.00e+00	0.00e+00	5.00e+01	0.00e+00	0.00e+00	0.00e+00	0.00e+00	0.00e+00	0.00e+00	0.00e+00	0.00e+00	1.00e+00
run_03_19	9.50e+02	1.00e+00	1.18e+03	6.00e+00	4.27e-31	0.00e+00	0.00e+00	0.00e+00	0.00e+00	0.00e+00	5.00e+01	0.00e+00	0.00e+00	0.00e+00	5.00e+01	0.00e+00	0.00e+00	0.00e+00	0.00e+00	0.00e+00	0.00e+00	0.00e+00	0.00e+00	1.00e+00
run_03_20	1.00e+03	1.00e+00	1.41e+03	6.00e+00	3.48e-31	0.00e+00	0.00e+00	0.00e+00	0.00e+00	0.00e+00	5.00e+01	0.00e+00	0.00e+00	0.00e+00	5.00e+01	0.00e+00	0.00e+00	0.00e+00	0.00e+00	0.00e+00	0.00e+00	0.00e+00	0.00e+00	1.00e+00
run_03_21	1.05e+03	1.00e+00	1.68e+03	6.00e+00	2.86e-31	0.00e+00	0.00e+00	0.00e+00	0.00e+00	0.00e+00	5.00e+01	0.00e+00	0.00e+00	0.00e+00	5.00e+01	0.00e+00	0.00e+00	0.00e+00	0.00e+00	0.00e+00	0.00e+00	0.00e+00	0.00e+00	1.00e+00
run_03_22	1.10e+03	1.00e+00	1.98e+03	6.00e+00	2.38e-31	0.00e+00	0.00e+00	0.00e+00	0.00e+00	0.00e+00	5.00e+01	0.00e+00	0.00e+00	0.00e+00	5.00e+01	0.00e+00	0.00e+00	0.00e+00	0.00e+00	0.00e+00	0.00e+00	0.00e+00	0.00e+00	1.00e+00
run_03_23	1.15e+03	1.00e+00	2.32e+03	6.00e+00	1.99e-31	0.00e+00	0.00e+00	0.00e+00	0.00e+00	0.00e+00	5.00e+01	0.00e+00	0.00e+00	0.00e+00	5.00e+01	0.00e+00	0.00e+00	0.00e+00	0.00e+00	0.00e+00	0.00e+00	0.00e+00	0.00e+00	1.00e+00
run_03_24	1.20e+03	1.00e+00	2.69e+03	5.00e+00	1.71e-31	0.00e+00	0.00e+00	0.00e+00	0.00e+00	0.00e+00	5.00e+01	0.00e+00	0.00e+00	0.00e+00	5.00e+01	0.00e+00	0.00e+00	0.00e+00	0.00e+00	0.00e+00	0.00e+00	0.00e+00	0.00e+00	1.00e+00
run_03_25	1.25e+03	1.00e+00	3.10e+03	5.00e+00	1.45e-31	0.00e+00	0.00e+00	0.00e+00	0.00e+00	0.00e+00	5.00e+01	0.00e+00	0.00e+00	0.00e+00	5.00e+01	0.00e+00	0.00e+00	0.00e+00	0.00e+00	0.00e+00	0.00e+00	0.00e+00	0.00e+00	1.00e+00
run_03_26	1.30e+03	1.00e+00	3.56e+03	5.00e+00	1.24e-31	0.00e+00	0.00e+00	0.00e+00	0.00e+00	0.00e+00	5.00e+01	0.00e+00	0.00e+00	0.00e+00	5.00e+01	0.00e+00	0.00e+00	0.00e+00	0.00e+00	0.00e+00	0.00e+00	0.00e+00	0.00e+00	1.00e+00
run_03_27	1.35e+03	1.00e+00	4.05e+03	5.00e+00	1.07e-31	0.00e+00	0.00e+00	0.00e+00	0.00e+00	0.00e+00	5.00e+01	0.00e+00	0.00e+00	0.00e+00	5.00e+01	0.00e+00	0.00e+00	0.00e+00	0.00e+00	0.00e+00	0.00e+00	0.00e+00	0.00e+00	1.00e+00
run_03_28	1.40e+03	1.00e+00	4.60e+03	5.00e+00	9.24e-32	0.00e+00	0.00e+00	0.00e+00	0.00e+00	0.00e+00	5.00e+01	0.00e+00	0.00e+00	0.00e+00	5.00e+01	0.00e+00	0.00e+00	0.00e+00	0.00e+00	0.00e+00	0.00e+00	0.00e+00	0.00e+00	1.00e+00
run_03_29	1.45e+03	1.00e+00	5.19e+03	5.00e+00	8.03e-32	0.00e+00	0.00e+00	0.00e+00	0.00e+00	0.00e+00	5.00e+01	0.00e+00	0.00e+00	0.00e+00	5.00e+01	0.00e+00	0.00e+00	0.00e+00	0.00e+00	0.00e+00	0.00e+00	0.00e+00	0.00e+00	1.00e+00
run_03_30	1.50e+03	1.00e+00	5.84e+03	5.00e+00	7.01e-32	0.00e+00	0.00e+00	0.00e+00	0.00e+00	0.00e+00	5.00e+01	0.00e+00	0.00e+00	0.00e+00	5.00e+01	0.00e+00	0.00e+00	0.00e+00	0.00e+00	0.00e+00	0.00e+00	0.00e+00	0.00e+00	1.00e+00
run_03_31	1.55e+03	1.00e+00	6.54e+03	4.00e+00	6.39e-32	0.00e+00	0.00e+00	0.00e+00	0.00e+00	0.00e+00	5.00e+01	0.00e+00	0.00e+00	0.00e+00	5.00e+01	0.00e+00	0.00e+00	0.00e+00	0.00e+00	0.00e+00	0.00e+00	0.00e+00	0.00e+00	1.00e+00
run_03_32	1.60e+03	1.00e+00	7.29e+03	4.00e+00	5.63e-32	0.00e+00	0.00e+00	0.00e+00	0.00e+00	0.00e+00	5.00e+01	0.00e+00	0.00e+00	0.00e+00	5.00e+01	0.00e+00	0.00e+00	0.00e+00	0.00e+00	0.00e+00	0.00e+00	0.00e+00	0.00e+00	1.00e+00
run_03_33	1.65e+03	1.00e+00	8.10e+03	4.00e+00	4.97e-32	0.00e+00	0.00e+00	0.00e+00	0.00e+00	0.00e+00	5.00e+01	0.00e+00	0.00e+00	0.00e+00	5.00e+01	0.00e+00	0.00e+00	0.00e+00	0.00e+00	0.00e+00	0.00e+00	0.00e+00	0.00e+00	1.00e+00
run_03_34	1.70e+03	1.00e+00	8.97e+03	4.00e+00	4.41e-32	0.00e+00	0.00e+00	0.00e+00	0.00e+00	0.00e+00	5.00e+01	0.00e+00	0.00e+00	0.00e+00	5.00e+01	0.00e+00	0.00e+00	0.00e+00	0.00e+00	0.00e+00	0.00e+00	0.00e+00	0.00e+00	1.00e+00
run_03_35	1.75e+03	1.00e+00	9.90e+03	4.00e+00	3.93e-32	0.00e+00	0.00e+00	0.00e+00	0.00e+00	0.00e+00	5.00e+01	0.00e+00	0.00e+00	0.00e+00	5.00e+01	0.00e+00	0.00e+00	0.00e+00	0.00e+00	0.00e+00	0.00e+00	0.00e+00	0.00e+00	1.00e+00
run_03_36	1.80e+03	1.00e+00	1.09e+04	4.00e+00	3.51e-32	0.00e+00	0.00e+00	0.00e+00	0.00e+00	0.00e+00	5.00e+01	0.00e+00	0.00e+00	0.00e+00	5.00e+01	0.00e+00	0.00e+00	0.00e+00	0.00e+00	0.00e+00	0.00e+00	0.00e+00	0.00e+00	1.00e+00
run_03_37	1.85e+03	1.00e+00	1.20e+04	4.00e+00	3.15e-32	0.00e+00	0.00e+00	0.00e+00	0.00e+00	0.00e+00	5.00e+01	0.00e+00	0.00e+00	0.00e+00	5.00e+01	0.00e+00	0.00e+00	0.00e+00	0.00e+00	0.00e+00	0.00e+00	0.00e+00	0.00e+00	1.00e+00
run_03_38	1.90e+03	1.00e+00	1.31e+04	4.00e+00	2.83e-32	0.00e+00	0.00e+00	0.00e+00	0.00e+00	0.00e+00	5.00e+01	0.00e+00	0.00e+00	0.00e+00	5.00e+01	0.00e+00	0.00e+00	0.00e+00	0.00e+00	0.00e+00	0.00e+00	0.00e+00	0.00e+00	1.00e+00
run_03_39	1.95e+03	1.00e+00	1.43e+04	4.00e+00	2.55e-32	0.00e+00	0.00e+00	0.00e+00	0.00e+00	0.00e+00	5.00e+01	0.00e+00	0.00e+00	0.00e+00	5.00e+01	0.00e+00	0.00e+00	0.00e+00	0.00e+00	0.00e+00	0.00e+00	0.00e+00	0.00e+00	1.00e+00
run_03_40	2.00e+03	1.00e+00	1.55e+04	3.00e+00	2.51e-32	0.00e+00	0.00e+00	0.00e+00	0.00e+00	0.00e+00	5.00e+01	0.00e+00	0.00e+00	0.00e+00	5.00e+01	0.00e+00	0.00e+00	0.00e+00	0.00e+00	0.00e+00	0.00e+00	0.00e+00	0.00e+00	1.00e+00
run_03_41	2.05e+03	1.00e+00	1.69e+04	3.00e+00	2.27e-32	0.00e+00	0.00e+00	0.00e+00	0.00e+00	0.00e+00	5.00e+01	0.00e+00	0.00e+00	0.00e+00	5.00e+01	0.00e+00	0.00e+00	0.00e+00	0.00e+00	0.00e+00	0.00e+00	0.00e+00	0.00e+00	1.00e+00
run_03_42	2.10e+03	1.00e+00	1.83e+04	3.00e+00	2.06e-32	0.00e+00	0.00e+00	0.00e+00	0.00e+00	0.00e+00	5.00e+01	0.00e+00	0.00e+00	0.00e+00	5.00e+01	0.00e+00	0.00e+00	0.00e+00	0.00e+00	0.00e+00	0.00e+00	0.00e+00	0.00e+00	1.00e+00
run_03_43	2.15e+03	1.00e+00	1.98e+04	3.00e+00	1.88e-32	0.00e+00	0.00e+00	0.00e+00	0.00e+00	0.00e+00	5.00e+01	0.00e+00	0.00e+00	0.00e+00	5.00e+01	0.00e+00	0.00e+00	0.00e+00	0.00e+00	0.00e+00	0.00e+00	0.00e+00	0.00e+00	1.00e+00
run_03_44	2.20e+03	1.00e+00	2.14e+04	3.00e+00	1.71e-32	0.00e+00	0.00e+00	0.00e+00	0.00e+00	0.00e+00	5.00e+01	0.00e+00	0.00e+00	0.00e+00	5.00e+01	0.00e+00	0.00e+00	0.00e+00	0.00e+00	0.00e+00	0.00e+00	0.00e+00	0.00e+00	1.00e+00
run_03_45	2.25e+03	1.00e+00	2.30e+04	3.00e+00	1.57e-32	0.00e+00	0.00e+00	0.00e+00	0.00e+00	0.00e+00	5.00e+01	0.00e+00	0.00e+00	0.00e+00	5.00e+01	0.00e+00	0.00e+00	0.00e+00	0.00e+00	0.00e+00	0.00e+00	0.00e+00	0.00e+00	1.00e+00
run_03_46	2.30e+03	1.00e+00	2.48e+04	3.00e+00	1.43e-32	0.00e+00	0.00e+00	0.00e+00	0.00e+00	0.00e+00	5.00e+01	0.00e+00	0.00e+00	0.00e+00	5.00e+01	0.00e+00	0.00e+00	0.00e+00	0.00e+00	0.00e+00	0.00e+00	0.00e+00	0.00e+00	1.00e+00
run_03_47	2.35e+03	1.00e+00	2.66e+04	3.00e+00	1.32e-32	0.00e+00	0.00e+00	0.00e+00	0.00e+00	0.00e+00	5.00e+01	0.00e+00	0.00e+00	0.00e+00	5.00e+01	0.00e+00	0.00e+00	0.00e+00	0.00e+00	0.00e+00	0.00e+00	0.00e+00	0.00e+00	1.00e+00
run_03_48	2.40e+03	1.00e+00	2.85e+04	3.00e+00	1.21e-32	0.00e+00	0.00e+00	0.00e+00	0.00e+00	0.00e+00	5.00e+01	0.00e+00	0.00e+00	0.00e+00	5.00e+01	0.00e+00	0.00e+00	0.00e+00	0.00e+00	0.00e+00	0.00e+00	0.00e+00	0.00e+00	1.00e+00
run_03_49	2.45e+03	1.00e+00	3.05e+04	3.00e+00	1.11e-32	0.00e+00	0.00e+00	0.00e+00	0.00e+00	0.00e+00	5.00e+01	0.00e+00	0.00e+00	0.00e+00	5.00e+01	0.00e+00	0.00e+00	0.00e+00	0.00e+00	0.00e+00	0.00e+00	0.00e+00	0.00e+00	1.00e+00
run_03_50	2.50e+03	1.00e+00	3.26e+04	3.00e+00	1.03e-32	0.00e+00	0.00e+00	0.00e+00	0.00e+00	0.00e+00	5.00e+01	0.00e+00	0.00e+00	0.00e+00	5.00e+01	0.00e+00	0.00e+00	0.00e+00	0.00e+00	0.00e+00	0.00e+00	0.00e+00	0.00e+00	1.00e+00
